ISO-10303-21;
HEADER;
FILE_DESCRIPTION((''),'2;1');
FILE_NAME('DPC0008A_ASM','2017-03-10T',('a0412025'),(''),
'CREO PARAMETRIC BY PTC INC, 2016050','CREO PARAMETRIC BY PTC INC, 2016050','');
FILE_SCHEMA(('AUTOMOTIVE_DESIGN { 1 0 10303 214 1 1 1 1 }'));
ENDSEC;
DATA;
#28=DIRECTION('',(0.E0,0.E0,1.E0));
#29=VECTOR('',#28,5.5E-1);
#30=CARTESIAN_POINT('',(-1.75E0,0.E0,-2.25E0));
#31=LINE('',#30,#29);
#32=DRAUGHTING_PRE_DEFINED_CURVE_FONT('continuous');
#33=CURVE_STYLE('',#32,POSITIVE_LENGTH_MEASURE(2.E-2),#6);
#34=PRESENTATION_STYLE_ASSIGNMENT((#33));
#35=STYLED_ITEM('',(#34),#31);
#36=DIRECTION('',(1.E0,0.E0,0.E0));
#37=VECTOR('',#36,3.E-1);
#38=CARTESIAN_POINT('',(-1.75E0,0.E0,-1.7E0));
#39=LINE('',#38,#37);
#40=CURVE_STYLE('',#32,POSITIVE_LENGTH_MEASURE(2.E-2),#6);
#41=PRESENTATION_STYLE_ASSIGNMENT((#40));
#42=STYLED_ITEM('',(#41),#39);
#43=CARTESIAN_POINT('',(-1.45E0,0.E0,-1.6E0));
#44=DIRECTION('',(0.E0,-1.E0,0.E0));
#45=DIRECTION('',(0.E0,0.E0,-1.E0));
#46=AXIS2_PLACEMENT_3D('',#43,#44,#45);
#48=CURVE_STYLE('',#32,POSITIVE_LENGTH_MEASURE(2.E-2),#6);
#49=PRESENTATION_STYLE_ASSIGNMENT((#48));
#50=STYLED_ITEM('',(#49),#47);
#51=DIRECTION('',(1.E0,0.E0,0.E0));
#52=VECTOR('',#51,3.E-1);
#53=CARTESIAN_POINT('',(-1.75E0,0.E0,-1.5E0));
#54=LINE('',#53,#52);
#55=CURVE_STYLE('',#32,POSITIVE_LENGTH_MEASURE(2.E-2),#6);
#56=PRESENTATION_STYLE_ASSIGNMENT((#55));
#57=STYLED_ITEM('',(#56),#54);
#58=DIRECTION('',(0.E0,0.E0,1.E0));
#59=VECTOR('',#58,2.E-1);
#60=CARTESIAN_POINT('',(-1.75E0,0.E0,-1.5E0));
#61=LINE('',#60,#59);
#62=CURVE_STYLE('',#32,POSITIVE_LENGTH_MEASURE(2.E-2),#6);
#63=PRESENTATION_STYLE_ASSIGNMENT((#62));
#64=STYLED_ITEM('',(#63),#61);
#65=DIRECTION('',(1.E0,0.E0,0.E0));
#66=VECTOR('',#65,3.E-1);
#67=CARTESIAN_POINT('',(-1.75E0,0.E0,-1.3E0));
#68=LINE('',#67,#66);
#69=CURVE_STYLE('',#32,POSITIVE_LENGTH_MEASURE(2.E-2),#6);
#70=PRESENTATION_STYLE_ASSIGNMENT((#69));
#71=STYLED_ITEM('',(#70),#68);
#72=CARTESIAN_POINT('',(-1.45E0,0.E0,-1.2E0));
#73=DIRECTION('',(0.E0,-1.E0,0.E0));
#74=DIRECTION('',(0.E0,0.E0,-1.E0));
#75=AXIS2_PLACEMENT_3D('',#72,#73,#74);
#77=CURVE_STYLE('',#32,POSITIVE_LENGTH_MEASURE(2.E-2),#6);
#78=PRESENTATION_STYLE_ASSIGNMENT((#77));
#79=STYLED_ITEM('',(#78),#76);
#80=DIRECTION('',(1.E0,0.E0,0.E0));
#81=VECTOR('',#80,3.E-1);
#82=CARTESIAN_POINT('',(-1.75E0,0.E0,-1.1E0));
#83=LINE('',#82,#81);
#84=CURVE_STYLE('',#32,POSITIVE_LENGTH_MEASURE(2.E-2),#6);
#85=PRESENTATION_STYLE_ASSIGNMENT((#84));
#86=STYLED_ITEM('',(#85),#83);
#87=DIRECTION('',(0.E0,0.E0,1.E0));
#88=VECTOR('',#87,2.E-1);
#89=CARTESIAN_POINT('',(-1.75E0,0.E0,-1.1E0));
#90=LINE('',#89,#88);
#91=CURVE_STYLE('',#32,POSITIVE_LENGTH_MEASURE(2.E-2),#6);
#92=PRESENTATION_STYLE_ASSIGNMENT((#91));
#93=STYLED_ITEM('',(#92),#90);
#94=DIRECTION('',(1.E0,0.E0,0.E0));
#95=VECTOR('',#94,3.E-1);
#96=CARTESIAN_POINT('',(-1.75E0,0.E0,-9.E-1));
#97=LINE('',#96,#95);
#98=CURVE_STYLE('',#32,POSITIVE_LENGTH_MEASURE(2.E-2),#6);
#99=PRESENTATION_STYLE_ASSIGNMENT((#98));
#100=STYLED_ITEM('',(#99),#97);
#101=CARTESIAN_POINT('',(-1.45E0,0.E0,-8.E-1));
#102=DIRECTION('',(0.E0,-1.E0,0.E0));
#103=DIRECTION('',(0.E0,0.E0,-1.E0));
#104=AXIS2_PLACEMENT_3D('',#101,#102,#103);
#106=CURVE_STYLE('',#32,POSITIVE_LENGTH_MEASURE(2.E-2),#6);
#107=PRESENTATION_STYLE_ASSIGNMENT((#106));
#108=STYLED_ITEM('',(#107),#105);
#109=DIRECTION('',(1.E0,0.E0,0.E0));
#110=VECTOR('',#109,3.E-1);
#111=CARTESIAN_POINT('',(-1.75E0,0.E0,-7.E-1));
#112=LINE('',#111,#110);
#113=CURVE_STYLE('',#32,POSITIVE_LENGTH_MEASURE(2.E-2),#6);
#114=PRESENTATION_STYLE_ASSIGNMENT((#113));
#115=STYLED_ITEM('',(#114),#112);
#116=DIRECTION('',(0.E0,0.E0,1.E0));
#117=VECTOR('',#116,2.E-1);
#118=CARTESIAN_POINT('',(-1.75E0,0.E0,-7.E-1));
#119=LINE('',#118,#117);
#120=CURVE_STYLE('',#32,POSITIVE_LENGTH_MEASURE(2.E-2),#6);
#121=PRESENTATION_STYLE_ASSIGNMENT((#120));
#122=STYLED_ITEM('',(#121),#119);
#123=DIRECTION('',(1.E0,0.E0,0.E0));
#124=VECTOR('',#123,3.E-1);
#125=CARTESIAN_POINT('',(-1.75E0,0.E0,-5.E-1));
#126=LINE('',#125,#124);
#127=CURVE_STYLE('',#32,POSITIVE_LENGTH_MEASURE(2.E-2),#6);
#128=PRESENTATION_STYLE_ASSIGNMENT((#127));
#129=STYLED_ITEM('',(#128),#126);
#130=CARTESIAN_POINT('',(-1.45E0,0.E0,-4.E-1));
#131=DIRECTION('',(0.E0,-1.E0,0.E0));
#132=DIRECTION('',(0.E0,0.E0,-1.E0));
#133=AXIS2_PLACEMENT_3D('',#130,#131,#132);
#135=CURVE_STYLE('',#32,POSITIVE_LENGTH_MEASURE(2.E-2),#6);
#136=PRESENTATION_STYLE_ASSIGNMENT((#135));
#137=STYLED_ITEM('',(#136),#134);
#138=DIRECTION('',(0.E0,0.E0,1.E0));
#139=VECTOR('',#138,2.E0);
#140=CARTESIAN_POINT('',(-1.35E0,0.E0,-4.E-1));
#141=LINE('',#140,#139);
#142=CURVE_STYLE('',#32,POSITIVE_LENGTH_MEASURE(2.E-2),#6);
#143=PRESENTATION_STYLE_ASSIGNMENT((#142));
#144=STYLED_ITEM('',(#143),#141);
#145=CARTESIAN_POINT('',(-1.45E0,0.E0,1.6E0));
#146=DIRECTION('',(0.E0,-1.E0,0.E0));
#147=DIRECTION('',(1.E0,0.E0,0.E0));
#148=AXIS2_PLACEMENT_3D('',#145,#146,#147);
#150=CURVE_STYLE('',#32,POSITIVE_LENGTH_MEASURE(2.E-2),#6);
#151=PRESENTATION_STYLE_ASSIGNMENT((#150));
#152=STYLED_ITEM('',(#151),#149);
#153=DIRECTION('',(1.E0,0.E0,0.E0));
#154=VECTOR('',#153,3.E-1);
#155=CARTESIAN_POINT('',(-1.75E0,0.E0,1.7E0));
#156=LINE('',#155,#154);
#157=CURVE_STYLE('',#32,POSITIVE_LENGTH_MEASURE(2.E-2),#6);
#158=PRESENTATION_STYLE_ASSIGNMENT((#157));
#159=STYLED_ITEM('',(#158),#156);
#160=DIRECTION('',(0.E0,0.E0,1.E0));
#161=VECTOR('',#160,5.5E-1);
#162=CARTESIAN_POINT('',(-1.75E0,0.E0,1.7E0));
#163=LINE('',#162,#161);
#164=CURVE_STYLE('',#32,POSITIVE_LENGTH_MEASURE(2.E-2),#6);
#165=PRESENTATION_STYLE_ASSIGNMENT((#164));
#166=STYLED_ITEM('',(#165),#163);
#167=DIRECTION('',(1.E0,0.E0,0.E0));
#168=VECTOR('',#167,3.5E0);
#169=CARTESIAN_POINT('',(-1.75E0,0.E0,2.25E0));
#170=LINE('',#169,#168);
#171=CURVE_STYLE('',#32,POSITIVE_LENGTH_MEASURE(2.E-2),#6);
#172=PRESENTATION_STYLE_ASSIGNMENT((#171));
#173=STYLED_ITEM('',(#172),#170);
#174=DIRECTION('',(0.E0,0.E0,-1.E0));
#175=VECTOR('',#174,5.5E-1);
#176=CARTESIAN_POINT('',(1.75E0,0.E0,2.25E0));
#177=LINE('',#176,#175);
#178=CURVE_STYLE('',#32,POSITIVE_LENGTH_MEASURE(2.E-2),#6);
#179=PRESENTATION_STYLE_ASSIGNMENT((#178));
#180=STYLED_ITEM('',(#179),#177);
#181=DIRECTION('',(-1.E0,0.E0,0.E0));
#182=VECTOR('',#181,3.E-1);
#183=CARTESIAN_POINT('',(1.75E0,0.E0,1.7E0));
#184=LINE('',#183,#182);
#185=CURVE_STYLE('',#32,POSITIVE_LENGTH_MEASURE(2.E-2),#6);
#186=PRESENTATION_STYLE_ASSIGNMENT((#185));
#187=STYLED_ITEM('',(#186),#184);
#188=CARTESIAN_POINT('',(1.45E0,0.E0,1.6E0));
#189=DIRECTION('',(0.E0,1.E0,0.E0));
#190=DIRECTION('',(-1.E0,0.E0,0.E0));
#191=AXIS2_PLACEMENT_3D('',#188,#189,#190);
#193=CURVE_STYLE('',#32,POSITIVE_LENGTH_MEASURE(2.E-2),#6);
#194=PRESENTATION_STYLE_ASSIGNMENT((#193));
#195=STYLED_ITEM('',(#194),#192);
#196=DIRECTION('',(0.E0,0.E0,1.E0));
#197=VECTOR('',#196,2.E0);
#198=CARTESIAN_POINT('',(1.35E0,0.E0,-4.E-1));
#199=LINE('',#198,#197);
#200=CURVE_STYLE('',#32,POSITIVE_LENGTH_MEASURE(2.E-2),#6);
#201=PRESENTATION_STYLE_ASSIGNMENT((#200));
#202=STYLED_ITEM('',(#201),#199);
#203=CARTESIAN_POINT('',(1.45E0,0.E0,-4.E-1));
#204=DIRECTION('',(0.E0,1.E0,0.E0));
#205=DIRECTION('',(0.E0,0.E0,-1.E0));
#206=AXIS2_PLACEMENT_3D('',#203,#204,#205);
#208=CURVE_STYLE('',#32,POSITIVE_LENGTH_MEASURE(2.E-2),#6);
#209=PRESENTATION_STYLE_ASSIGNMENT((#208));
#210=STYLED_ITEM('',(#209),#207);
#211=DIRECTION('',(-1.E0,0.E0,0.E0));
#212=VECTOR('',#211,3.E-1);
#213=CARTESIAN_POINT('',(1.75E0,0.E0,-5.E-1));
#214=LINE('',#213,#212);
#215=CURVE_STYLE('',#32,POSITIVE_LENGTH_MEASURE(2.E-2),#6);
#216=PRESENTATION_STYLE_ASSIGNMENT((#215));
#217=STYLED_ITEM('',(#216),#214);
#218=DIRECTION('',(0.E0,0.E0,-1.E0));
#219=VECTOR('',#218,2.E-1);
#220=CARTESIAN_POINT('',(1.75E0,0.E0,-5.E-1));
#221=LINE('',#220,#219);
#222=CURVE_STYLE('',#32,POSITIVE_LENGTH_MEASURE(2.E-2),#6);
#223=PRESENTATION_STYLE_ASSIGNMENT((#222));
#224=STYLED_ITEM('',(#223),#221);
#225=DIRECTION('',(-1.E0,0.E0,0.E0));
#226=VECTOR('',#225,3.E-1);
#227=CARTESIAN_POINT('',(1.75E0,0.E0,-7.E-1));
#228=LINE('',#227,#226);
#229=CURVE_STYLE('',#32,POSITIVE_LENGTH_MEASURE(2.E-2),#6);
#230=PRESENTATION_STYLE_ASSIGNMENT((#229));
#231=STYLED_ITEM('',(#230),#228);
#232=CARTESIAN_POINT('',(1.45E0,0.E0,-8.E-1));
#233=DIRECTION('',(0.E0,1.E0,0.E0));
#234=DIRECTION('',(0.E0,0.E0,-1.E0));
#235=AXIS2_PLACEMENT_3D('',#232,#233,#234);
#237=CURVE_STYLE('',#32,POSITIVE_LENGTH_MEASURE(2.E-2),#6);
#238=PRESENTATION_STYLE_ASSIGNMENT((#237));
#239=STYLED_ITEM('',(#238),#236);
#240=DIRECTION('',(-1.E0,0.E0,0.E0));
#241=VECTOR('',#240,3.E-1);
#242=CARTESIAN_POINT('',(1.75E0,0.E0,-9.E-1));
#243=LINE('',#242,#241);
#244=CURVE_STYLE('',#32,POSITIVE_LENGTH_MEASURE(2.E-2),#6);
#245=PRESENTATION_STYLE_ASSIGNMENT((#244));
#246=STYLED_ITEM('',(#245),#243);
#247=DIRECTION('',(0.E0,0.E0,-1.E0));
#248=VECTOR('',#247,2.E-1);
#249=CARTESIAN_POINT('',(1.75E0,0.E0,-9.E-1));
#250=LINE('',#249,#248);
#251=CURVE_STYLE('',#32,POSITIVE_LENGTH_MEASURE(2.E-2),#6);
#252=PRESENTATION_STYLE_ASSIGNMENT((#251));
#253=STYLED_ITEM('',(#252),#250);
#254=DIRECTION('',(-1.E0,0.E0,0.E0));
#255=VECTOR('',#254,3.E-1);
#256=CARTESIAN_POINT('',(1.75E0,0.E0,-1.1E0));
#257=LINE('',#256,#255);
#258=CURVE_STYLE('',#32,POSITIVE_LENGTH_MEASURE(2.E-2),#6);
#259=PRESENTATION_STYLE_ASSIGNMENT((#258));
#260=STYLED_ITEM('',(#259),#257);
#261=CARTESIAN_POINT('',(1.45E0,0.E0,-1.2E0));
#262=DIRECTION('',(0.E0,1.E0,0.E0));
#263=DIRECTION('',(0.E0,0.E0,-1.E0));
#264=AXIS2_PLACEMENT_3D('',#261,#262,#263);
#266=CURVE_STYLE('',#32,POSITIVE_LENGTH_MEASURE(2.E-2),#6);
#267=PRESENTATION_STYLE_ASSIGNMENT((#266));
#268=STYLED_ITEM('',(#267),#265);
#269=DIRECTION('',(-1.E0,0.E0,0.E0));
#270=VECTOR('',#269,3.E-1);
#271=CARTESIAN_POINT('',(1.75E0,0.E0,-1.3E0));
#272=LINE('',#271,#270);
#273=CURVE_STYLE('',#32,POSITIVE_LENGTH_MEASURE(2.E-2),#6);
#274=PRESENTATION_STYLE_ASSIGNMENT((#273));
#275=STYLED_ITEM('',(#274),#272);
#276=DIRECTION('',(0.E0,0.E0,-1.E0));
#277=VECTOR('',#276,2.E-1);
#278=CARTESIAN_POINT('',(1.75E0,0.E0,-1.3E0));
#279=LINE('',#278,#277);
#280=CURVE_STYLE('',#32,POSITIVE_LENGTH_MEASURE(2.E-2),#6);
#281=PRESENTATION_STYLE_ASSIGNMENT((#280));
#282=STYLED_ITEM('',(#281),#279);
#283=DIRECTION('',(-1.E0,0.E0,0.E0));
#284=VECTOR('',#283,3.E-1);
#285=CARTESIAN_POINT('',(1.75E0,0.E0,-1.5E0));
#286=LINE('',#285,#284);
#287=CURVE_STYLE('',#32,POSITIVE_LENGTH_MEASURE(2.E-2),#6);
#288=PRESENTATION_STYLE_ASSIGNMENT((#287));
#289=STYLED_ITEM('',(#288),#286);
#290=CARTESIAN_POINT('',(1.45E0,0.E0,-1.6E0));
#291=DIRECTION('',(0.E0,1.E0,0.E0));
#292=DIRECTION('',(0.E0,0.E0,-1.E0));
#293=AXIS2_PLACEMENT_3D('',#290,#291,#292);
#295=CURVE_STYLE('',#32,POSITIVE_LENGTH_MEASURE(2.E-2),#6);
#296=PRESENTATION_STYLE_ASSIGNMENT((#295));
#297=STYLED_ITEM('',(#296),#294);
#298=DIRECTION('',(-1.E0,0.E0,0.E0));
#299=VECTOR('',#298,3.E-1);
#300=CARTESIAN_POINT('',(1.75E0,0.E0,-1.7E0));
#301=LINE('',#300,#299);
#302=CURVE_STYLE('',#32,POSITIVE_LENGTH_MEASURE(2.E-2),#6);
#303=PRESENTATION_STYLE_ASSIGNMENT((#302));
#304=STYLED_ITEM('',(#303),#301);
#305=DIRECTION('',(0.E0,0.E0,-1.E0));
#306=VECTOR('',#305,5.5E-1);
#307=CARTESIAN_POINT('',(1.75E0,0.E0,-1.7E0));
#308=LINE('',#307,#306);
#309=CURVE_STYLE('',#32,POSITIVE_LENGTH_MEASURE(2.E-2),#6);
#310=PRESENTATION_STYLE_ASSIGNMENT((#309));
#311=STYLED_ITEM('',(#310),#308);
#312=DIRECTION('',(-1.E0,0.E0,0.E0));
#313=VECTOR('',#312,3.5E0);
#314=CARTESIAN_POINT('',(1.75E0,0.E0,-2.25E0));
#315=LINE('',#314,#313);
#316=CURVE_STYLE('',#32,POSITIVE_LENGTH_MEASURE(2.E-2),#6);
#317=PRESENTATION_STYLE_ASSIGNMENT((#316));
#318=STYLED_ITEM('',(#317),#315);
#319=DIRECTION('',(0.E0,0.E0,1.E0));
#320=VECTOR('',#319,2.E-1);
#321=CARTESIAN_POINT('',(-1.75E0,0.E0,-3.E-1));
#322=LINE('',#321,#320);
#323=CURVE_STYLE('',#32,POSITIVE_LENGTH_MEASURE(2.E-2),#6);
#324=PRESENTATION_STYLE_ASSIGNMENT((#323));
#325=STYLED_ITEM('',(#324),#322);
#326=DIRECTION('',(1.E0,0.E0,0.E0));
#327=VECTOR('',#326,1.7E-1);
#328=CARTESIAN_POINT('',(-1.75E0,0.E0,-1.E-1));
#329=LINE('',#328,#327);
#330=CURVE_STYLE('',#32,POSITIVE_LENGTH_MEASURE(2.E-2),#6);
#331=PRESENTATION_STYLE_ASSIGNMENT((#330));
#332=STYLED_ITEM('',(#331),#329);
#333=DIRECTION('',(0.E0,0.E0,-1.E0));
#334=VECTOR('',#333,2.E-1);
#335=CARTESIAN_POINT('',(-1.58E0,0.E0,-1.E-1));
#336=LINE('',#335,#334);
#337=CURVE_STYLE('',#32,POSITIVE_LENGTH_MEASURE(2.E-2),#6);
#338=PRESENTATION_STYLE_ASSIGNMENT((#337));
#339=STYLED_ITEM('',(#338),#336);
#340=DIRECTION('',(1.E0,0.E0,0.E0));
#341=VECTOR('',#340,1.7E-1);
#342=CARTESIAN_POINT('',(-1.75E0,0.E0,-3.E-1));
#343=LINE('',#342,#341);
#344=CURVE_STYLE('',#32,POSITIVE_LENGTH_MEASURE(2.E-2),#6);
#345=PRESENTATION_STYLE_ASSIGNMENT((#344));
#346=STYLED_ITEM('',(#345),#343);
#347=DIRECTION('',(0.E0,0.E0,1.E0));
#348=VECTOR('',#347,2.E-1);
#349=CARTESIAN_POINT('',(-1.75E0,0.E0,1.E-1));
#350=LINE('',#349,#348);
#351=CURVE_STYLE('',#32,POSITIVE_LENGTH_MEASURE(2.E-2),#6);
#352=PRESENTATION_STYLE_ASSIGNMENT((#351));
#353=STYLED_ITEM('',(#352),#350);
#354=DIRECTION('',(1.E0,0.E0,0.E0));
#355=VECTOR('',#354,1.7E-1);
#356=CARTESIAN_POINT('',(-1.75E0,0.E0,3.E-1));
#357=LINE('',#356,#355);
#358=CURVE_STYLE('',#32,POSITIVE_LENGTH_MEASURE(2.E-2),#6);
#359=PRESENTATION_STYLE_ASSIGNMENT((#358));
#360=STYLED_ITEM('',(#359),#357);
#361=DIRECTION('',(0.E0,0.E0,-1.E0));
#362=VECTOR('',#361,2.E-1);
#363=CARTESIAN_POINT('',(-1.58E0,0.E0,3.E-1));
#364=LINE('',#363,#362);
#365=CURVE_STYLE('',#32,POSITIVE_LENGTH_MEASURE(2.E-2),#6);
#366=PRESENTATION_STYLE_ASSIGNMENT((#365));
#367=STYLED_ITEM('',(#366),#364);
#368=DIRECTION('',(1.E0,0.E0,0.E0));
#369=VECTOR('',#368,1.7E-1);
#370=CARTESIAN_POINT('',(-1.75E0,0.E0,1.E-1));
#371=LINE('',#370,#369);
#372=CURVE_STYLE('',#32,POSITIVE_LENGTH_MEASURE(2.E-2),#6);
#373=PRESENTATION_STYLE_ASSIGNMENT((#372));
#374=STYLED_ITEM('',(#373),#371);
#375=DIRECTION('',(0.E0,0.E0,-1.E0));
#376=VECTOR('',#375,2.E-1);
#377=CARTESIAN_POINT('',(1.75E0,0.E0,1.5E0));
#378=LINE('',#377,#376);
#379=CURVE_STYLE('',#32,POSITIVE_LENGTH_MEASURE(2.E-2),#6);
#380=PRESENTATION_STYLE_ASSIGNMENT((#379));
#381=STYLED_ITEM('',(#380),#378);
#382=DIRECTION('',(1.E0,0.E0,0.E0));
#383=VECTOR('',#382,1.7E-1);
#384=CARTESIAN_POINT('',(1.58E0,0.E0,1.3E0));
#385=LINE('',#384,#383);
#386=CURVE_STYLE('',#32,POSITIVE_LENGTH_MEASURE(2.E-2),#6);
#387=PRESENTATION_STYLE_ASSIGNMENT((#386));
#388=STYLED_ITEM('',(#387),#385);
#389=DIRECTION('',(0.E0,0.E0,-1.E0));
#390=VECTOR('',#389,2.E-1);
#391=CARTESIAN_POINT('',(1.58E0,0.E0,1.5E0));
#392=LINE('',#391,#390);
#393=CURVE_STYLE('',#32,POSITIVE_LENGTH_MEASURE(2.E-2),#6);
#394=PRESENTATION_STYLE_ASSIGNMENT((#393));
#395=STYLED_ITEM('',(#394),#392);
#396=DIRECTION('',(-1.E0,0.E0,0.E0));
#397=VECTOR('',#396,1.7E-1);
#398=CARTESIAN_POINT('',(1.75E0,0.E0,1.5E0));
#399=LINE('',#398,#397);
#400=CURVE_STYLE('',#32,POSITIVE_LENGTH_MEASURE(2.E-2),#6);
#401=PRESENTATION_STYLE_ASSIGNMENT((#400));
#402=STYLED_ITEM('',(#401),#399);
#403=DIRECTION('',(0.E0,0.E0,-1.E0));
#404=VECTOR('',#403,2.E-1);
#405=CARTESIAN_POINT('',(1.75E0,0.E0,1.1E0));
#406=LINE('',#405,#404);
#407=CURVE_STYLE('',#32,POSITIVE_LENGTH_MEASURE(2.E-2),#6);
#408=PRESENTATION_STYLE_ASSIGNMENT((#407));
#409=STYLED_ITEM('',(#408),#406);
#410=DIRECTION('',(1.E0,0.E0,0.E0));
#411=VECTOR('',#410,1.7E-1);
#412=CARTESIAN_POINT('',(1.58E0,0.E0,9.E-1));
#413=LINE('',#412,#411);
#414=CURVE_STYLE('',#32,POSITIVE_LENGTH_MEASURE(2.E-2),#6);
#415=PRESENTATION_STYLE_ASSIGNMENT((#414));
#416=STYLED_ITEM('',(#415),#413);
#417=DIRECTION('',(0.E0,0.E0,-1.E0));
#418=VECTOR('',#417,2.E-1);
#419=CARTESIAN_POINT('',(1.58E0,0.E0,1.1E0));
#420=LINE('',#419,#418);
#421=CURVE_STYLE('',#32,POSITIVE_LENGTH_MEASURE(2.E-2),#6);
#422=PRESENTATION_STYLE_ASSIGNMENT((#421));
#423=STYLED_ITEM('',(#422),#420);
#424=DIRECTION('',(-1.E0,0.E0,0.E0));
#425=VECTOR('',#424,1.7E-1);
#426=CARTESIAN_POINT('',(1.75E0,0.E0,1.1E0));
#427=LINE('',#426,#425);
#428=CURVE_STYLE('',#32,POSITIVE_LENGTH_MEASURE(2.E-2),#6);
#429=PRESENTATION_STYLE_ASSIGNMENT((#428));
#430=STYLED_ITEM('',(#429),#427);
#431=DIRECTION('',(0.E0,0.E0,-1.E0));
#432=VECTOR('',#431,2.E-1);
#433=CARTESIAN_POINT('',(1.75E0,0.E0,7.E-1));
#434=LINE('',#433,#432);
#435=CURVE_STYLE('',#32,POSITIVE_LENGTH_MEASURE(2.E-2),#6);
#436=PRESENTATION_STYLE_ASSIGNMENT((#435));
#437=STYLED_ITEM('',(#436),#434);
#438=DIRECTION('',(-1.E0,0.E0,0.E0));
#439=VECTOR('',#438,1.7E-1);
#440=CARTESIAN_POINT('',(1.75E0,0.E0,5.E-1));
#441=LINE('',#440,#439);
#442=CURVE_STYLE('',#32,POSITIVE_LENGTH_MEASURE(2.E-2),#6);
#443=PRESENTATION_STYLE_ASSIGNMENT((#442));
#444=STYLED_ITEM('',(#443),#441);
#445=DIRECTION('',(0.E0,0.E0,-1.E0));
#446=VECTOR('',#445,2.E-1);
#447=CARTESIAN_POINT('',(1.58E0,0.E0,7.E-1));
#448=LINE('',#447,#446);
#449=CURVE_STYLE('',#32,POSITIVE_LENGTH_MEASURE(2.E-2),#6);
#450=PRESENTATION_STYLE_ASSIGNMENT((#449));
#451=STYLED_ITEM('',(#450),#448);
#452=DIRECTION('',(-1.E0,0.E0,0.E0));
#453=VECTOR('',#452,1.7E-1);
#454=CARTESIAN_POINT('',(1.75E0,0.E0,7.E-1));
#455=LINE('',#454,#453);
#456=CURVE_STYLE('',#32,POSITIVE_LENGTH_MEASURE(2.E-2),#6);
#457=PRESENTATION_STYLE_ASSIGNMENT((#456));
#458=STYLED_ITEM('',(#457),#455);
#459=DIRECTION('',(0.E0,0.E0,-1.E0));
#460=VECTOR('',#459,2.E-1);
#461=CARTESIAN_POINT('',(1.75E0,0.E0,3.E-1));
#462=LINE('',#461,#460);
#463=CURVE_STYLE('',#32,POSITIVE_LENGTH_MEASURE(2.E-2),#6);
#464=PRESENTATION_STYLE_ASSIGNMENT((#463));
#465=STYLED_ITEM('',(#464),#462);
#466=DIRECTION('',(-1.E0,0.E0,0.E0));
#467=VECTOR('',#466,1.7E-1);
#468=CARTESIAN_POINT('',(1.75E0,0.E0,1.E-1));
#469=LINE('',#468,#467);
#470=CURVE_STYLE('',#32,POSITIVE_LENGTH_MEASURE(2.E-2),#6);
#471=PRESENTATION_STYLE_ASSIGNMENT((#470));
#472=STYLED_ITEM('',(#471),#469);
#473=DIRECTION('',(0.E0,0.E0,-1.E0));
#474=VECTOR('',#473,2.E-1);
#475=CARTESIAN_POINT('',(1.58E0,0.E0,3.E-1));
#476=LINE('',#475,#474);
#477=CURVE_STYLE('',#32,POSITIVE_LENGTH_MEASURE(2.E-2),#6);
#478=PRESENTATION_STYLE_ASSIGNMENT((#477));
#479=STYLED_ITEM('',(#478),#476);
#480=DIRECTION('',(-1.E0,0.E0,0.E0));
#481=VECTOR('',#480,1.7E-1);
#482=CARTESIAN_POINT('',(1.75E0,0.E0,3.E-1));
#483=LINE('',#482,#481);
#484=CURVE_STYLE('',#32,POSITIVE_LENGTH_MEASURE(2.E-2),#6);
#485=PRESENTATION_STYLE_ASSIGNMENT((#484));
#486=STYLED_ITEM('',(#485),#483);
#487=DIRECTION('',(0.E0,0.E0,-1.E0));
#488=VECTOR('',#487,2.E-1);
#489=CARTESIAN_POINT('',(1.75E0,0.E0,-1.E-1));
#490=LINE('',#489,#488);
#491=CURVE_STYLE('',#32,POSITIVE_LENGTH_MEASURE(2.E-2),#6);
#492=PRESENTATION_STYLE_ASSIGNMENT((#491));
#493=STYLED_ITEM('',(#492),#490);
#494=DIRECTION('',(-1.E0,0.E0,0.E0));
#495=VECTOR('',#494,1.7E-1);
#496=CARTESIAN_POINT('',(1.75E0,0.E0,-3.E-1));
#497=LINE('',#496,#495);
#498=CURVE_STYLE('',#32,POSITIVE_LENGTH_MEASURE(2.E-2),#6);
#499=PRESENTATION_STYLE_ASSIGNMENT((#498));
#500=STYLED_ITEM('',(#499),#497);
#501=DIRECTION('',(0.E0,0.E0,-1.E0));
#502=VECTOR('',#501,2.E-1);
#503=CARTESIAN_POINT('',(1.58E0,0.E0,-1.E-1));
#504=LINE('',#503,#502);
#505=CURVE_STYLE('',#32,POSITIVE_LENGTH_MEASURE(2.E-2),#6);
#506=PRESENTATION_STYLE_ASSIGNMENT((#505));
#507=STYLED_ITEM('',(#506),#504);
#508=DIRECTION('',(-1.E0,0.E0,0.E0));
#509=VECTOR('',#508,1.7E-1);
#510=CARTESIAN_POINT('',(1.75E0,0.E0,-1.E-1));
#511=LINE('',#510,#509);
#512=CURVE_STYLE('',#32,POSITIVE_LENGTH_MEASURE(2.E-2),#6);
#513=PRESENTATION_STYLE_ASSIGNMENT((#512));
#514=STYLED_ITEM('',(#513),#511);
#515=DIRECTION('',(0.E0,0.E0,1.E0));
#516=VECTOR('',#515,2.E-1);
#517=CARTESIAN_POINT('',(-1.75E0,0.E0,5.E-1));
#518=LINE('',#517,#516);
#519=CURVE_STYLE('',#32,POSITIVE_LENGTH_MEASURE(2.E-2),#6);
#520=PRESENTATION_STYLE_ASSIGNMENT((#519));
#521=STYLED_ITEM('',(#520),#518);
#522=DIRECTION('',(1.E0,0.E0,0.E0));
#523=VECTOR('',#522,1.7E-1);
#524=CARTESIAN_POINT('',(-1.75E0,0.E0,7.E-1));
#525=LINE('',#524,#523);
#526=CURVE_STYLE('',#32,POSITIVE_LENGTH_MEASURE(2.E-2),#6);
#527=PRESENTATION_STYLE_ASSIGNMENT((#526));
#528=STYLED_ITEM('',(#527),#525);
#529=DIRECTION('',(0.E0,0.E0,-1.E0));
#530=VECTOR('',#529,2.E-1);
#531=CARTESIAN_POINT('',(-1.58E0,0.E0,7.E-1));
#532=LINE('',#531,#530);
#533=CURVE_STYLE('',#32,POSITIVE_LENGTH_MEASURE(2.E-2),#6);
#534=PRESENTATION_STYLE_ASSIGNMENT((#533));
#535=STYLED_ITEM('',(#534),#532);
#536=DIRECTION('',(1.E0,0.E0,0.E0));
#537=VECTOR('',#536,1.7E-1);
#538=CARTESIAN_POINT('',(-1.75E0,0.E0,5.E-1));
#539=LINE('',#538,#537);
#540=CURVE_STYLE('',#32,POSITIVE_LENGTH_MEASURE(2.E-2),#6);
#541=PRESENTATION_STYLE_ASSIGNMENT((#540));
#542=STYLED_ITEM('',(#541),#539);
#543=DIRECTION('',(0.E0,0.E0,1.E0));
#544=VECTOR('',#543,2.E-1);
#545=CARTESIAN_POINT('',(-1.75E0,0.E0,9.E-1));
#546=LINE('',#545,#544);
#547=CURVE_STYLE('',#32,POSITIVE_LENGTH_MEASURE(2.E-2),#6);
#548=PRESENTATION_STYLE_ASSIGNMENT((#547));
#549=STYLED_ITEM('',(#548),#546);
#550=DIRECTION('',(1.E0,0.E0,0.E0));
#551=VECTOR('',#550,1.7E-1);
#552=CARTESIAN_POINT('',(-1.75E0,0.E0,1.1E0));
#553=LINE('',#552,#551);
#554=CURVE_STYLE('',#32,POSITIVE_LENGTH_MEASURE(2.E-2),#6);
#555=PRESENTATION_STYLE_ASSIGNMENT((#554));
#556=STYLED_ITEM('',(#555),#553);
#557=DIRECTION('',(0.E0,0.E0,-1.E0));
#558=VECTOR('',#557,2.E-1);
#559=CARTESIAN_POINT('',(-1.58E0,0.E0,1.1E0));
#560=LINE('',#559,#558);
#561=CURVE_STYLE('',#32,POSITIVE_LENGTH_MEASURE(2.E-2),#6);
#562=PRESENTATION_STYLE_ASSIGNMENT((#561));
#563=STYLED_ITEM('',(#562),#560);
#564=DIRECTION('',(-1.E0,0.E0,0.E0));
#565=VECTOR('',#564,1.7E-1);
#566=CARTESIAN_POINT('',(-1.58E0,0.E0,9.E-1));
#567=LINE('',#566,#565);
#568=CURVE_STYLE('',#32,POSITIVE_LENGTH_MEASURE(2.E-2),#6);
#569=PRESENTATION_STYLE_ASSIGNMENT((#568));
#570=STYLED_ITEM('',(#569),#567);
#571=DIRECTION('',(0.E0,0.E0,1.E0));
#572=VECTOR('',#571,2.E-1);
#573=CARTESIAN_POINT('',(-1.75E0,0.E0,1.3E0));
#574=LINE('',#573,#572);
#575=CURVE_STYLE('',#32,POSITIVE_LENGTH_MEASURE(2.E-2),#6);
#576=PRESENTATION_STYLE_ASSIGNMENT((#575));
#577=STYLED_ITEM('',(#576),#574);
#578=DIRECTION('',(1.E0,0.E0,0.E0));
#579=VECTOR('',#578,1.7E-1);
#580=CARTESIAN_POINT('',(-1.75E0,0.E0,1.5E0));
#581=LINE('',#580,#579);
#582=CURVE_STYLE('',#32,POSITIVE_LENGTH_MEASURE(2.E-2),#6);
#583=PRESENTATION_STYLE_ASSIGNMENT((#582));
#584=STYLED_ITEM('',(#583),#581);
#585=DIRECTION('',(0.E0,0.E0,-1.E0));
#586=VECTOR('',#585,2.E-1);
#587=CARTESIAN_POINT('',(-1.58E0,0.E0,1.5E0));
#588=LINE('',#587,#586);
#589=CURVE_STYLE('',#32,POSITIVE_LENGTH_MEASURE(2.E-2),#6);
#590=PRESENTATION_STYLE_ASSIGNMENT((#589));
#591=STYLED_ITEM('',(#590),#588);
#592=DIRECTION('',(-1.E0,0.E0,0.E0));
#593=VECTOR('',#592,1.7E-1);
#594=CARTESIAN_POINT('',(-1.58E0,0.E0,1.3E0));
#595=LINE('',#594,#593);
#596=CURVE_STYLE('',#32,POSITIVE_LENGTH_MEASURE(2.E-2),#6);
#597=PRESENTATION_STYLE_ASSIGNMENT((#596));
#598=STYLED_ITEM('',(#597),#595);
#599=DIRECTION('',(0.E0,0.E0,1.E0));
#600=VECTOR('',#599,3.65E0);
#601=CARTESIAN_POINT('',(-1.05E0,0.E0,-1.675E0));
#602=LINE('',#601,#600);
#603=CURVE_STYLE('',#32,POSITIVE_LENGTH_MEASURE(2.E-2),#6);
#604=PRESENTATION_STYLE_ASSIGNMENT((#603));
#605=STYLED_ITEM('',(#604),#602);
#606=DIRECTION('',(7.071067811865E-1,0.E0,-7.071067811865E-1));
#607=VECTOR('',#606,4.242640687119E-1);
#608=CARTESIAN_POINT('',(-1.05E0,0.E0,-1.675E0));
#609=LINE('',#608,#607);
#610=CURVE_STYLE('',#32,POSITIVE_LENGTH_MEASURE(2.E-2),#6);
#611=PRESENTATION_STYLE_ASSIGNMENT((#610));
#612=STYLED_ITEM('',(#611),#609);
#613=DIRECTION('',(-1.E0,0.E0,0.E0));
#614=VECTOR('',#613,1.8E0);
#615=CARTESIAN_POINT('',(1.05E0,0.E0,-1.975E0));
#616=LINE('',#615,#614);
#617=CURVE_STYLE('',#32,POSITIVE_LENGTH_MEASURE(2.E-2),#6);
#618=PRESENTATION_STYLE_ASSIGNMENT((#617));
#619=STYLED_ITEM('',(#618),#616);
#620=DIRECTION('',(0.E0,0.E0,-1.E0));
#621=VECTOR('',#620,3.95E0);
#622=CARTESIAN_POINT('',(1.05E0,0.E0,1.975E0));
#623=LINE('',#622,#621);
#624=CURVE_STYLE('',#32,POSITIVE_LENGTH_MEASURE(2.E-2),#6);
#625=PRESENTATION_STYLE_ASSIGNMENT((#624));
#626=STYLED_ITEM('',(#625),#623);
#627=DIRECTION('',(1.E0,0.E0,0.E0));
#628=VECTOR('',#627,2.1E0);
#629=CARTESIAN_POINT('',(-1.05E0,0.E0,1.975E0));
#630=LINE('',#629,#628);
#631=CURVE_STYLE('',#32,POSITIVE_LENGTH_MEASURE(2.E-2),#6);
#632=PRESENTATION_STYLE_ASSIGNMENT((#631));
#633=STYLED_ITEM('',(#632),#630);
#634=DIRECTION('',(0.E0,1.E0,0.E0));
#635=VECTOR('',#634,7.5E-1);
#636=CARTESIAN_POINT('',(-1.75E0,0.E0,-2.25E0));
#637=LINE('',#636,#635);
#638=CURVE_STYLE('',#32,POSITIVE_LENGTH_MEASURE(2.E-2),#6);
#639=PRESENTATION_STYLE_ASSIGNMENT((#638));
#640=STYLED_ITEM('',(#639),#637);
#641=DIRECTION('',(0.E0,1.E0,0.E0));
#642=VECTOR('',#641,1.75E-1);
#643=CARTESIAN_POINT('',(-1.75E0,0.E0,1.7E0));
#644=LINE('',#643,#642);
#645=CURVE_STYLE('',#32,POSITIVE_LENGTH_MEASURE(2.E-2),#6);
#646=PRESENTATION_STYLE_ASSIGNMENT((#645));
#647=STYLED_ITEM('',(#646),#644);
#648=DIRECTION('',(0.E0,0.E0,-1.E0));
#649=VECTOR('',#648,2.E-1);
#650=CARTESIAN_POINT('',(-1.75E0,1.75E-1,1.7E0));
#651=LINE('',#650,#649);
#652=CURVE_STYLE('',#32,POSITIVE_LENGTH_MEASURE(2.E-2),#6);
#653=PRESENTATION_STYLE_ASSIGNMENT((#652));
#654=STYLED_ITEM('',(#653),#651);
#655=DIRECTION('',(0.E0,1.E0,0.E0));
#656=VECTOR('',#655,1.75E-1);
#657=CARTESIAN_POINT('',(-1.75E0,0.E0,1.5E0));
#658=LINE('',#657,#656);
#659=CURVE_STYLE('',#32,POSITIVE_LENGTH_MEASURE(2.E-2),#6);
#660=PRESENTATION_STYLE_ASSIGNMENT((#659));
#661=STYLED_ITEM('',(#660),#658);
#662=DIRECTION('',(0.E0,1.E0,0.E0));
#663=VECTOR('',#662,1.75E-1);
#664=CARTESIAN_POINT('',(-1.75E0,0.E0,1.3E0));
#665=LINE('',#664,#663);
#666=CURVE_STYLE('',#32,POSITIVE_LENGTH_MEASURE(2.E-2),#6);
#667=PRESENTATION_STYLE_ASSIGNMENT((#666));
#668=STYLED_ITEM('',(#667),#665);
#669=DIRECTION('',(0.E0,0.E0,-1.E0));
#670=VECTOR('',#669,2.E-1);
#671=CARTESIAN_POINT('',(-1.75E0,1.75E-1,1.3E0));
#672=LINE('',#671,#670);
#673=CURVE_STYLE('',#32,POSITIVE_LENGTH_MEASURE(2.E-2),#6);
#674=PRESENTATION_STYLE_ASSIGNMENT((#673));
#675=STYLED_ITEM('',(#674),#672);
#676=DIRECTION('',(0.E0,1.E0,0.E0));
#677=VECTOR('',#676,1.75E-1);
#678=CARTESIAN_POINT('',(-1.75E0,0.E0,1.1E0));
#679=LINE('',#678,#677);
#680=CURVE_STYLE('',#32,POSITIVE_LENGTH_MEASURE(2.E-2),#6);
#681=PRESENTATION_STYLE_ASSIGNMENT((#680));
#682=STYLED_ITEM('',(#681),#679);
#683=DIRECTION('',(0.E0,1.E0,0.E0));
#684=VECTOR('',#683,1.75E-1);
#685=CARTESIAN_POINT('',(-1.75E0,0.E0,9.E-1));
#686=LINE('',#685,#684);
#687=CURVE_STYLE('',#32,POSITIVE_LENGTH_MEASURE(2.E-2),#6);
#688=PRESENTATION_STYLE_ASSIGNMENT((#687));
#689=STYLED_ITEM('',(#688),#686);
#690=DIRECTION('',(0.E0,0.E0,-1.E0));
#691=VECTOR('',#690,2.E-1);
#692=CARTESIAN_POINT('',(-1.75E0,1.75E-1,9.E-1));
#693=LINE('',#692,#691);
#694=CURVE_STYLE('',#32,POSITIVE_LENGTH_MEASURE(2.E-2),#6);
#695=PRESENTATION_STYLE_ASSIGNMENT((#694));
#696=STYLED_ITEM('',(#695),#693);
#697=DIRECTION('',(0.E0,1.E0,0.E0));
#698=VECTOR('',#697,1.75E-1);
#699=CARTESIAN_POINT('',(-1.75E0,0.E0,7.E-1));
#700=LINE('',#699,#698);
#701=CURVE_STYLE('',#32,POSITIVE_LENGTH_MEASURE(2.E-2),#6);
#702=PRESENTATION_STYLE_ASSIGNMENT((#701));
#703=STYLED_ITEM('',(#702),#700);
#704=DIRECTION('',(0.E0,1.E0,0.E0));
#705=VECTOR('',#704,1.75E-1);
#706=CARTESIAN_POINT('',(-1.75E0,0.E0,5.E-1));
#707=LINE('',#706,#705);
#708=CURVE_STYLE('',#32,POSITIVE_LENGTH_MEASURE(2.E-2),#6);
#709=PRESENTATION_STYLE_ASSIGNMENT((#708));
#710=STYLED_ITEM('',(#709),#707);
#711=DIRECTION('',(0.E0,0.E0,-1.E0));
#712=VECTOR('',#711,2.E-1);
#713=CARTESIAN_POINT('',(-1.75E0,1.75E-1,5.E-1));
#714=LINE('',#713,#712);
#715=CURVE_STYLE('',#32,POSITIVE_LENGTH_MEASURE(2.E-2),#6);
#716=PRESENTATION_STYLE_ASSIGNMENT((#715));
#717=STYLED_ITEM('',(#716),#714);
#718=DIRECTION('',(0.E0,1.E0,0.E0));
#719=VECTOR('',#718,1.75E-1);
#720=CARTESIAN_POINT('',(-1.75E0,0.E0,3.E-1));
#721=LINE('',#720,#719);
#722=CURVE_STYLE('',#32,POSITIVE_LENGTH_MEASURE(2.E-2),#6);
#723=PRESENTATION_STYLE_ASSIGNMENT((#722));
#724=STYLED_ITEM('',(#723),#721);
#725=DIRECTION('',(0.E0,1.E0,0.E0));
#726=VECTOR('',#725,1.75E-1);
#727=CARTESIAN_POINT('',(-1.75E0,0.E0,1.E-1));
#728=LINE('',#727,#726);
#729=CURVE_STYLE('',#32,POSITIVE_LENGTH_MEASURE(2.E-2),#6);
#730=PRESENTATION_STYLE_ASSIGNMENT((#729));
#731=STYLED_ITEM('',(#730),#728);
#732=DIRECTION('',(0.E0,0.E0,-1.E0));
#733=VECTOR('',#732,2.E-1);
#734=CARTESIAN_POINT('',(-1.75E0,1.75E-1,1.E-1));
#735=LINE('',#734,#733);
#736=CURVE_STYLE('',#32,POSITIVE_LENGTH_MEASURE(2.E-2),#6);
#737=PRESENTATION_STYLE_ASSIGNMENT((#736));
#738=STYLED_ITEM('',(#737),#735);
#739=DIRECTION('',(0.E0,1.E0,0.E0));
#740=VECTOR('',#739,1.75E-1);
#741=CARTESIAN_POINT('',(-1.75E0,0.E0,-1.E-1));
#742=LINE('',#741,#740);
#743=CURVE_STYLE('',#32,POSITIVE_LENGTH_MEASURE(2.E-2),#6);
#744=PRESENTATION_STYLE_ASSIGNMENT((#743));
#745=STYLED_ITEM('',(#744),#742);
#746=DIRECTION('',(0.E0,1.E0,0.E0));
#747=VECTOR('',#746,1.75E-1);
#748=CARTESIAN_POINT('',(-1.75E0,0.E0,-3.E-1));
#749=LINE('',#748,#747);
#750=CURVE_STYLE('',#32,POSITIVE_LENGTH_MEASURE(2.E-2),#6);
#751=PRESENTATION_STYLE_ASSIGNMENT((#750));
#752=STYLED_ITEM('',(#751),#749);
#753=DIRECTION('',(0.E0,0.E0,-1.E0));
#754=VECTOR('',#753,2.E-1);
#755=CARTESIAN_POINT('',(-1.75E0,1.75E-1,-3.E-1));
#756=LINE('',#755,#754);
#757=CURVE_STYLE('',#32,POSITIVE_LENGTH_MEASURE(2.E-2),#6);
#758=PRESENTATION_STYLE_ASSIGNMENT((#757));
#759=STYLED_ITEM('',(#758),#756);
#760=DIRECTION('',(0.E0,1.E0,0.E0));
#761=VECTOR('',#760,1.75E-1);
#762=CARTESIAN_POINT('',(-1.75E0,0.E0,-5.E-1));
#763=LINE('',#762,#761);
#764=CURVE_STYLE('',#32,POSITIVE_LENGTH_MEASURE(2.E-2),#6);
#765=PRESENTATION_STYLE_ASSIGNMENT((#764));
#766=STYLED_ITEM('',(#765),#763);
#767=DIRECTION('',(0.E0,1.E0,0.E0));
#768=VECTOR('',#767,1.75E-1);
#769=CARTESIAN_POINT('',(-1.75E0,0.E0,-7.E-1));
#770=LINE('',#769,#768);
#771=CURVE_STYLE('',#32,POSITIVE_LENGTH_MEASURE(2.E-2),#6);
#772=PRESENTATION_STYLE_ASSIGNMENT((#771));
#773=STYLED_ITEM('',(#772),#770);
#774=DIRECTION('',(0.E0,0.E0,-1.E0));
#775=VECTOR('',#774,2.E-1);
#776=CARTESIAN_POINT('',(-1.75E0,1.75E-1,-7.E-1));
#777=LINE('',#776,#775);
#778=CURVE_STYLE('',#32,POSITIVE_LENGTH_MEASURE(2.E-2),#6);
#779=PRESENTATION_STYLE_ASSIGNMENT((#778));
#780=STYLED_ITEM('',(#779),#777);
#781=DIRECTION('',(0.E0,1.E0,0.E0));
#782=VECTOR('',#781,1.75E-1);
#783=CARTESIAN_POINT('',(-1.75E0,0.E0,-9.E-1));
#784=LINE('',#783,#782);
#785=CURVE_STYLE('',#32,POSITIVE_LENGTH_MEASURE(2.E-2),#6);
#786=PRESENTATION_STYLE_ASSIGNMENT((#785));
#787=STYLED_ITEM('',(#786),#784);
#788=DIRECTION('',(0.E0,1.E0,0.E0));
#789=VECTOR('',#788,1.75E-1);
#790=CARTESIAN_POINT('',(-1.75E0,0.E0,-1.1E0));
#791=LINE('',#790,#789);
#792=CURVE_STYLE('',#32,POSITIVE_LENGTH_MEASURE(2.E-2),#6);
#793=PRESENTATION_STYLE_ASSIGNMENT((#792));
#794=STYLED_ITEM('',(#793),#791);
#795=DIRECTION('',(0.E0,0.E0,-1.E0));
#796=VECTOR('',#795,2.E-1);
#797=CARTESIAN_POINT('',(-1.75E0,1.75E-1,-1.1E0));
#798=LINE('',#797,#796);
#799=CURVE_STYLE('',#32,POSITIVE_LENGTH_MEASURE(2.E-2),#6);
#800=PRESENTATION_STYLE_ASSIGNMENT((#799));
#801=STYLED_ITEM('',(#800),#798);
#802=DIRECTION('',(0.E0,1.E0,0.E0));
#803=VECTOR('',#802,1.75E-1);
#804=CARTESIAN_POINT('',(-1.75E0,0.E0,-1.3E0));
#805=LINE('',#804,#803);
#806=CURVE_STYLE('',#32,POSITIVE_LENGTH_MEASURE(2.E-2),#6);
#807=PRESENTATION_STYLE_ASSIGNMENT((#806));
#808=STYLED_ITEM('',(#807),#805);
#809=DIRECTION('',(0.E0,1.E0,0.E0));
#810=VECTOR('',#809,1.75E-1);
#811=CARTESIAN_POINT('',(-1.75E0,0.E0,-1.5E0));
#812=LINE('',#811,#810);
#813=CURVE_STYLE('',#32,POSITIVE_LENGTH_MEASURE(2.E-2),#6);
#814=PRESENTATION_STYLE_ASSIGNMENT((#813));
#815=STYLED_ITEM('',(#814),#812);
#816=DIRECTION('',(0.E0,0.E0,-1.E0));
#817=VECTOR('',#816,2.E-1);
#818=CARTESIAN_POINT('',(-1.75E0,1.75E-1,-1.5E0));
#819=LINE('',#818,#817);
#820=CURVE_STYLE('',#32,POSITIVE_LENGTH_MEASURE(2.E-2),#6);
#821=PRESENTATION_STYLE_ASSIGNMENT((#820));
#822=STYLED_ITEM('',(#821),#819);
#823=DIRECTION('',(0.E0,1.E0,0.E0));
#824=VECTOR('',#823,1.75E-1);
#825=CARTESIAN_POINT('',(-1.75E0,0.E0,-1.7E0));
#826=LINE('',#825,#824);
#827=CURVE_STYLE('',#32,POSITIVE_LENGTH_MEASURE(2.E-2),#6);
#828=PRESENTATION_STYLE_ASSIGNMENT((#827));
#829=STYLED_ITEM('',(#828),#826);
#830=DIRECTION('',(0.E0,1.E0,0.E0));
#831=VECTOR('',#830,7.5E-1);
#832=CARTESIAN_POINT('',(1.75E0,0.E0,-2.25E0));
#833=LINE('',#832,#831);
#834=CURVE_STYLE('',#32,POSITIVE_LENGTH_MEASURE(2.E-2),#6);
#835=PRESENTATION_STYLE_ASSIGNMENT((#834));
#836=STYLED_ITEM('',(#835),#833);
#837=DIRECTION('',(1.E0,0.E0,0.E0));
#838=VECTOR('',#837,2.E-1);
#839=CARTESIAN_POINT('',(-9.E-1,1.75E-1,-2.25E0));
#840=LINE('',#839,#838);
#841=CURVE_STYLE('',#32,POSITIVE_LENGTH_MEASURE(2.E-2),#6);
#842=PRESENTATION_STYLE_ASSIGNMENT((#841));
#843=STYLED_ITEM('',(#842),#840);
#844=DIRECTION('',(0.E0,1.E0,0.E0));
#845=VECTOR('',#844,1.E-1);
#846=CARTESIAN_POINT('',(-7.E-1,7.5E-2,-2.25E0));
#847=LINE('',#846,#845);
#848=CURVE_STYLE('',#32,POSITIVE_LENGTH_MEASURE(2.E-2),#6);
#849=PRESENTATION_STYLE_ASSIGNMENT((#848));
#850=STYLED_ITEM('',(#849),#847);
#851=DIRECTION('',(1.E0,0.E0,0.E0));
#852=VECTOR('',#851,2.E-1);
#853=CARTESIAN_POINT('',(-9.E-1,7.5E-2,-2.25E0));
#854=LINE('',#853,#852);
#855=CURVE_STYLE('',#32,POSITIVE_LENGTH_MEASURE(2.E-2),#6);
#856=PRESENTATION_STYLE_ASSIGNMENT((#855));
#857=STYLED_ITEM('',(#856),#854);
#858=DIRECTION('',(0.E0,1.E0,0.E0));
#859=VECTOR('',#858,1.E-1);
#860=CARTESIAN_POINT('',(-9.E-1,7.5E-2,-2.25E0));
#861=LINE('',#860,#859);
#862=CURVE_STYLE('',#32,POSITIVE_LENGTH_MEASURE(2.E-2),#6);
#863=PRESENTATION_STYLE_ASSIGNMENT((#862));
#864=STYLED_ITEM('',(#863),#861);
#865=DIRECTION('',(1.E0,0.E0,0.E0));
#866=VECTOR('',#865,2.E-1);
#867=CARTESIAN_POINT('',(7.E-1,1.75E-1,-2.25E0));
#868=LINE('',#867,#866);
#869=CURVE_STYLE('',#32,POSITIVE_LENGTH_MEASURE(2.E-2),#6);
#870=PRESENTATION_STYLE_ASSIGNMENT((#869));
#871=STYLED_ITEM('',(#870),#868);
#872=DIRECTION('',(0.E0,1.E0,0.E0));
#873=VECTOR('',#872,1.E-1);
#874=CARTESIAN_POINT('',(9.E-1,7.5E-2,-2.25E0));
#875=LINE('',#874,#873);
#876=CURVE_STYLE('',#32,POSITIVE_LENGTH_MEASURE(2.E-2),#6);
#877=PRESENTATION_STYLE_ASSIGNMENT((#876));
#878=STYLED_ITEM('',(#877),#875);
#879=DIRECTION('',(1.E0,0.E0,0.E0));
#880=VECTOR('',#879,2.E-1);
#881=CARTESIAN_POINT('',(7.E-1,7.5E-2,-2.25E0));
#882=LINE('',#881,#880);
#883=CURVE_STYLE('',#32,POSITIVE_LENGTH_MEASURE(2.E-2),#6);
#884=PRESENTATION_STYLE_ASSIGNMENT((#883));
#885=STYLED_ITEM('',(#884),#882);
#886=DIRECTION('',(0.E0,1.E0,0.E0));
#887=VECTOR('',#886,1.E-1);
#888=CARTESIAN_POINT('',(7.E-1,7.5E-2,-2.25E0));
#889=LINE('',#888,#887);
#890=CURVE_STYLE('',#32,POSITIVE_LENGTH_MEASURE(2.E-2),#6);
#891=PRESENTATION_STYLE_ASSIGNMENT((#890));
#892=STYLED_ITEM('',(#891),#889);
#893=DIRECTION('',(0.E0,1.E0,0.E0));
#894=VECTOR('',#893,7.5E-1);
#895=CARTESIAN_POINT('',(1.75E0,0.E0,2.25E0));
#896=LINE('',#895,#894);
#897=CURVE_STYLE('',#32,POSITIVE_LENGTH_MEASURE(2.E-2),#6);
#898=PRESENTATION_STYLE_ASSIGNMENT((#897));
#899=STYLED_ITEM('',(#898),#896);
#900=DIRECTION('',(0.E0,1.E0,0.E0));
#901=VECTOR('',#900,1.75E-1);
#902=CARTESIAN_POINT('',(1.75E0,0.E0,-1.7E0));
#903=LINE('',#902,#901);
#904=CURVE_STYLE('',#32,POSITIVE_LENGTH_MEASURE(2.E-2),#6);
#905=PRESENTATION_STYLE_ASSIGNMENT((#904));
#906=STYLED_ITEM('',(#905),#903);
#907=DIRECTION('',(0.E0,0.E0,-1.E0));
#908=VECTOR('',#907,2.E-1);
#909=CARTESIAN_POINT('',(1.75E0,1.75E-1,-1.5E0));
#910=LINE('',#909,#908);
#911=CURVE_STYLE('',#32,POSITIVE_LENGTH_MEASURE(2.E-2),#6);
#912=PRESENTATION_STYLE_ASSIGNMENT((#911));
#913=STYLED_ITEM('',(#912),#910);
#914=DIRECTION('',(0.E0,1.E0,0.E0));
#915=VECTOR('',#914,1.75E-1);
#916=CARTESIAN_POINT('',(1.75E0,0.E0,-1.5E0));
#917=LINE('',#916,#915);
#918=CURVE_STYLE('',#32,POSITIVE_LENGTH_MEASURE(2.E-2),#6);
#919=PRESENTATION_STYLE_ASSIGNMENT((#918));
#920=STYLED_ITEM('',(#919),#917);
#921=DIRECTION('',(0.E0,1.E0,0.E0));
#922=VECTOR('',#921,1.75E-1);
#923=CARTESIAN_POINT('',(1.75E0,0.E0,-1.3E0));
#924=LINE('',#923,#922);
#925=CURVE_STYLE('',#32,POSITIVE_LENGTH_MEASURE(2.E-2),#6);
#926=PRESENTATION_STYLE_ASSIGNMENT((#925));
#927=STYLED_ITEM('',(#926),#924);
#928=DIRECTION('',(0.E0,0.E0,-1.E0));
#929=VECTOR('',#928,2.E-1);
#930=CARTESIAN_POINT('',(1.75E0,1.75E-1,-1.1E0));
#931=LINE('',#930,#929);
#932=CURVE_STYLE('',#32,POSITIVE_LENGTH_MEASURE(2.E-2),#6);
#933=PRESENTATION_STYLE_ASSIGNMENT((#932));
#934=STYLED_ITEM('',(#933),#931);
#935=DIRECTION('',(0.E0,1.E0,0.E0));
#936=VECTOR('',#935,1.75E-1);
#937=CARTESIAN_POINT('',(1.75E0,0.E0,-1.1E0));
#938=LINE('',#937,#936);
#939=CURVE_STYLE('',#32,POSITIVE_LENGTH_MEASURE(2.E-2),#6);
#940=PRESENTATION_STYLE_ASSIGNMENT((#939));
#941=STYLED_ITEM('',(#940),#938);
#942=DIRECTION('',(0.E0,1.E0,0.E0));
#943=VECTOR('',#942,1.75E-1);
#944=CARTESIAN_POINT('',(1.75E0,0.E0,-9.E-1));
#945=LINE('',#944,#943);
#946=CURVE_STYLE('',#32,POSITIVE_LENGTH_MEASURE(2.E-2),#6);
#947=PRESENTATION_STYLE_ASSIGNMENT((#946));
#948=STYLED_ITEM('',(#947),#945);
#949=DIRECTION('',(0.E0,0.E0,-1.E0));
#950=VECTOR('',#949,2.E-1);
#951=CARTESIAN_POINT('',(1.75E0,1.75E-1,-7.E-1));
#952=LINE('',#951,#950);
#953=CURVE_STYLE('',#32,POSITIVE_LENGTH_MEASURE(2.E-2),#6);
#954=PRESENTATION_STYLE_ASSIGNMENT((#953));
#955=STYLED_ITEM('',(#954),#952);
#956=DIRECTION('',(0.E0,1.E0,0.E0));
#957=VECTOR('',#956,1.75E-1);
#958=CARTESIAN_POINT('',(1.75E0,0.E0,-7.E-1));
#959=LINE('',#958,#957);
#960=CURVE_STYLE('',#32,POSITIVE_LENGTH_MEASURE(2.E-2),#6);
#961=PRESENTATION_STYLE_ASSIGNMENT((#960));
#962=STYLED_ITEM('',(#961),#959);
#963=DIRECTION('',(0.E0,1.E0,0.E0));
#964=VECTOR('',#963,1.75E-1);
#965=CARTESIAN_POINT('',(1.75E0,0.E0,-5.E-1));
#966=LINE('',#965,#964);
#967=CURVE_STYLE('',#32,POSITIVE_LENGTH_MEASURE(2.E-2),#6);
#968=PRESENTATION_STYLE_ASSIGNMENT((#967));
#969=STYLED_ITEM('',(#968),#966);
#970=DIRECTION('',(0.E0,0.E0,-1.E0));
#971=VECTOR('',#970,2.E-1);
#972=CARTESIAN_POINT('',(1.75E0,1.75E-1,-3.E-1));
#973=LINE('',#972,#971);
#974=CURVE_STYLE('',#32,POSITIVE_LENGTH_MEASURE(2.E-2),#6);
#975=PRESENTATION_STYLE_ASSIGNMENT((#974));
#976=STYLED_ITEM('',(#975),#973);
#977=DIRECTION('',(0.E0,1.E0,0.E0));
#978=VECTOR('',#977,1.75E-1);
#979=CARTESIAN_POINT('',(1.75E0,0.E0,-3.E-1));
#980=LINE('',#979,#978);
#981=CURVE_STYLE('',#32,POSITIVE_LENGTH_MEASURE(2.E-2),#6);
#982=PRESENTATION_STYLE_ASSIGNMENT((#981));
#983=STYLED_ITEM('',(#982),#980);
#984=DIRECTION('',(0.E0,1.E0,0.E0));
#985=VECTOR('',#984,1.75E-1);
#986=CARTESIAN_POINT('',(1.75E0,0.E0,-1.E-1));
#987=LINE('',#986,#985);
#988=CURVE_STYLE('',#32,POSITIVE_LENGTH_MEASURE(2.E-2),#6);
#989=PRESENTATION_STYLE_ASSIGNMENT((#988));
#990=STYLED_ITEM('',(#989),#987);
#991=DIRECTION('',(0.E0,0.E0,-1.E0));
#992=VECTOR('',#991,2.E-1);
#993=CARTESIAN_POINT('',(1.75E0,1.75E-1,1.E-1));
#994=LINE('',#993,#992);
#995=CURVE_STYLE('',#32,POSITIVE_LENGTH_MEASURE(2.E-2),#6);
#996=PRESENTATION_STYLE_ASSIGNMENT((#995));
#997=STYLED_ITEM('',(#996),#994);
#998=DIRECTION('',(0.E0,1.E0,0.E0));
#999=VECTOR('',#998,1.75E-1);
#1000=CARTESIAN_POINT('',(1.75E0,0.E0,1.E-1));
#1001=LINE('',#1000,#999);
#1002=CURVE_STYLE('',#32,POSITIVE_LENGTH_MEASURE(2.E-2),#6);
#1003=PRESENTATION_STYLE_ASSIGNMENT((#1002));
#1004=STYLED_ITEM('',(#1003),#1001);
#1005=DIRECTION('',(0.E0,1.E0,0.E0));
#1006=VECTOR('',#1005,1.75E-1);
#1007=CARTESIAN_POINT('',(1.75E0,0.E0,3.E-1));
#1008=LINE('',#1007,#1006);
#1009=CURVE_STYLE('',#32,POSITIVE_LENGTH_MEASURE(2.E-2),#6);
#1010=PRESENTATION_STYLE_ASSIGNMENT((#1009));
#1011=STYLED_ITEM('',(#1010),#1008);
#1012=DIRECTION('',(0.E0,0.E0,-1.E0));
#1013=VECTOR('',#1012,2.E-1);
#1014=CARTESIAN_POINT('',(1.75E0,1.75E-1,5.E-1));
#1015=LINE('',#1014,#1013);
#1016=CURVE_STYLE('',#32,POSITIVE_LENGTH_MEASURE(2.E-2),#6);
#1017=PRESENTATION_STYLE_ASSIGNMENT((#1016));
#1018=STYLED_ITEM('',(#1017),#1015);
#1019=DIRECTION('',(0.E0,1.E0,0.E0));
#1020=VECTOR('',#1019,1.75E-1);
#1021=CARTESIAN_POINT('',(1.75E0,0.E0,5.E-1));
#1022=LINE('',#1021,#1020);
#1023=CURVE_STYLE('',#32,POSITIVE_LENGTH_MEASURE(2.E-2),#6);
#1024=PRESENTATION_STYLE_ASSIGNMENT((#1023));
#1025=STYLED_ITEM('',(#1024),#1022);
#1026=DIRECTION('',(0.E0,1.E0,0.E0));
#1027=VECTOR('',#1026,1.75E-1);
#1028=CARTESIAN_POINT('',(1.75E0,0.E0,7.E-1));
#1029=LINE('',#1028,#1027);
#1030=CURVE_STYLE('',#32,POSITIVE_LENGTH_MEASURE(2.E-2),#6);
#1031=PRESENTATION_STYLE_ASSIGNMENT((#1030));
#1032=STYLED_ITEM('',(#1031),#1029);
#1033=DIRECTION('',(0.E0,0.E0,-1.E0));
#1034=VECTOR('',#1033,2.E-1);
#1035=CARTESIAN_POINT('',(1.75E0,1.75E-1,9.E-1));
#1036=LINE('',#1035,#1034);
#1037=CURVE_STYLE('',#32,POSITIVE_LENGTH_MEASURE(2.E-2),#6);
#1038=PRESENTATION_STYLE_ASSIGNMENT((#1037));
#1039=STYLED_ITEM('',(#1038),#1036);
#1040=DIRECTION('',(0.E0,1.E0,0.E0));
#1041=VECTOR('',#1040,1.75E-1);
#1042=CARTESIAN_POINT('',(1.75E0,0.E0,9.E-1));
#1043=LINE('',#1042,#1041);
#1044=CURVE_STYLE('',#32,POSITIVE_LENGTH_MEASURE(2.E-2),#6);
#1045=PRESENTATION_STYLE_ASSIGNMENT((#1044));
#1046=STYLED_ITEM('',(#1045),#1043);
#1047=DIRECTION('',(0.E0,1.E0,0.E0));
#1048=VECTOR('',#1047,1.75E-1);
#1049=CARTESIAN_POINT('',(1.75E0,0.E0,1.1E0));
#1050=LINE('',#1049,#1048);
#1051=CURVE_STYLE('',#32,POSITIVE_LENGTH_MEASURE(2.E-2),#6);
#1052=PRESENTATION_STYLE_ASSIGNMENT((#1051));
#1053=STYLED_ITEM('',(#1052),#1050);
#1054=DIRECTION('',(0.E0,0.E0,-1.E0));
#1055=VECTOR('',#1054,2.E-1);
#1056=CARTESIAN_POINT('',(1.75E0,1.75E-1,1.3E0));
#1057=LINE('',#1056,#1055);
#1058=CURVE_STYLE('',#32,POSITIVE_LENGTH_MEASURE(2.E-2),#6);
#1059=PRESENTATION_STYLE_ASSIGNMENT((#1058));
#1060=STYLED_ITEM('',(#1059),#1057);
#1061=DIRECTION('',(0.E0,1.E0,0.E0));
#1062=VECTOR('',#1061,1.75E-1);
#1063=CARTESIAN_POINT('',(1.75E0,0.E0,1.3E0));
#1064=LINE('',#1063,#1062);
#1065=CURVE_STYLE('',#32,POSITIVE_LENGTH_MEASURE(2.E-2),#6);
#1066=PRESENTATION_STYLE_ASSIGNMENT((#1065));
#1067=STYLED_ITEM('',(#1066),#1064);
#1068=DIRECTION('',(0.E0,1.E0,0.E0));
#1069=VECTOR('',#1068,1.75E-1);
#1070=CARTESIAN_POINT('',(1.75E0,0.E0,1.5E0));
#1071=LINE('',#1070,#1069);
#1072=CURVE_STYLE('',#32,POSITIVE_LENGTH_MEASURE(2.E-2),#6);
#1073=PRESENTATION_STYLE_ASSIGNMENT((#1072));
#1074=STYLED_ITEM('',(#1073),#1071);
#1075=DIRECTION('',(0.E0,0.E0,-1.E0));
#1076=VECTOR('',#1075,2.E-1);
#1077=CARTESIAN_POINT('',(1.75E0,1.75E-1,1.7E0));
#1078=LINE('',#1077,#1076);
#1079=CURVE_STYLE('',#32,POSITIVE_LENGTH_MEASURE(2.E-2),#6);
#1080=PRESENTATION_STYLE_ASSIGNMENT((#1079));
#1081=STYLED_ITEM('',(#1080),#1078);
#1082=DIRECTION('',(0.E0,1.E0,0.E0));
#1083=VECTOR('',#1082,1.75E-1);
#1084=CARTESIAN_POINT('',(1.75E0,0.E0,1.7E0));
#1085=LINE('',#1084,#1083);
#1086=CURVE_STYLE('',#32,POSITIVE_LENGTH_MEASURE(2.E-2),#6);
#1087=PRESENTATION_STYLE_ASSIGNMENT((#1086));
#1088=STYLED_ITEM('',(#1087),#1085);
#1089=DIRECTION('',(0.E0,1.E0,0.E0));
#1090=VECTOR('',#1089,7.5E-1);
#1091=CARTESIAN_POINT('',(-1.75E0,0.E0,2.25E0));
#1092=LINE('',#1091,#1090);
#1093=CURVE_STYLE('',#32,POSITIVE_LENGTH_MEASURE(2.E-2),#6);
#1094=PRESENTATION_STYLE_ASSIGNMENT((#1093));
#1095=STYLED_ITEM('',(#1094),#1092);
#1096=DIRECTION('',(1.E0,0.E0,0.E0));
#1097=VECTOR('',#1096,2.E-1);
#1098=CARTESIAN_POINT('',(-9.E-1,1.75E-1,2.25E0));
#1099=LINE('',#1098,#1097);
#1100=CURVE_STYLE('',#32,POSITIVE_LENGTH_MEASURE(2.E-2),#6);
#1101=PRESENTATION_STYLE_ASSIGNMENT((#1100));
#1102=STYLED_ITEM('',(#1101),#1099);
#1103=DIRECTION('',(0.E0,1.E0,0.E0));
#1104=VECTOR('',#1103,1.E-1);
#1105=CARTESIAN_POINT('',(-9.E-1,7.5E-2,2.25E0));
#1106=LINE('',#1105,#1104);
#1107=CURVE_STYLE('',#32,POSITIVE_LENGTH_MEASURE(2.E-2),#6);
#1108=PRESENTATION_STYLE_ASSIGNMENT((#1107));
#1109=STYLED_ITEM('',(#1108),#1106);
#1110=DIRECTION('',(1.E0,0.E0,0.E0));
#1111=VECTOR('',#1110,2.E-1);
#1112=CARTESIAN_POINT('',(-9.E-1,7.5E-2,2.25E0));
#1113=LINE('',#1112,#1111);
#1114=CURVE_STYLE('',#32,POSITIVE_LENGTH_MEASURE(2.E-2),#6);
#1115=PRESENTATION_STYLE_ASSIGNMENT((#1114));
#1116=STYLED_ITEM('',(#1115),#1113);
#1117=DIRECTION('',(0.E0,1.E0,0.E0));
#1118=VECTOR('',#1117,1.E-1);
#1119=CARTESIAN_POINT('',(-7.E-1,7.5E-2,2.25E0));
#1120=LINE('',#1119,#1118);
#1121=CURVE_STYLE('',#32,POSITIVE_LENGTH_MEASURE(2.E-2),#6);
#1122=PRESENTATION_STYLE_ASSIGNMENT((#1121));
#1123=STYLED_ITEM('',(#1122),#1120);
#1124=DIRECTION('',(1.E0,0.E0,0.E0));
#1125=VECTOR('',#1124,2.E-1);
#1126=CARTESIAN_POINT('',(7.E-1,1.75E-1,2.25E0));
#1127=LINE('',#1126,#1125);
#1128=CURVE_STYLE('',#32,POSITIVE_LENGTH_MEASURE(2.E-2),#6);
#1129=PRESENTATION_STYLE_ASSIGNMENT((#1128));
#1130=STYLED_ITEM('',(#1129),#1127);
#1131=DIRECTION('',(0.E0,1.E0,0.E0));
#1132=VECTOR('',#1131,1.E-1);
#1133=CARTESIAN_POINT('',(7.E-1,7.5E-2,2.25E0));
#1134=LINE('',#1133,#1132);
#1135=CURVE_STYLE('',#32,POSITIVE_LENGTH_MEASURE(2.E-2),#6);
#1136=PRESENTATION_STYLE_ASSIGNMENT((#1135));
#1137=STYLED_ITEM('',(#1136),#1134);
#1138=DIRECTION('',(1.E0,0.E0,0.E0));
#1139=VECTOR('',#1138,2.E-1);
#1140=CARTESIAN_POINT('',(7.E-1,7.5E-2,2.25E0));
#1141=LINE('',#1140,#1139);
#1142=CURVE_STYLE('',#32,POSITIVE_LENGTH_MEASURE(2.E-2),#6);
#1143=PRESENTATION_STYLE_ASSIGNMENT((#1142));
#1144=STYLED_ITEM('',(#1143),#1141);
#1145=DIRECTION('',(0.E0,1.E0,0.E0));
#1146=VECTOR('',#1145,1.E-1);
#1147=CARTESIAN_POINT('',(9.E-1,7.5E-2,2.25E0));
#1148=LINE('',#1147,#1146);
#1149=CURVE_STYLE('',#32,POSITIVE_LENGTH_MEASURE(2.E-2),#6);
#1150=PRESENTATION_STYLE_ASSIGNMENT((#1149));
#1151=STYLED_ITEM('',(#1150),#1148);
#1152=DIRECTION('',(0.E0,0.E0,1.E0));
#1153=VECTOR('',#1152,4.5E0);
#1154=CARTESIAN_POINT('',(-1.75E0,7.5E-1,-2.25E0));
#1155=LINE('',#1154,#1153);
#1156=CURVE_STYLE('',#32,POSITIVE_LENGTH_MEASURE(2.E-2),#6);
#1157=PRESENTATION_STYLE_ASSIGNMENT((#1156));
#1158=STYLED_ITEM('',(#1157),#1155);
#1159=DIRECTION('',(-1.E0,0.E0,0.E0));
#1160=VECTOR('',#1159,3.5E0);
#1161=CARTESIAN_POINT('',(1.75E0,7.5E-1,-2.25E0));
#1162=LINE('',#1161,#1160);
#1163=CURVE_STYLE('',#32,POSITIVE_LENGTH_MEASURE(2.E-2),#6);
#1164=PRESENTATION_STYLE_ASSIGNMENT((#1163));
#1165=STYLED_ITEM('',(#1164),#1162);
#1166=DIRECTION('',(0.E0,0.E0,-1.E0));
#1167=VECTOR('',#1166,4.5E0);
#1168=CARTESIAN_POINT('',(1.75E0,7.5E-1,2.25E0));
#1169=LINE('',#1168,#1167);
#1170=CURVE_STYLE('',#32,POSITIVE_LENGTH_MEASURE(2.E-2),#6);
#1171=PRESENTATION_STYLE_ASSIGNMENT((#1170));
#1172=STYLED_ITEM('',(#1171),#1169);
#1173=DIRECTION('',(1.E0,0.E0,0.E0));
#1174=VECTOR('',#1173,3.5E0);
#1175=CARTESIAN_POINT('',(-1.75E0,7.5E-1,2.25E0));
#1176=LINE('',#1175,#1174);
#1177=CURVE_STYLE('',#32,POSITIVE_LENGTH_MEASURE(2.E-2),#6);
#1178=PRESENTATION_STYLE_ASSIGNMENT((#1177));
#1179=STYLED_ITEM('',(#1178),#1176);
#1180=DIRECTION('',(0.E0,0.E0,-1.E0));
#1181=VECTOR('',#1180,1.75E-1);
#1182=CARTESIAN_POINT('',(-7.E-1,1.75E-1,2.25E0));
#1183=LINE('',#1182,#1181);
#1184=CURVE_STYLE('',#32,POSITIVE_LENGTH_MEASURE(2.E-2),#6);
#1185=PRESENTATION_STYLE_ASSIGNMENT((#1184));
#1186=STYLED_ITEM('',(#1185),#1183);
#1187=DIRECTION('',(1.E0,0.E0,0.E0));
#1188=VECTOR('',#1187,1.4E0);
#1189=CARTESIAN_POINT('',(-7.E-1,1.75E-1,2.075E0));
#1190=LINE('',#1189,#1188);
#1191=CURVE_STYLE('',#32,POSITIVE_LENGTH_MEASURE(2.E-2),#6);
#1192=PRESENTATION_STYLE_ASSIGNMENT((#1191));
#1193=STYLED_ITEM('',(#1192),#1190);
#1194=DIRECTION('',(0.E0,0.E0,-1.E0));
#1195=VECTOR('',#1194,1.75E-1);
#1196=CARTESIAN_POINT('',(7.E-1,1.75E-1,2.25E0));
#1197=LINE('',#1196,#1195);
#1198=CURVE_STYLE('',#32,POSITIVE_LENGTH_MEASURE(2.E-2),#6);
#1199=PRESENTATION_STYLE_ASSIGNMENT((#1198));
#1200=STYLED_ITEM('',(#1199),#1197);
#1201=DIRECTION('',(0.E0,0.E0,1.E0));
#1202=VECTOR('',#1201,1.75E-1);
#1203=CARTESIAN_POINT('',(9.E-1,1.75E-1,2.075E0));
#1204=LINE('',#1203,#1202);
#1205=CURVE_STYLE('',#32,POSITIVE_LENGTH_MEASURE(2.E-2),#6);
#1206=PRESENTATION_STYLE_ASSIGNMENT((#1205));
#1207=STYLED_ITEM('',(#1206),#1204);
#1208=DIRECTION('',(1.E0,0.E0,0.E0));
#1209=VECTOR('',#1208,2.5E-1);
#1210=CARTESIAN_POINT('',(9.E-1,1.75E-1,2.075E0));
#1211=LINE('',#1210,#1209);
#1212=CURVE_STYLE('',#32,POSITIVE_LENGTH_MEASURE(2.E-2),#6);
#1213=PRESENTATION_STYLE_ASSIGNMENT((#1212));
#1214=STYLED_ITEM('',(#1213),#1211);
#1215=DIRECTION('',(0.E0,0.E0,-1.E0));
#1216=VECTOR('',#1215,4.15E0);
#1217=CARTESIAN_POINT('',(1.15E0,1.75E-1,2.075E0));
#1218=LINE('',#1217,#1216);
#1219=CURVE_STYLE('',#32,POSITIVE_LENGTH_MEASURE(2.E-2),#6);
#1220=PRESENTATION_STYLE_ASSIGNMENT((#1219));
#1221=STYLED_ITEM('',(#1220),#1218);
#1222=DIRECTION('',(-1.E0,0.E0,0.E0));
#1223=VECTOR('',#1222,2.5E-1);
#1224=CARTESIAN_POINT('',(1.15E0,1.75E-1,-2.075E0));
#1225=LINE('',#1224,#1223);
#1226=CURVE_STYLE('',#32,POSITIVE_LENGTH_MEASURE(2.E-2),#6);
#1227=PRESENTATION_STYLE_ASSIGNMENT((#1226));
#1228=STYLED_ITEM('',(#1227),#1225);
#1229=DIRECTION('',(0.E0,0.E0,-1.E0));
#1230=VECTOR('',#1229,1.75E-1);
#1231=CARTESIAN_POINT('',(9.E-1,1.75E-1,-2.075E0));
#1232=LINE('',#1231,#1230);
#1233=CURVE_STYLE('',#32,POSITIVE_LENGTH_MEASURE(2.E-2),#6);
#1234=PRESENTATION_STYLE_ASSIGNMENT((#1233));
#1235=STYLED_ITEM('',(#1234),#1232);
#1236=DIRECTION('',(0.E0,0.E0,1.E0));
#1237=VECTOR('',#1236,1.75E-1);
#1238=CARTESIAN_POINT('',(7.E-1,1.75E-1,-2.25E0));
#1239=LINE('',#1238,#1237);
#1240=CURVE_STYLE('',#32,POSITIVE_LENGTH_MEASURE(2.E-2),#6);
#1241=PRESENTATION_STYLE_ASSIGNMENT((#1240));
#1242=STYLED_ITEM('',(#1241),#1239);
#1243=DIRECTION('',(-1.E0,0.E0,0.E0));
#1244=VECTOR('',#1243,1.4E0);
#1245=CARTESIAN_POINT('',(7.E-1,1.75E-1,-2.075E0));
#1246=LINE('',#1245,#1244);
#1247=CURVE_STYLE('',#32,POSITIVE_LENGTH_MEASURE(2.E-2),#6);
#1248=PRESENTATION_STYLE_ASSIGNMENT((#1247));
#1249=STYLED_ITEM('',(#1248),#1246);
#1250=DIRECTION('',(0.E0,0.E0,1.E0));
#1251=VECTOR('',#1250,1.75E-1);
#1252=CARTESIAN_POINT('',(-7.E-1,1.75E-1,-2.25E0));
#1253=LINE('',#1252,#1251);
#1254=CURVE_STYLE('',#32,POSITIVE_LENGTH_MEASURE(2.E-2),#6);
#1255=PRESENTATION_STYLE_ASSIGNMENT((#1254));
#1256=STYLED_ITEM('',(#1255),#1253);
#1257=DIRECTION('',(0.E0,0.E0,-1.E0));
#1258=VECTOR('',#1257,1.75E-1);
#1259=CARTESIAN_POINT('',(-9.E-1,1.75E-1,-2.075E0));
#1260=LINE('',#1259,#1258);
#1261=CURVE_STYLE('',#32,POSITIVE_LENGTH_MEASURE(2.E-2),#6);
#1262=PRESENTATION_STYLE_ASSIGNMENT((#1261));
#1263=STYLED_ITEM('',(#1262),#1260);
#1264=DIRECTION('',(-1.E0,0.E0,0.E0));
#1265=VECTOR('',#1264,2.5E-1);
#1266=CARTESIAN_POINT('',(-9.E-1,1.75E-1,-2.075E0));
#1267=LINE('',#1266,#1265);
#1268=CURVE_STYLE('',#32,POSITIVE_LENGTH_MEASURE(2.E-2),#6);
#1269=PRESENTATION_STYLE_ASSIGNMENT((#1268));
#1270=STYLED_ITEM('',(#1269),#1267);
#1271=DIRECTION('',(0.E0,0.E0,1.E0));
#1272=VECTOR('',#1271,4.15E0);
#1273=CARTESIAN_POINT('',(-1.15E0,1.75E-1,-2.075E0));
#1274=LINE('',#1273,#1272);
#1275=CURVE_STYLE('',#32,POSITIVE_LENGTH_MEASURE(2.E-2),#6);
#1276=PRESENTATION_STYLE_ASSIGNMENT((#1275));
#1277=STYLED_ITEM('',(#1276),#1274);
#1278=DIRECTION('',(1.E0,0.E0,0.E0));
#1279=VECTOR('',#1278,2.5E-1);
#1280=CARTESIAN_POINT('',(-1.15E0,1.75E-1,2.075E0));
#1281=LINE('',#1280,#1279);
#1282=CURVE_STYLE('',#32,POSITIVE_LENGTH_MEASURE(2.E-2),#6);
#1283=PRESENTATION_STYLE_ASSIGNMENT((#1282));
#1284=STYLED_ITEM('',(#1283),#1281);
#1285=DIRECTION('',(0.E0,0.E0,1.E0));
#1286=VECTOR('',#1285,1.75E-1);
#1287=CARTESIAN_POINT('',(-9.E-1,1.75E-1,2.075E0));
#1288=LINE('',#1287,#1286);
#1289=CURVE_STYLE('',#32,POSITIVE_LENGTH_MEASURE(2.E-2),#6);
#1290=PRESENTATION_STYLE_ASSIGNMENT((#1289));
#1291=STYLED_ITEM('',(#1290),#1288);
#1292=DIRECTION('',(0.E0,0.E0,1.E0));
#1293=VECTOR('',#1292,1.75E-1);
#1294=CARTESIAN_POINT('',(-9.E-1,7.5E-2,2.075E0));
#1295=LINE('',#1294,#1293);
#1296=CURVE_STYLE('',#32,POSITIVE_LENGTH_MEASURE(2.E-2),#6);
#1297=PRESENTATION_STYLE_ASSIGNMENT((#1296));
#1298=STYLED_ITEM('',(#1297),#1295);
#1299=DIRECTION('',(1.E0,0.E0,0.E0));
#1300=VECTOR('',#1299,2.5E-1);
#1301=CARTESIAN_POINT('',(-1.15E0,7.5E-2,2.075E0));
#1302=LINE('',#1301,#1300);
#1303=CURVE_STYLE('',#32,POSITIVE_LENGTH_MEASURE(2.E-2),#6);
#1304=PRESENTATION_STYLE_ASSIGNMENT((#1303));
#1305=STYLED_ITEM('',(#1304),#1302);
#1306=DIRECTION('',(0.E0,0.E0,1.E0));
#1307=VECTOR('',#1306,4.15E0);
#1308=CARTESIAN_POINT('',(-1.15E0,7.5E-2,-2.075E0));
#1309=LINE('',#1308,#1307);
#1310=CURVE_STYLE('',#32,POSITIVE_LENGTH_MEASURE(2.E-2),#6);
#1311=PRESENTATION_STYLE_ASSIGNMENT((#1310));
#1312=STYLED_ITEM('',(#1311),#1309);
#1313=DIRECTION('',(-1.E0,0.E0,0.E0));
#1314=VECTOR('',#1313,2.5E-1);
#1315=CARTESIAN_POINT('',(-9.E-1,7.5E-2,-2.075E0));
#1316=LINE('',#1315,#1314);
#1317=CURVE_STYLE('',#32,POSITIVE_LENGTH_MEASURE(2.E-2),#6);
#1318=PRESENTATION_STYLE_ASSIGNMENT((#1317));
#1319=STYLED_ITEM('',(#1318),#1316);
#1320=DIRECTION('',(0.E0,0.E0,-1.E0));
#1321=VECTOR('',#1320,1.75E-1);
#1322=CARTESIAN_POINT('',(-9.E-1,7.5E-2,-2.075E0));
#1323=LINE('',#1322,#1321);
#1324=CURVE_STYLE('',#32,POSITIVE_LENGTH_MEASURE(2.E-2),#6);
#1325=PRESENTATION_STYLE_ASSIGNMENT((#1324));
#1326=STYLED_ITEM('',(#1325),#1323);
#1327=DIRECTION('',(0.E0,0.E0,1.E0));
#1328=VECTOR('',#1327,1.75E-1);
#1329=CARTESIAN_POINT('',(-7.E-1,7.5E-2,-2.25E0));
#1330=LINE('',#1329,#1328);
#1331=CURVE_STYLE('',#32,POSITIVE_LENGTH_MEASURE(2.E-2),#6);
#1332=PRESENTATION_STYLE_ASSIGNMENT((#1331));
#1333=STYLED_ITEM('',(#1332),#1330);
#1334=DIRECTION('',(-1.E0,0.E0,0.E0));
#1335=VECTOR('',#1334,1.4E0);
#1336=CARTESIAN_POINT('',(7.E-1,7.5E-2,-2.075E0));
#1337=LINE('',#1336,#1335);
#1338=CURVE_STYLE('',#32,POSITIVE_LENGTH_MEASURE(2.E-2),#6);
#1339=PRESENTATION_STYLE_ASSIGNMENT((#1338));
#1340=STYLED_ITEM('',(#1339),#1337);
#1341=DIRECTION('',(0.E0,0.E0,1.E0));
#1342=VECTOR('',#1341,1.75E-1);
#1343=CARTESIAN_POINT('',(7.E-1,7.5E-2,-2.25E0));
#1344=LINE('',#1343,#1342);
#1345=CURVE_STYLE('',#32,POSITIVE_LENGTH_MEASURE(2.E-2),#6);
#1346=PRESENTATION_STYLE_ASSIGNMENT((#1345));
#1347=STYLED_ITEM('',(#1346),#1344);
#1348=DIRECTION('',(0.E0,0.E0,-1.E0));
#1349=VECTOR('',#1348,1.75E-1);
#1350=CARTESIAN_POINT('',(9.E-1,7.5E-2,-2.075E0));
#1351=LINE('',#1350,#1349);
#1352=CURVE_STYLE('',#32,POSITIVE_LENGTH_MEASURE(2.E-2),#6);
#1353=PRESENTATION_STYLE_ASSIGNMENT((#1352));
#1354=STYLED_ITEM('',(#1353),#1351);
#1355=DIRECTION('',(-1.E0,0.E0,0.E0));
#1356=VECTOR('',#1355,2.5E-1);
#1357=CARTESIAN_POINT('',(1.15E0,7.5E-2,-2.075E0));
#1358=LINE('',#1357,#1356);
#1359=CURVE_STYLE('',#32,POSITIVE_LENGTH_MEASURE(2.E-2),#6);
#1360=PRESENTATION_STYLE_ASSIGNMENT((#1359));
#1361=STYLED_ITEM('',(#1360),#1358);
#1362=DIRECTION('',(0.E0,0.E0,-1.E0));
#1363=VECTOR('',#1362,4.15E0);
#1364=CARTESIAN_POINT('',(1.15E0,7.5E-2,2.075E0));
#1365=LINE('',#1364,#1363);
#1366=CURVE_STYLE('',#32,POSITIVE_LENGTH_MEASURE(2.E-2),#6);
#1367=PRESENTATION_STYLE_ASSIGNMENT((#1366));
#1368=STYLED_ITEM('',(#1367),#1365);
#1369=DIRECTION('',(1.E0,0.E0,0.E0));
#1370=VECTOR('',#1369,2.5E-1);
#1371=CARTESIAN_POINT('',(9.E-1,7.5E-2,2.075E0));
#1372=LINE('',#1371,#1370);
#1373=CURVE_STYLE('',#32,POSITIVE_LENGTH_MEASURE(2.E-2),#6);
#1374=PRESENTATION_STYLE_ASSIGNMENT((#1373));
#1375=STYLED_ITEM('',(#1374),#1372);
#1376=DIRECTION('',(0.E0,0.E0,1.E0));
#1377=VECTOR('',#1376,1.75E-1);
#1378=CARTESIAN_POINT('',(9.E-1,7.5E-2,2.075E0));
#1379=LINE('',#1378,#1377);
#1380=CURVE_STYLE('',#32,POSITIVE_LENGTH_MEASURE(2.E-2),#6);
#1381=PRESENTATION_STYLE_ASSIGNMENT((#1380));
#1382=STYLED_ITEM('',(#1381),#1379);
#1383=DIRECTION('',(0.E0,0.E0,-1.E0));
#1384=VECTOR('',#1383,1.75E-1);
#1385=CARTESIAN_POINT('',(7.E-1,7.5E-2,2.25E0));
#1386=LINE('',#1385,#1384);
#1387=CURVE_STYLE('',#32,POSITIVE_LENGTH_MEASURE(2.E-2),#6);
#1388=PRESENTATION_STYLE_ASSIGNMENT((#1387));
#1389=STYLED_ITEM('',(#1388),#1386);
#1390=DIRECTION('',(1.E0,0.E0,0.E0));
#1391=VECTOR('',#1390,1.4E0);
#1392=CARTESIAN_POINT('',(-7.E-1,7.5E-2,2.075E0));
#1393=LINE('',#1392,#1391);
#1394=CURVE_STYLE('',#32,POSITIVE_LENGTH_MEASURE(2.E-2),#6);
#1395=PRESENTATION_STYLE_ASSIGNMENT((#1394));
#1396=STYLED_ITEM('',(#1395),#1393);
#1397=DIRECTION('',(0.E0,0.E0,-1.E0));
#1398=VECTOR('',#1397,1.75E-1);
#1399=CARTESIAN_POINT('',(-7.E-1,7.5E-2,2.25E0));
#1400=LINE('',#1399,#1398);
#1401=CURVE_STYLE('',#32,POSITIVE_LENGTH_MEASURE(2.E-2),#6);
#1402=PRESENTATION_STYLE_ASSIGNMENT((#1401));
#1403=STYLED_ITEM('',(#1402),#1400);
#1404=DIRECTION('',(0.E0,-1.E0,0.E0));
#1405=VECTOR('',#1404,7.5E-2);
#1406=CARTESIAN_POINT('',(-7.5E-1,7.5E-2,-1.975E0));
#1407=LINE('',#1406,#1405);
#1408=CURVE_STYLE('',#32,POSITIVE_LENGTH_MEASURE(2.E-2),#6);
#1409=PRESENTATION_STYLE_ASSIGNMENT((#1408));
#1410=STYLED_ITEM('',(#1409),#1407);
#1411=DIRECTION('',(-1.E0,0.E0,0.E0));
#1412=VECTOR('',#1411,1.8E0);
#1413=CARTESIAN_POINT('',(1.05E0,7.5E-2,-1.975E0));
#1414=LINE('',#1413,#1412);
#1415=CURVE_STYLE('',#32,POSITIVE_LENGTH_MEASURE(2.E-2),#6);
#1416=PRESENTATION_STYLE_ASSIGNMENT((#1415));
#1417=STYLED_ITEM('',(#1416),#1414);
#1418=DIRECTION('',(0.E0,-1.E0,0.E0));
#1419=VECTOR('',#1418,7.5E-2);
#1420=CARTESIAN_POINT('',(1.05E0,7.5E-2,-1.975E0));
#1421=LINE('',#1420,#1419);
#1422=CURVE_STYLE('',#32,POSITIVE_LENGTH_MEASURE(2.E-2),#6);
#1423=PRESENTATION_STYLE_ASSIGNMENT((#1422));
#1424=STYLED_ITEM('',(#1423),#1421);
#1425=DIRECTION('',(7.071067811865E-1,0.E0,-7.071067811865E-1));
#1426=VECTOR('',#1425,4.242640687119E-1);
#1427=CARTESIAN_POINT('',(-1.05E0,7.5E-2,-1.675E0));
#1428=LINE('',#1427,#1426);
#1429=CURVE_STYLE('',#32,POSITIVE_LENGTH_MEASURE(2.E-2),#6);
#1430=PRESENTATION_STYLE_ASSIGNMENT((#1429));
#1431=STYLED_ITEM('',(#1430),#1428);
#1432=DIRECTION('',(0.E0,0.E0,1.E0));
#1433=VECTOR('',#1432,3.65E0);
#1434=CARTESIAN_POINT('',(-1.05E0,7.5E-2,-1.675E0));
#1435=LINE('',#1434,#1433);
#1436=CURVE_STYLE('',#32,POSITIVE_LENGTH_MEASURE(2.E-2),#6);
#1437=PRESENTATION_STYLE_ASSIGNMENT((#1436));
#1438=STYLED_ITEM('',(#1437),#1435);
#1439=DIRECTION('',(0.E0,-1.E0,0.E0));
#1440=VECTOR('',#1439,7.5E-2);
#1441=CARTESIAN_POINT('',(-1.05E0,7.5E-2,-1.675E0));
#1442=LINE('',#1441,#1440);
#1443=CURVE_STYLE('',#32,POSITIVE_LENGTH_MEASURE(2.E-2),#6);
#1444=PRESENTATION_STYLE_ASSIGNMENT((#1443));
#1445=STYLED_ITEM('',(#1444),#1442);
#1446=DIRECTION('',(1.E0,0.E0,0.E0));
#1447=VECTOR('',#1446,2.1E0);
#1448=CARTESIAN_POINT('',(-1.05E0,7.5E-2,1.975E0));
#1449=LINE('',#1448,#1447);
#1450=CURVE_STYLE('',#32,POSITIVE_LENGTH_MEASURE(2.E-2),#6);
#1451=PRESENTATION_STYLE_ASSIGNMENT((#1450));
#1452=STYLED_ITEM('',(#1451),#1449);
#1453=DIRECTION('',(0.E0,-1.E0,0.E0));
#1454=VECTOR('',#1453,7.5E-2);
#1455=CARTESIAN_POINT('',(-1.05E0,7.5E-2,1.975E0));
#1456=LINE('',#1455,#1454);
#1457=CURVE_STYLE('',#32,POSITIVE_LENGTH_MEASURE(2.E-2),#6);
#1458=PRESENTATION_STYLE_ASSIGNMENT((#1457));
#1459=STYLED_ITEM('',(#1458),#1456);
#1460=DIRECTION('',(0.E0,0.E0,-1.E0));
#1461=VECTOR('',#1460,3.95E0);
#1462=CARTESIAN_POINT('',(1.05E0,7.5E-2,1.975E0));
#1463=LINE('',#1462,#1461);
#1464=CURVE_STYLE('',#32,POSITIVE_LENGTH_MEASURE(2.E-2),#6);
#1465=PRESENTATION_STYLE_ASSIGNMENT((#1464));
#1466=STYLED_ITEM('',(#1465),#1463);
#1467=DIRECTION('',(0.E0,-1.E0,0.E0));
#1468=VECTOR('',#1467,7.5E-2);
#1469=CARTESIAN_POINT('',(1.05E0,7.5E-2,1.975E0));
#1470=LINE('',#1469,#1468);
#1471=CURVE_STYLE('',#32,POSITIVE_LENGTH_MEASURE(2.E-2),#6);
#1472=PRESENTATION_STYLE_ASSIGNMENT((#1471));
#1473=STYLED_ITEM('',(#1472),#1470);
#1474=DIRECTION('',(0.E0,1.E0,0.E0));
#1475=VECTOR('',#1474,1.E-1);
#1476=CARTESIAN_POINT('',(-9.E-1,7.5E-2,2.075E0));
#1477=LINE('',#1476,#1475);
#1478=CURVE_STYLE('',#32,POSITIVE_LENGTH_MEASURE(2.E-2),#6);
#1479=PRESENTATION_STYLE_ASSIGNMENT((#1478));
#1480=STYLED_ITEM('',(#1479),#1477);
#1481=DIRECTION('',(0.E0,1.E0,0.E0));
#1482=VECTOR('',#1481,1.E-1);
#1483=CARTESIAN_POINT('',(-1.15E0,7.5E-2,2.075E0));
#1484=LINE('',#1483,#1482);
#1485=CURVE_STYLE('',#32,POSITIVE_LENGTH_MEASURE(2.E-2),#6);
#1486=PRESENTATION_STYLE_ASSIGNMENT((#1485));
#1487=STYLED_ITEM('',(#1486),#1484);
#1488=DIRECTION('',(0.E0,1.E0,0.E0));
#1489=VECTOR('',#1488,1.E-1);
#1490=CARTESIAN_POINT('',(9.E-1,7.5E-2,2.075E0));
#1491=LINE('',#1490,#1489);
#1492=CURVE_STYLE('',#32,POSITIVE_LENGTH_MEASURE(2.E-2),#6);
#1493=PRESENTATION_STYLE_ASSIGNMENT((#1492));
#1494=STYLED_ITEM('',(#1493),#1491);
#1495=DIRECTION('',(0.E0,1.E0,0.E0));
#1496=VECTOR('',#1495,1.E-1);
#1497=CARTESIAN_POINT('',(7.E-1,7.5E-2,2.075E0));
#1498=LINE('',#1497,#1496);
#1499=CURVE_STYLE('',#32,POSITIVE_LENGTH_MEASURE(2.E-2),#6);
#1500=PRESENTATION_STYLE_ASSIGNMENT((#1499));
#1501=STYLED_ITEM('',(#1500),#1498);
#1502=DIRECTION('',(0.E0,1.E0,0.E0));
#1503=VECTOR('',#1502,1.E-1);
#1504=CARTESIAN_POINT('',(-7.E-1,7.5E-2,2.075E0));
#1505=LINE('',#1504,#1503);
#1506=CURVE_STYLE('',#32,POSITIVE_LENGTH_MEASURE(2.E-2),#6);
#1507=PRESENTATION_STYLE_ASSIGNMENT((#1506));
#1508=STYLED_ITEM('',(#1507),#1505);
#1509=DIRECTION('',(0.E0,1.E0,0.E0));
#1510=VECTOR('',#1509,1.E-1);
#1511=CARTESIAN_POINT('',(-1.15E0,7.5E-2,-2.075E0));
#1512=LINE('',#1511,#1510);
#1513=CURVE_STYLE('',#32,POSITIVE_LENGTH_MEASURE(2.E-2),#6);
#1514=PRESENTATION_STYLE_ASSIGNMENT((#1513));
#1515=STYLED_ITEM('',(#1514),#1512);
#1516=DIRECTION('',(0.E0,1.E0,0.E0));
#1517=VECTOR('',#1516,1.E-1);
#1518=CARTESIAN_POINT('',(-9.E-1,7.5E-2,-2.075E0));
#1519=LINE('',#1518,#1517);
#1520=CURVE_STYLE('',#32,POSITIVE_LENGTH_MEASURE(2.E-2),#6);
#1521=PRESENTATION_STYLE_ASSIGNMENT((#1520));
#1522=STYLED_ITEM('',(#1521),#1519);
#1523=DIRECTION('',(0.E0,1.E0,0.E0));
#1524=VECTOR('',#1523,1.E-1);
#1525=CARTESIAN_POINT('',(9.E-1,7.5E-2,-2.075E0));
#1526=LINE('',#1525,#1524);
#1527=CURVE_STYLE('',#32,POSITIVE_LENGTH_MEASURE(2.E-2),#6);
#1528=PRESENTATION_STYLE_ASSIGNMENT((#1527));
#1529=STYLED_ITEM('',(#1528),#1526);
#1530=DIRECTION('',(0.E0,1.E0,0.E0));
#1531=VECTOR('',#1530,1.E-1);
#1532=CARTESIAN_POINT('',(1.15E0,7.5E-2,-2.075E0));
#1533=LINE('',#1532,#1531);
#1534=CURVE_STYLE('',#32,POSITIVE_LENGTH_MEASURE(2.E-2),#6);
#1535=PRESENTATION_STYLE_ASSIGNMENT((#1534));
#1536=STYLED_ITEM('',(#1535),#1533);
#1537=DIRECTION('',(0.E0,1.E0,0.E0));
#1538=VECTOR('',#1537,1.E-1);
#1539=CARTESIAN_POINT('',(7.E-1,7.5E-2,-2.075E0));
#1540=LINE('',#1539,#1538);
#1541=CURVE_STYLE('',#32,POSITIVE_LENGTH_MEASURE(2.E-2),#6);
#1542=PRESENTATION_STYLE_ASSIGNMENT((#1541));
#1543=STYLED_ITEM('',(#1542),#1540);
#1544=DIRECTION('',(0.E0,1.E0,0.E0));
#1545=VECTOR('',#1544,1.E-1);
#1546=CARTESIAN_POINT('',(-7.E-1,7.5E-2,-2.075E0));
#1547=LINE('',#1546,#1545);
#1548=CURVE_STYLE('',#32,POSITIVE_LENGTH_MEASURE(2.E-2),#6);
#1549=PRESENTATION_STYLE_ASSIGNMENT((#1548));
#1550=STYLED_ITEM('',(#1549),#1547);
#1551=DIRECTION('',(0.E0,1.E0,0.E0));
#1552=VECTOR('',#1551,1.E-1);
#1553=CARTESIAN_POINT('',(1.15E0,7.5E-2,2.075E0));
#1554=LINE('',#1553,#1552);
#1555=CURVE_STYLE('',#32,POSITIVE_LENGTH_MEASURE(2.E-2),#6);
#1556=PRESENTATION_STYLE_ASSIGNMENT((#1555));
#1557=STYLED_ITEM('',(#1556),#1554);
#1558=DIRECTION('',(0.E0,1.E0,0.E0));
#1559=VECTOR('',#1558,1.75E-1);
#1560=CARTESIAN_POINT('',(1.45E0,0.E0,-1.7E0));
#1561=LINE('',#1560,#1559);
#1562=CURVE_STYLE('',#32,POSITIVE_LENGTH_MEASURE(2.E-2),#6);
#1563=PRESENTATION_STYLE_ASSIGNMENT((#1562));
#1564=STYLED_ITEM('',(#1563),#1561);
#1565=DIRECTION('',(0.E0,1.E0,0.E0));
#1566=VECTOR('',#1565,1.75E-1);
#1567=CARTESIAN_POINT('',(1.45E0,0.E0,-1.5E0));
#1568=LINE('',#1567,#1566);
#1569=CURVE_STYLE('',#32,POSITIVE_LENGTH_MEASURE(2.E-2),#6);
#1570=PRESENTATION_STYLE_ASSIGNMENT((#1569));
#1571=STYLED_ITEM('',(#1570),#1568);
#1572=DIRECTION('',(-1.E0,0.E0,0.E0));
#1573=VECTOR('',#1572,3.E-1);
#1574=CARTESIAN_POINT('',(1.75E0,1.75E-1,-1.7E0));
#1575=LINE('',#1574,#1573);
#1576=CURVE_STYLE('',#32,POSITIVE_LENGTH_MEASURE(2.E-2),#6);
#1577=PRESENTATION_STYLE_ASSIGNMENT((#1576));
#1578=STYLED_ITEM('',(#1577),#1575);
#1579=CARTESIAN_POINT('',(1.45E0,1.75E-1,-1.6E0));
#1580=DIRECTION('',(0.E0,1.E0,0.E0));
#1581=DIRECTION('',(0.E0,0.E0,-1.E0));
#1582=AXIS2_PLACEMENT_3D('',#1579,#1580,#1581);
#1584=CURVE_STYLE('',#32,POSITIVE_LENGTH_MEASURE(2.E-2),#6);
#1585=PRESENTATION_STYLE_ASSIGNMENT((#1584));
#1586=STYLED_ITEM('',(#1585),#1583);
#1587=DIRECTION('',(1.E0,0.E0,0.E0));
#1588=VECTOR('',#1587,3.E-1);
#1589=CARTESIAN_POINT('',(1.45E0,1.75E-1,-1.5E0));
#1590=LINE('',#1589,#1588);
#1591=CURVE_STYLE('',#32,POSITIVE_LENGTH_MEASURE(2.E-2),#6);
#1592=PRESENTATION_STYLE_ASSIGNMENT((#1591));
#1593=STYLED_ITEM('',(#1592),#1590);
#1594=DIRECTION('',(0.E0,1.E0,0.E0));
#1595=VECTOR('',#1594,1.75E-1);
#1596=CARTESIAN_POINT('',(1.45E0,0.E0,-1.3E0));
#1597=LINE('',#1596,#1595);
#1598=CURVE_STYLE('',#32,POSITIVE_LENGTH_MEASURE(2.E-2),#6);
#1599=PRESENTATION_STYLE_ASSIGNMENT((#1598));
#1600=STYLED_ITEM('',(#1599),#1597);
#1601=DIRECTION('',(0.E0,1.E0,0.E0));
#1602=VECTOR('',#1601,1.75E-1);
#1603=CARTESIAN_POINT('',(1.45E0,0.E0,-1.1E0));
#1604=LINE('',#1603,#1602);
#1605=CURVE_STYLE('',#32,POSITIVE_LENGTH_MEASURE(2.E-2),#6);
#1606=PRESENTATION_STYLE_ASSIGNMENT((#1605));
#1607=STYLED_ITEM('',(#1606),#1604);
#1608=DIRECTION('',(-1.E0,0.E0,0.E0));
#1609=VECTOR('',#1608,3.E-1);
#1610=CARTESIAN_POINT('',(1.75E0,1.75E-1,-1.3E0));
#1611=LINE('',#1610,#1609);
#1612=CURVE_STYLE('',#32,POSITIVE_LENGTH_MEASURE(2.E-2),#6);
#1613=PRESENTATION_STYLE_ASSIGNMENT((#1612));
#1614=STYLED_ITEM('',(#1613),#1611);
#1615=CARTESIAN_POINT('',(1.45E0,1.75E-1,-1.2E0));
#1616=DIRECTION('',(0.E0,1.E0,0.E0));
#1617=DIRECTION('',(0.E0,0.E0,-1.E0));
#1618=AXIS2_PLACEMENT_3D('',#1615,#1616,#1617);
#1620=CURVE_STYLE('',#32,POSITIVE_LENGTH_MEASURE(2.E-2),#6);
#1621=PRESENTATION_STYLE_ASSIGNMENT((#1620));
#1622=STYLED_ITEM('',(#1621),#1619);
#1623=DIRECTION('',(1.E0,0.E0,0.E0));
#1624=VECTOR('',#1623,3.E-1);
#1625=CARTESIAN_POINT('',(1.45E0,1.75E-1,-1.1E0));
#1626=LINE('',#1625,#1624);
#1627=CURVE_STYLE('',#32,POSITIVE_LENGTH_MEASURE(2.E-2),#6);
#1628=PRESENTATION_STYLE_ASSIGNMENT((#1627));
#1629=STYLED_ITEM('',(#1628),#1626);
#1630=DIRECTION('',(0.E0,1.E0,0.E0));
#1631=VECTOR('',#1630,1.75E-1);
#1632=CARTESIAN_POINT('',(1.45E0,0.E0,-9.E-1));
#1633=LINE('',#1632,#1631);
#1634=CURVE_STYLE('',#32,POSITIVE_LENGTH_MEASURE(2.E-2),#6);
#1635=PRESENTATION_STYLE_ASSIGNMENT((#1634));
#1636=STYLED_ITEM('',(#1635),#1633);
#1637=DIRECTION('',(0.E0,1.E0,0.E0));
#1638=VECTOR('',#1637,1.75E-1);
#1639=CARTESIAN_POINT('',(1.45E0,0.E0,-7.E-1));
#1640=LINE('',#1639,#1638);
#1641=CURVE_STYLE('',#32,POSITIVE_LENGTH_MEASURE(2.E-2),#6);
#1642=PRESENTATION_STYLE_ASSIGNMENT((#1641));
#1643=STYLED_ITEM('',(#1642),#1640);
#1644=DIRECTION('',(-1.E0,0.E0,0.E0));
#1645=VECTOR('',#1644,3.E-1);
#1646=CARTESIAN_POINT('',(1.75E0,1.75E-1,-9.E-1));
#1647=LINE('',#1646,#1645);
#1648=CURVE_STYLE('',#32,POSITIVE_LENGTH_MEASURE(2.E-2),#6);
#1649=PRESENTATION_STYLE_ASSIGNMENT((#1648));
#1650=STYLED_ITEM('',(#1649),#1647);
#1651=CARTESIAN_POINT('',(1.45E0,1.75E-1,-8.E-1));
#1652=DIRECTION('',(0.E0,1.E0,0.E0));
#1653=DIRECTION('',(0.E0,0.E0,-1.E0));
#1654=AXIS2_PLACEMENT_3D('',#1651,#1652,#1653);
#1656=CURVE_STYLE('',#32,POSITIVE_LENGTH_MEASURE(2.E-2),#6);
#1657=PRESENTATION_STYLE_ASSIGNMENT((#1656));
#1658=STYLED_ITEM('',(#1657),#1655);
#1659=DIRECTION('',(1.E0,0.E0,0.E0));
#1660=VECTOR('',#1659,3.E-1);
#1661=CARTESIAN_POINT('',(1.45E0,1.75E-1,-7.E-1));
#1662=LINE('',#1661,#1660);
#1663=CURVE_STYLE('',#32,POSITIVE_LENGTH_MEASURE(2.E-2),#6);
#1664=PRESENTATION_STYLE_ASSIGNMENT((#1663));
#1665=STYLED_ITEM('',(#1664),#1662);
#1666=DIRECTION('',(0.E0,1.E0,0.E0));
#1667=VECTOR('',#1666,1.75E-1);
#1668=CARTESIAN_POINT('',(1.35E0,0.E0,-4.E-1));
#1669=LINE('',#1668,#1667);
#1670=CURVE_STYLE('',#32,POSITIVE_LENGTH_MEASURE(2.E-2),#6);
#1671=PRESENTATION_STYLE_ASSIGNMENT((#1670));
#1672=STYLED_ITEM('',(#1671),#1669);
#1673=DIRECTION('',(0.E0,1.E0,0.E0));
#1674=VECTOR('',#1673,1.75E-1);
#1675=CARTESIAN_POINT('',(1.45E0,0.E0,-5.E-1));
#1676=LINE('',#1675,#1674);
#1677=CURVE_STYLE('',#32,POSITIVE_LENGTH_MEASURE(2.E-2),#6);
#1678=PRESENTATION_STYLE_ASSIGNMENT((#1677));
#1679=STYLED_ITEM('',(#1678),#1676);
#1680=DIRECTION('',(0.E0,1.E0,0.E0));
#1681=VECTOR('',#1680,1.75E-1);
#1682=CARTESIAN_POINT('',(1.35E0,0.E0,1.6E0));
#1683=LINE('',#1682,#1681);
#1684=CURVE_STYLE('',#32,POSITIVE_LENGTH_MEASURE(2.E-2),#6);
#1685=PRESENTATION_STYLE_ASSIGNMENT((#1684));
#1686=STYLED_ITEM('',(#1685),#1683);
#1687=DIRECTION('',(0.E0,1.E0,0.E0));
#1688=VECTOR('',#1687,1.75E-1);
#1689=CARTESIAN_POINT('',(1.45E0,0.E0,1.7E0));
#1690=LINE('',#1689,#1688);
#1691=CURVE_STYLE('',#32,POSITIVE_LENGTH_MEASURE(2.E-2),#6);
#1692=PRESENTATION_STYLE_ASSIGNMENT((#1691));
#1693=STYLED_ITEM('',(#1692),#1690);
#1694=DIRECTION('',(-1.E0,0.E0,0.E0));
#1695=VECTOR('',#1694,1.7E-1);
#1696=CARTESIAN_POINT('',(1.75E0,1.75E-1,1.5E0));
#1697=LINE('',#1696,#1695);
#1698=CURVE_STYLE('',#32,POSITIVE_LENGTH_MEASURE(2.E-2),#6);
#1699=PRESENTATION_STYLE_ASSIGNMENT((#1698));
#1700=STYLED_ITEM('',(#1699),#1697);
#1701=DIRECTION('',(0.E0,0.E0,-1.E0));
#1702=VECTOR('',#1701,2.E-1);
#1703=CARTESIAN_POINT('',(1.58E0,1.75E-1,1.5E0));
#1704=LINE('',#1703,#1702);
#1705=CURVE_STYLE('',#32,POSITIVE_LENGTH_MEASURE(2.E-2),#6);
#1706=PRESENTATION_STYLE_ASSIGNMENT((#1705));
#1707=STYLED_ITEM('',(#1706),#1704);
#1708=DIRECTION('',(1.E0,0.E0,0.E0));
#1709=VECTOR('',#1708,1.7E-1);
#1710=CARTESIAN_POINT('',(1.58E0,1.75E-1,1.3E0));
#1711=LINE('',#1710,#1709);
#1712=CURVE_STYLE('',#32,POSITIVE_LENGTH_MEASURE(2.E-2),#6);
#1713=PRESENTATION_STYLE_ASSIGNMENT((#1712));
#1714=STYLED_ITEM('',(#1713),#1711);
#1715=DIRECTION('',(-1.E0,0.E0,0.E0));
#1716=VECTOR('',#1715,1.7E-1);
#1717=CARTESIAN_POINT('',(1.75E0,1.75E-1,1.1E0));
#1718=LINE('',#1717,#1716);
#1719=CURVE_STYLE('',#32,POSITIVE_LENGTH_MEASURE(2.E-2),#6);
#1720=PRESENTATION_STYLE_ASSIGNMENT((#1719));
#1721=STYLED_ITEM('',(#1720),#1718);
#1722=DIRECTION('',(0.E0,0.E0,-1.E0));
#1723=VECTOR('',#1722,2.E-1);
#1724=CARTESIAN_POINT('',(1.58E0,1.75E-1,1.1E0));
#1725=LINE('',#1724,#1723);
#1726=CURVE_STYLE('',#32,POSITIVE_LENGTH_MEASURE(2.E-2),#6);
#1727=PRESENTATION_STYLE_ASSIGNMENT((#1726));
#1728=STYLED_ITEM('',(#1727),#1725);
#1729=DIRECTION('',(1.E0,0.E0,0.E0));
#1730=VECTOR('',#1729,1.7E-1);
#1731=CARTESIAN_POINT('',(1.58E0,1.75E-1,9.E-1));
#1732=LINE('',#1731,#1730);
#1733=CURVE_STYLE('',#32,POSITIVE_LENGTH_MEASURE(2.E-2),#6);
#1734=PRESENTATION_STYLE_ASSIGNMENT((#1733));
#1735=STYLED_ITEM('',(#1734),#1732);
#1736=DIRECTION('',(-1.E0,0.E0,0.E0));
#1737=VECTOR('',#1736,1.7E-1);
#1738=CARTESIAN_POINT('',(1.75E0,1.75E-1,7.E-1));
#1739=LINE('',#1738,#1737);
#1740=CURVE_STYLE('',#32,POSITIVE_LENGTH_MEASURE(2.E-2),#6);
#1741=PRESENTATION_STYLE_ASSIGNMENT((#1740));
#1742=STYLED_ITEM('',(#1741),#1739);
#1743=DIRECTION('',(0.E0,0.E0,-1.E0));
#1744=VECTOR('',#1743,2.E-1);
#1745=CARTESIAN_POINT('',(1.58E0,1.75E-1,7.E-1));
#1746=LINE('',#1745,#1744);
#1747=CURVE_STYLE('',#32,POSITIVE_LENGTH_MEASURE(2.E-2),#6);
#1748=PRESENTATION_STYLE_ASSIGNMENT((#1747));
#1749=STYLED_ITEM('',(#1748),#1746);
#1750=DIRECTION('',(1.E0,0.E0,0.E0));
#1751=VECTOR('',#1750,1.7E-1);
#1752=CARTESIAN_POINT('',(1.58E0,1.75E-1,5.E-1));
#1753=LINE('',#1752,#1751);
#1754=CURVE_STYLE('',#32,POSITIVE_LENGTH_MEASURE(2.E-2),#6);
#1755=PRESENTATION_STYLE_ASSIGNMENT((#1754));
#1756=STYLED_ITEM('',(#1755),#1753);
#1757=DIRECTION('',(-1.E0,0.E0,0.E0));
#1758=VECTOR('',#1757,1.7E-1);
#1759=CARTESIAN_POINT('',(1.75E0,1.75E-1,3.E-1));
#1760=LINE('',#1759,#1758);
#1761=CURVE_STYLE('',#32,POSITIVE_LENGTH_MEASURE(2.E-2),#6);
#1762=PRESENTATION_STYLE_ASSIGNMENT((#1761));
#1763=STYLED_ITEM('',(#1762),#1760);
#1764=DIRECTION('',(0.E0,0.E0,-1.E0));
#1765=VECTOR('',#1764,2.E-1);
#1766=CARTESIAN_POINT('',(1.58E0,1.75E-1,3.E-1));
#1767=LINE('',#1766,#1765);
#1768=CURVE_STYLE('',#32,POSITIVE_LENGTH_MEASURE(2.E-2),#6);
#1769=PRESENTATION_STYLE_ASSIGNMENT((#1768));
#1770=STYLED_ITEM('',(#1769),#1767);
#1771=DIRECTION('',(1.E0,0.E0,0.E0));
#1772=VECTOR('',#1771,1.7E-1);
#1773=CARTESIAN_POINT('',(1.58E0,1.75E-1,1.E-1));
#1774=LINE('',#1773,#1772);
#1775=CURVE_STYLE('',#32,POSITIVE_LENGTH_MEASURE(2.E-2),#6);
#1776=PRESENTATION_STYLE_ASSIGNMENT((#1775));
#1777=STYLED_ITEM('',(#1776),#1774);
#1778=DIRECTION('',(-1.E0,0.E0,0.E0));
#1779=VECTOR('',#1778,1.7E-1);
#1780=CARTESIAN_POINT('',(1.75E0,1.75E-1,-1.E-1));
#1781=LINE('',#1780,#1779);
#1782=CURVE_STYLE('',#32,POSITIVE_LENGTH_MEASURE(2.E-2),#6);
#1783=PRESENTATION_STYLE_ASSIGNMENT((#1782));
#1784=STYLED_ITEM('',(#1783),#1781);
#1785=DIRECTION('',(0.E0,0.E0,-1.E0));
#1786=VECTOR('',#1785,2.E-1);
#1787=CARTESIAN_POINT('',(1.58E0,1.75E-1,-1.E-1));
#1788=LINE('',#1787,#1786);
#1789=CURVE_STYLE('',#32,POSITIVE_LENGTH_MEASURE(2.E-2),#6);
#1790=PRESENTATION_STYLE_ASSIGNMENT((#1789));
#1791=STYLED_ITEM('',(#1790),#1788);
#1792=DIRECTION('',(1.E0,0.E0,0.E0));
#1793=VECTOR('',#1792,1.7E-1);
#1794=CARTESIAN_POINT('',(1.58E0,1.75E-1,-3.E-1));
#1795=LINE('',#1794,#1793);
#1796=CURVE_STYLE('',#32,POSITIVE_LENGTH_MEASURE(2.E-2),#6);
#1797=PRESENTATION_STYLE_ASSIGNMENT((#1796));
#1798=STYLED_ITEM('',(#1797),#1795);
#1799=DIRECTION('',(-1.E0,0.E0,0.E0));
#1800=VECTOR('',#1799,3.E-1);
#1801=CARTESIAN_POINT('',(1.75E0,1.75E-1,-5.E-1));
#1802=LINE('',#1801,#1800);
#1803=CURVE_STYLE('',#32,POSITIVE_LENGTH_MEASURE(2.E-2),#6);
#1804=PRESENTATION_STYLE_ASSIGNMENT((#1803));
#1805=STYLED_ITEM('',(#1804),#1802);
#1806=CARTESIAN_POINT('',(1.45E0,1.75E-1,-4.E-1));
#1807=DIRECTION('',(0.E0,1.E0,0.E0));
#1808=DIRECTION('',(0.E0,0.E0,-1.E0));
#1809=AXIS2_PLACEMENT_3D('',#1806,#1807,#1808);
#1811=CURVE_STYLE('',#32,POSITIVE_LENGTH_MEASURE(2.E-2),#6);
#1812=PRESENTATION_STYLE_ASSIGNMENT((#1811));
#1813=STYLED_ITEM('',(#1812),#1810);
#1814=DIRECTION('',(0.E0,0.E0,-1.E0));
#1815=VECTOR('',#1814,2.E0);
#1816=CARTESIAN_POINT('',(1.35E0,1.75E-1,1.6E0));
#1817=LINE('',#1816,#1815);
#1818=CURVE_STYLE('',#32,POSITIVE_LENGTH_MEASURE(2.E-2),#6);
#1819=PRESENTATION_STYLE_ASSIGNMENT((#1818));
#1820=STYLED_ITEM('',(#1819),#1817);
#1821=CARTESIAN_POINT('',(1.45E0,1.75E-1,1.6E0));
#1822=DIRECTION('',(0.E0,1.E0,0.E0));
#1823=DIRECTION('',(-1.E0,0.E0,0.E0));
#1824=AXIS2_PLACEMENT_3D('',#1821,#1822,#1823);
#1826=CURVE_STYLE('',#32,POSITIVE_LENGTH_MEASURE(2.E-2),#6);
#1827=PRESENTATION_STYLE_ASSIGNMENT((#1826));
#1828=STYLED_ITEM('',(#1827),#1825);
#1829=DIRECTION('',(1.E0,0.E0,0.E0));
#1830=VECTOR('',#1829,3.E-1);
#1831=CARTESIAN_POINT('',(1.45E0,1.75E-1,1.7E0));
#1832=LINE('',#1831,#1830);
#1833=CURVE_STYLE('',#32,POSITIVE_LENGTH_MEASURE(2.E-2),#6);
#1834=PRESENTATION_STYLE_ASSIGNMENT((#1833));
#1835=STYLED_ITEM('',(#1834),#1832);
#1836=DIRECTION('',(0.E0,1.E0,0.E0));
#1837=VECTOR('',#1836,1.75E-1);
#1838=CARTESIAN_POINT('',(1.58E0,0.E0,1.5E0));
#1839=LINE('',#1838,#1837);
#1840=CURVE_STYLE('',#32,POSITIVE_LENGTH_MEASURE(2.E-2),#6);
#1841=PRESENTATION_STYLE_ASSIGNMENT((#1840));
#1842=STYLED_ITEM('',(#1841),#1839);
#1843=DIRECTION('',(0.E0,1.E0,0.E0));
#1844=VECTOR('',#1843,1.75E-1);
#1845=CARTESIAN_POINT('',(1.58E0,0.E0,1.3E0));
#1846=LINE('',#1845,#1844);
#1847=CURVE_STYLE('',#32,POSITIVE_LENGTH_MEASURE(2.E-2),#6);
#1848=PRESENTATION_STYLE_ASSIGNMENT((#1847));
#1849=STYLED_ITEM('',(#1848),#1846);
#1850=DIRECTION('',(0.E0,1.E0,0.E0));
#1851=VECTOR('',#1850,1.75E-1);
#1852=CARTESIAN_POINT('',(1.58E0,0.E0,9.E-1));
#1853=LINE('',#1852,#1851);
#1854=CURVE_STYLE('',#32,POSITIVE_LENGTH_MEASURE(2.E-2),#6);
#1855=PRESENTATION_STYLE_ASSIGNMENT((#1854));
#1856=STYLED_ITEM('',(#1855),#1853);
#1857=DIRECTION('',(0.E0,1.E0,0.E0));
#1858=VECTOR('',#1857,1.75E-1);
#1859=CARTESIAN_POINT('',(1.58E0,0.E0,1.1E0));
#1860=LINE('',#1859,#1858);
#1861=CURVE_STYLE('',#32,POSITIVE_LENGTH_MEASURE(2.E-2),#6);
#1862=PRESENTATION_STYLE_ASSIGNMENT((#1861));
#1863=STYLED_ITEM('',(#1862),#1860);
#1864=DIRECTION('',(0.E0,1.E0,0.E0));
#1865=VECTOR('',#1864,1.75E-1);
#1866=CARTESIAN_POINT('',(1.58E0,0.E0,5.E-1));
#1867=LINE('',#1866,#1865);
#1868=CURVE_STYLE('',#32,POSITIVE_LENGTH_MEASURE(2.E-2),#6);
#1869=PRESENTATION_STYLE_ASSIGNMENT((#1868));
#1870=STYLED_ITEM('',(#1869),#1867);
#1871=DIRECTION('',(0.E0,1.E0,0.E0));
#1872=VECTOR('',#1871,1.75E-1);
#1873=CARTESIAN_POINT('',(1.58E0,0.E0,7.E-1));
#1874=LINE('',#1873,#1872);
#1875=CURVE_STYLE('',#32,POSITIVE_LENGTH_MEASURE(2.E-2),#6);
#1876=PRESENTATION_STYLE_ASSIGNMENT((#1875));
#1877=STYLED_ITEM('',(#1876),#1874);
#1878=DIRECTION('',(0.E0,1.E0,0.E0));
#1879=VECTOR('',#1878,1.75E-1);
#1880=CARTESIAN_POINT('',(1.58E0,0.E0,1.E-1));
#1881=LINE('',#1880,#1879);
#1882=CURVE_STYLE('',#32,POSITIVE_LENGTH_MEASURE(2.E-2),#6);
#1883=PRESENTATION_STYLE_ASSIGNMENT((#1882));
#1884=STYLED_ITEM('',(#1883),#1881);
#1885=DIRECTION('',(0.E0,1.E0,0.E0));
#1886=VECTOR('',#1885,1.75E-1);
#1887=CARTESIAN_POINT('',(1.58E0,0.E0,3.E-1));
#1888=LINE('',#1887,#1886);
#1889=CURVE_STYLE('',#32,POSITIVE_LENGTH_MEASURE(2.E-2),#6);
#1890=PRESENTATION_STYLE_ASSIGNMENT((#1889));
#1891=STYLED_ITEM('',(#1890),#1888);
#1892=DIRECTION('',(0.E0,1.E0,0.E0));
#1893=VECTOR('',#1892,1.75E-1);
#1894=CARTESIAN_POINT('',(1.58E0,0.E0,-3.E-1));
#1895=LINE('',#1894,#1893);
#1896=CURVE_STYLE('',#32,POSITIVE_LENGTH_MEASURE(2.E-2),#6);
#1897=PRESENTATION_STYLE_ASSIGNMENT((#1896));
#1898=STYLED_ITEM('',(#1897),#1895);
#1899=DIRECTION('',(0.E0,1.E0,0.E0));
#1900=VECTOR('',#1899,1.75E-1);
#1901=CARTESIAN_POINT('',(1.58E0,0.E0,-1.E-1));
#1902=LINE('',#1901,#1900);
#1903=CURVE_STYLE('',#32,POSITIVE_LENGTH_MEASURE(2.E-2),#6);
#1904=PRESENTATION_STYLE_ASSIGNMENT((#1903));
#1905=STYLED_ITEM('',(#1904),#1902);
#1906=DIRECTION('',(0.E0,1.E0,0.E0));
#1907=VECTOR('',#1906,1.75E-1);
#1908=CARTESIAN_POINT('',(-1.45E0,0.E0,1.7E0));
#1909=LINE('',#1908,#1907);
#1910=CURVE_STYLE('',#32,POSITIVE_LENGTH_MEASURE(2.E-2),#6);
#1911=PRESENTATION_STYLE_ASSIGNMENT((#1910));
#1912=STYLED_ITEM('',(#1911),#1909);
#1913=DIRECTION('',(0.E0,-1.E0,0.E0));
#1914=VECTOR('',#1913,1.75E-1);
#1915=CARTESIAN_POINT('',(-1.35E0,1.75E-1,1.6E0));
#1916=LINE('',#1915,#1914);
#1917=CURVE_STYLE('',#32,POSITIVE_LENGTH_MEASURE(2.E-2),#6);
#1918=PRESENTATION_STYLE_ASSIGNMENT((#1917));
#1919=STYLED_ITEM('',(#1918),#1916);
#1920=DIRECTION('',(0.E0,1.E0,0.E0));
#1921=VECTOR('',#1920,1.75E-1);
#1922=CARTESIAN_POINT('',(-1.45E0,0.E0,-5.E-1));
#1923=LINE('',#1922,#1921);
#1924=CURVE_STYLE('',#32,POSITIVE_LENGTH_MEASURE(2.E-2),#6);
#1925=PRESENTATION_STYLE_ASSIGNMENT((#1924));
#1926=STYLED_ITEM('',(#1925),#1923);
#1927=DIRECTION('',(0.E0,-1.E0,0.E0));
#1928=VECTOR('',#1927,1.75E-1);
#1929=CARTESIAN_POINT('',(-1.35E0,1.75E-1,-4.E-1));
#1930=LINE('',#1929,#1928);
#1931=CURVE_STYLE('',#32,POSITIVE_LENGTH_MEASURE(2.E-2),#6);
#1932=PRESENTATION_STYLE_ASSIGNMENT((#1931));
#1933=STYLED_ITEM('',(#1932),#1930);
#1934=DIRECTION('',(-1.E0,0.E0,0.E0));
#1935=VECTOR('',#1934,3.E-1);
#1936=CARTESIAN_POINT('',(-1.45E0,1.75E-1,1.7E0));
#1937=LINE('',#1936,#1935);
#1938=CURVE_STYLE('',#32,POSITIVE_LENGTH_MEASURE(2.E-2),#6);
#1939=PRESENTATION_STYLE_ASSIGNMENT((#1938));
#1940=STYLED_ITEM('',(#1939),#1937);
#1941=CARTESIAN_POINT('',(-1.45E0,1.75E-1,1.6E0));
#1942=DIRECTION('',(0.E0,-1.E0,0.E0));
#1943=DIRECTION('',(1.E0,0.E0,0.E0));
#1944=AXIS2_PLACEMENT_3D('',#1941,#1942,#1943);
#1946=CURVE_STYLE('',#32,POSITIVE_LENGTH_MEASURE(2.E-2),#6);
#1947=PRESENTATION_STYLE_ASSIGNMENT((#1946));
#1948=STYLED_ITEM('',(#1947),#1945);
#1949=DIRECTION('',(0.E0,0.E0,1.E0));
#1950=VECTOR('',#1949,2.E0);
#1951=CARTESIAN_POINT('',(-1.35E0,1.75E-1,-4.E-1));
#1952=LINE('',#1951,#1950);
#1953=CURVE_STYLE('',#32,POSITIVE_LENGTH_MEASURE(2.E-2),#6);
#1954=PRESENTATION_STYLE_ASSIGNMENT((#1953));
#1955=STYLED_ITEM('',(#1954),#1952);
#1956=CARTESIAN_POINT('',(-1.45E0,1.75E-1,-4.E-1));
#1957=DIRECTION('',(0.E0,-1.E0,0.E0));
#1958=DIRECTION('',(0.E0,0.E0,-1.E0));
#1959=AXIS2_PLACEMENT_3D('',#1956,#1957,#1958);
#1961=CURVE_STYLE('',#32,POSITIVE_LENGTH_MEASURE(2.E-2),#6);
#1962=PRESENTATION_STYLE_ASSIGNMENT((#1961));
#1963=STYLED_ITEM('',(#1962),#1960);
#1964=DIRECTION('',(1.E0,0.E0,0.E0));
#1965=VECTOR('',#1964,3.E-1);
#1966=CARTESIAN_POINT('',(-1.75E0,1.75E-1,-5.E-1));
#1967=LINE('',#1966,#1965);
#1968=CURVE_STYLE('',#32,POSITIVE_LENGTH_MEASURE(2.E-2),#6);
#1969=PRESENTATION_STYLE_ASSIGNMENT((#1968));
#1970=STYLED_ITEM('',(#1969),#1967);
#1971=DIRECTION('',(-1.E0,0.E0,0.E0));
#1972=VECTOR('',#1971,1.7E-1);
#1973=CARTESIAN_POINT('',(-1.58E0,1.75E-1,-3.E-1));
#1974=LINE('',#1973,#1972);
#1975=CURVE_STYLE('',#32,POSITIVE_LENGTH_MEASURE(2.E-2),#6);
#1976=PRESENTATION_STYLE_ASSIGNMENT((#1975));
#1977=STYLED_ITEM('',(#1976),#1974);
#1978=DIRECTION('',(0.E0,0.E0,-1.E0));
#1979=VECTOR('',#1978,2.E-1);
#1980=CARTESIAN_POINT('',(-1.58E0,1.75E-1,-1.E-1));
#1981=LINE('',#1980,#1979);
#1982=CURVE_STYLE('',#32,POSITIVE_LENGTH_MEASURE(2.E-2),#6);
#1983=PRESENTATION_STYLE_ASSIGNMENT((#1982));
#1984=STYLED_ITEM('',(#1983),#1981);
#1985=DIRECTION('',(1.E0,0.E0,0.E0));
#1986=VECTOR('',#1985,1.7E-1);
#1987=CARTESIAN_POINT('',(-1.75E0,1.75E-1,-1.E-1));
#1988=LINE('',#1987,#1986);
#1989=CURVE_STYLE('',#32,POSITIVE_LENGTH_MEASURE(2.E-2),#6);
#1990=PRESENTATION_STYLE_ASSIGNMENT((#1989));
#1991=STYLED_ITEM('',(#1990),#1988);
#1992=DIRECTION('',(-1.E0,0.E0,0.E0));
#1993=VECTOR('',#1992,1.7E-1);
#1994=CARTESIAN_POINT('',(-1.58E0,1.75E-1,1.E-1));
#1995=LINE('',#1994,#1993);
#1996=CURVE_STYLE('',#32,POSITIVE_LENGTH_MEASURE(2.E-2),#6);
#1997=PRESENTATION_STYLE_ASSIGNMENT((#1996));
#1998=STYLED_ITEM('',(#1997),#1995);
#1999=DIRECTION('',(0.E0,0.E0,-1.E0));
#2000=VECTOR('',#1999,2.E-1);
#2001=CARTESIAN_POINT('',(-1.58E0,1.75E-1,3.E-1));
#2002=LINE('',#2001,#2000);
#2003=CURVE_STYLE('',#32,POSITIVE_LENGTH_MEASURE(2.E-2),#6);
#2004=PRESENTATION_STYLE_ASSIGNMENT((#2003));
#2005=STYLED_ITEM('',(#2004),#2002);
#2006=DIRECTION('',(1.E0,0.E0,0.E0));
#2007=VECTOR('',#2006,1.7E-1);
#2008=CARTESIAN_POINT('',(-1.75E0,1.75E-1,3.E-1));
#2009=LINE('',#2008,#2007);
#2010=CURVE_STYLE('',#32,POSITIVE_LENGTH_MEASURE(2.E-2),#6);
#2011=PRESENTATION_STYLE_ASSIGNMENT((#2010));
#2012=STYLED_ITEM('',(#2011),#2009);
#2013=DIRECTION('',(-1.E0,0.E0,0.E0));
#2014=VECTOR('',#2013,1.7E-1);
#2015=CARTESIAN_POINT('',(-1.58E0,1.75E-1,5.E-1));
#2016=LINE('',#2015,#2014);
#2017=CURVE_STYLE('',#32,POSITIVE_LENGTH_MEASURE(2.E-2),#6);
#2018=PRESENTATION_STYLE_ASSIGNMENT((#2017));
#2019=STYLED_ITEM('',(#2018),#2016);
#2020=DIRECTION('',(0.E0,0.E0,-1.E0));
#2021=VECTOR('',#2020,2.E-1);
#2022=CARTESIAN_POINT('',(-1.58E0,1.75E-1,7.E-1));
#2023=LINE('',#2022,#2021);
#2024=CURVE_STYLE('',#32,POSITIVE_LENGTH_MEASURE(2.E-2),#6);
#2025=PRESENTATION_STYLE_ASSIGNMENT((#2024));
#2026=STYLED_ITEM('',(#2025),#2023);
#2027=DIRECTION('',(1.E0,0.E0,0.E0));
#2028=VECTOR('',#2027,1.7E-1);
#2029=CARTESIAN_POINT('',(-1.75E0,1.75E-1,7.E-1));
#2030=LINE('',#2029,#2028);
#2031=CURVE_STYLE('',#32,POSITIVE_LENGTH_MEASURE(2.E-2),#6);
#2032=PRESENTATION_STYLE_ASSIGNMENT((#2031));
#2033=STYLED_ITEM('',(#2032),#2030);
#2034=DIRECTION('',(-1.E0,0.E0,0.E0));
#2035=VECTOR('',#2034,1.7E-1);
#2036=CARTESIAN_POINT('',(-1.58E0,1.75E-1,9.E-1));
#2037=LINE('',#2036,#2035);
#2038=CURVE_STYLE('',#32,POSITIVE_LENGTH_MEASURE(2.E-2),#6);
#2039=PRESENTATION_STYLE_ASSIGNMENT((#2038));
#2040=STYLED_ITEM('',(#2039),#2037);
#2041=DIRECTION('',(0.E0,0.E0,-1.E0));
#2042=VECTOR('',#2041,2.E-1);
#2043=CARTESIAN_POINT('',(-1.58E0,1.75E-1,1.1E0));
#2044=LINE('',#2043,#2042);
#2045=CURVE_STYLE('',#32,POSITIVE_LENGTH_MEASURE(2.E-2),#6);
#2046=PRESENTATION_STYLE_ASSIGNMENT((#2045));
#2047=STYLED_ITEM('',(#2046),#2044);
#2048=DIRECTION('',(1.E0,0.E0,0.E0));
#2049=VECTOR('',#2048,1.7E-1);
#2050=CARTESIAN_POINT('',(-1.75E0,1.75E-1,1.1E0));
#2051=LINE('',#2050,#2049);
#2052=CURVE_STYLE('',#32,POSITIVE_LENGTH_MEASURE(2.E-2),#6);
#2053=PRESENTATION_STYLE_ASSIGNMENT((#2052));
#2054=STYLED_ITEM('',(#2053),#2051);
#2055=DIRECTION('',(-1.E0,0.E0,0.E0));
#2056=VECTOR('',#2055,1.7E-1);
#2057=CARTESIAN_POINT('',(-1.58E0,1.75E-1,1.3E0));
#2058=LINE('',#2057,#2056);
#2059=CURVE_STYLE('',#32,POSITIVE_LENGTH_MEASURE(2.E-2),#6);
#2060=PRESENTATION_STYLE_ASSIGNMENT((#2059));
#2061=STYLED_ITEM('',(#2060),#2058);
#2062=DIRECTION('',(0.E0,0.E0,-1.E0));
#2063=VECTOR('',#2062,2.E-1);
#2064=CARTESIAN_POINT('',(-1.58E0,1.75E-1,1.5E0));
#2065=LINE('',#2064,#2063);
#2066=CURVE_STYLE('',#32,POSITIVE_LENGTH_MEASURE(2.E-2),#6);
#2067=PRESENTATION_STYLE_ASSIGNMENT((#2066));
#2068=STYLED_ITEM('',(#2067),#2065);
#2069=DIRECTION('',(1.E0,0.E0,0.E0));
#2070=VECTOR('',#2069,1.7E-1);
#2071=CARTESIAN_POINT('',(-1.75E0,1.75E-1,1.5E0));
#2072=LINE('',#2071,#2070);
#2073=CURVE_STYLE('',#32,POSITIVE_LENGTH_MEASURE(2.E-2),#6);
#2074=PRESENTATION_STYLE_ASSIGNMENT((#2073));
#2075=STYLED_ITEM('',(#2074),#2072);
#2076=DIRECTION('',(0.E0,1.E0,0.E0));
#2077=VECTOR('',#2076,1.75E-1);
#2078=CARTESIAN_POINT('',(-1.58E0,0.E0,-3.E-1));
#2079=LINE('',#2078,#2077);
#2080=CURVE_STYLE('',#32,POSITIVE_LENGTH_MEASURE(2.E-2),#6);
#2081=PRESENTATION_STYLE_ASSIGNMENT((#2080));
#2082=STYLED_ITEM('',(#2081),#2079);
#2083=DIRECTION('',(0.E0,1.E0,0.E0));
#2084=VECTOR('',#2083,1.75E-1);
#2085=CARTESIAN_POINT('',(-1.58E0,0.E0,1.5E0));
#2086=LINE('',#2085,#2084);
#2087=CURVE_STYLE('',#32,POSITIVE_LENGTH_MEASURE(2.E-2),#6);
#2088=PRESENTATION_STYLE_ASSIGNMENT((#2087));
#2089=STYLED_ITEM('',(#2088),#2086);
#2090=DIRECTION('',(0.E0,1.E0,0.E0));
#2091=VECTOR('',#2090,1.75E-1);
#2092=CARTESIAN_POINT('',(-1.58E0,0.E0,1.3E0));
#2093=LINE('',#2092,#2091);
#2094=CURVE_STYLE('',#32,POSITIVE_LENGTH_MEASURE(2.E-2),#6);
#2095=PRESENTATION_STYLE_ASSIGNMENT((#2094));
#2096=STYLED_ITEM('',(#2095),#2093);
#2097=DIRECTION('',(0.E0,1.E0,0.E0));
#2098=VECTOR('',#2097,1.75E-1);
#2099=CARTESIAN_POINT('',(-1.58E0,0.E0,1.1E0));
#2100=LINE('',#2099,#2098);
#2101=CURVE_STYLE('',#32,POSITIVE_LENGTH_MEASURE(2.E-2),#6);
#2102=PRESENTATION_STYLE_ASSIGNMENT((#2101));
#2103=STYLED_ITEM('',(#2102),#2100);
#2104=DIRECTION('',(0.E0,1.E0,0.E0));
#2105=VECTOR('',#2104,1.75E-1);
#2106=CARTESIAN_POINT('',(-1.58E0,0.E0,9.E-1));
#2107=LINE('',#2106,#2105);
#2108=CURVE_STYLE('',#32,POSITIVE_LENGTH_MEASURE(2.E-2),#6);
#2109=PRESENTATION_STYLE_ASSIGNMENT((#2108));
#2110=STYLED_ITEM('',(#2109),#2107);
#2111=DIRECTION('',(0.E0,1.E0,0.E0));
#2112=VECTOR('',#2111,1.75E-1);
#2113=CARTESIAN_POINT('',(-1.58E0,0.E0,7.E-1));
#2114=LINE('',#2113,#2112);
#2115=CURVE_STYLE('',#32,POSITIVE_LENGTH_MEASURE(2.E-2),#6);
#2116=PRESENTATION_STYLE_ASSIGNMENT((#2115));
#2117=STYLED_ITEM('',(#2116),#2114);
#2118=DIRECTION('',(0.E0,1.E0,0.E0));
#2119=VECTOR('',#2118,1.75E-1);
#2120=CARTESIAN_POINT('',(-1.58E0,0.E0,5.E-1));
#2121=LINE('',#2120,#2119);
#2122=CURVE_STYLE('',#32,POSITIVE_LENGTH_MEASURE(2.E-2),#6);
#2123=PRESENTATION_STYLE_ASSIGNMENT((#2122));
#2124=STYLED_ITEM('',(#2123),#2121);
#2125=DIRECTION('',(0.E0,1.E0,0.E0));
#2126=VECTOR('',#2125,1.75E-1);
#2127=CARTESIAN_POINT('',(-1.58E0,0.E0,3.E-1));
#2128=LINE('',#2127,#2126);
#2129=CURVE_STYLE('',#32,POSITIVE_LENGTH_MEASURE(2.E-2),#6);
#2130=PRESENTATION_STYLE_ASSIGNMENT((#2129));
#2131=STYLED_ITEM('',(#2130),#2128);
#2132=DIRECTION('',(0.E0,1.E0,0.E0));
#2133=VECTOR('',#2132,1.75E-1);
#2134=CARTESIAN_POINT('',(-1.58E0,0.E0,1.E-1));
#2135=LINE('',#2134,#2133);
#2136=CURVE_STYLE('',#32,POSITIVE_LENGTH_MEASURE(2.E-2),#6);
#2137=PRESENTATION_STYLE_ASSIGNMENT((#2136));
#2138=STYLED_ITEM('',(#2137),#2135);
#2139=DIRECTION('',(0.E0,1.E0,0.E0));
#2140=VECTOR('',#2139,1.75E-1);
#2141=CARTESIAN_POINT('',(-1.58E0,0.E0,-1.E-1));
#2142=LINE('',#2141,#2140);
#2143=CURVE_STYLE('',#32,POSITIVE_LENGTH_MEASURE(2.E-2),#6);
#2144=PRESENTATION_STYLE_ASSIGNMENT((#2143));
#2145=STYLED_ITEM('',(#2144),#2142);
#2146=DIRECTION('',(0.E0,1.E0,0.E0));
#2147=VECTOR('',#2146,1.75E-1);
#2148=CARTESIAN_POINT('',(-1.45E0,0.E0,-7.E-1));
#2149=LINE('',#2148,#2147);
#2150=CURVE_STYLE('',#32,POSITIVE_LENGTH_MEASURE(2.E-2),#6);
#2151=PRESENTATION_STYLE_ASSIGNMENT((#2150));
#2152=STYLED_ITEM('',(#2151),#2149);
#2153=DIRECTION('',(0.E0,1.E0,0.E0));
#2154=VECTOR('',#2153,1.75E-1);
#2155=CARTESIAN_POINT('',(-1.45E0,0.E0,-9.E-1));
#2156=LINE('',#2155,#2154);
#2157=CURVE_STYLE('',#32,POSITIVE_LENGTH_MEASURE(2.E-2),#6);
#2158=PRESENTATION_STYLE_ASSIGNMENT((#2157));
#2159=STYLED_ITEM('',(#2158),#2156);
#2160=DIRECTION('',(-1.E0,0.E0,0.E0));
#2161=VECTOR('',#2160,3.E-1);
#2162=CARTESIAN_POINT('',(-1.45E0,1.75E-1,-7.E-1));
#2163=LINE('',#2162,#2161);
#2164=CURVE_STYLE('',#32,POSITIVE_LENGTH_MEASURE(2.E-2),#6);
#2165=PRESENTATION_STYLE_ASSIGNMENT((#2164));
#2166=STYLED_ITEM('',(#2165),#2163);
#2167=CARTESIAN_POINT('',(-1.45E0,1.75E-1,-8.E-1));
#2168=DIRECTION('',(0.E0,-1.E0,0.E0));
#2169=DIRECTION('',(0.E0,0.E0,-1.E0));
#2170=AXIS2_PLACEMENT_3D('',#2167,#2168,#2169);
#2172=CURVE_STYLE('',#32,POSITIVE_LENGTH_MEASURE(2.E-2),#6);
#2173=PRESENTATION_STYLE_ASSIGNMENT((#2172));
#2174=STYLED_ITEM('',(#2173),#2171);
#2175=DIRECTION('',(1.E0,0.E0,0.E0));
#2176=VECTOR('',#2175,3.E-1);
#2177=CARTESIAN_POINT('',(-1.75E0,1.75E-1,-9.E-1));
#2178=LINE('',#2177,#2176);
#2179=CURVE_STYLE('',#32,POSITIVE_LENGTH_MEASURE(2.E-2),#6);
#2180=PRESENTATION_STYLE_ASSIGNMENT((#2179));
#2181=STYLED_ITEM('',(#2180),#2178);
#2182=DIRECTION('',(0.E0,1.E0,0.E0));
#2183=VECTOR('',#2182,1.75E-1);
#2184=CARTESIAN_POINT('',(-1.45E0,0.E0,-1.1E0));
#2185=LINE('',#2184,#2183);
#2186=CURVE_STYLE('',#32,POSITIVE_LENGTH_MEASURE(2.E-2),#6);
#2187=PRESENTATION_STYLE_ASSIGNMENT((#2186));
#2188=STYLED_ITEM('',(#2187),#2185);
#2189=DIRECTION('',(0.E0,1.E0,0.E0));
#2190=VECTOR('',#2189,1.75E-1);
#2191=CARTESIAN_POINT('',(-1.45E0,0.E0,-1.3E0));
#2192=LINE('',#2191,#2190);
#2193=CURVE_STYLE('',#32,POSITIVE_LENGTH_MEASURE(2.E-2),#6);
#2194=PRESENTATION_STYLE_ASSIGNMENT((#2193));
#2195=STYLED_ITEM('',(#2194),#2192);
#2196=DIRECTION('',(-1.E0,0.E0,0.E0));
#2197=VECTOR('',#2196,3.E-1);
#2198=CARTESIAN_POINT('',(-1.45E0,1.75E-1,-1.1E0));
#2199=LINE('',#2198,#2197);
#2200=CURVE_STYLE('',#32,POSITIVE_LENGTH_MEASURE(2.E-2),#6);
#2201=PRESENTATION_STYLE_ASSIGNMENT((#2200));
#2202=STYLED_ITEM('',(#2201),#2199);
#2203=CARTESIAN_POINT('',(-1.45E0,1.75E-1,-1.2E0));
#2204=DIRECTION('',(0.E0,-1.E0,0.E0));
#2205=DIRECTION('',(0.E0,0.E0,-1.E0));
#2206=AXIS2_PLACEMENT_3D('',#2203,#2204,#2205);
#2208=CURVE_STYLE('',#32,POSITIVE_LENGTH_MEASURE(2.E-2),#6);
#2209=PRESENTATION_STYLE_ASSIGNMENT((#2208));
#2210=STYLED_ITEM('',(#2209),#2207);
#2211=DIRECTION('',(1.E0,0.E0,0.E0));
#2212=VECTOR('',#2211,3.E-1);
#2213=CARTESIAN_POINT('',(-1.75E0,1.75E-1,-1.3E0));
#2214=LINE('',#2213,#2212);
#2215=CURVE_STYLE('',#32,POSITIVE_LENGTH_MEASURE(2.E-2),#6);
#2216=PRESENTATION_STYLE_ASSIGNMENT((#2215));
#2217=STYLED_ITEM('',(#2216),#2214);
#2218=DIRECTION('',(0.E0,1.E0,0.E0));
#2219=VECTOR('',#2218,1.75E-1);
#2220=CARTESIAN_POINT('',(-1.45E0,0.E0,-1.5E0));
#2221=LINE('',#2220,#2219);
#2222=CURVE_STYLE('',#32,POSITIVE_LENGTH_MEASURE(2.E-2),#6);
#2223=PRESENTATION_STYLE_ASSIGNMENT((#2222));
#2224=STYLED_ITEM('',(#2223),#2221);
#2225=DIRECTION('',(0.E0,1.E0,0.E0));
#2226=VECTOR('',#2225,1.75E-1);
#2227=CARTESIAN_POINT('',(-1.45E0,0.E0,-1.7E0));
#2228=LINE('',#2227,#2226);
#2229=CURVE_STYLE('',#32,POSITIVE_LENGTH_MEASURE(2.E-2),#6);
#2230=PRESENTATION_STYLE_ASSIGNMENT((#2229));
#2231=STYLED_ITEM('',(#2230),#2228);
#2232=DIRECTION('',(-1.E0,0.E0,0.E0));
#2233=VECTOR('',#2232,3.E-1);
#2234=CARTESIAN_POINT('',(-1.45E0,1.75E-1,-1.5E0));
#2235=LINE('',#2234,#2233);
#2236=CURVE_STYLE('',#32,POSITIVE_LENGTH_MEASURE(2.E-2),#6);
#2237=PRESENTATION_STYLE_ASSIGNMENT((#2236));
#2238=STYLED_ITEM('',(#2237),#2235);
#2239=CARTESIAN_POINT('',(-1.45E0,1.75E-1,-1.6E0));
#2240=DIRECTION('',(0.E0,-1.E0,0.E0));
#2241=DIRECTION('',(0.E0,0.E0,-1.E0));
#2242=AXIS2_PLACEMENT_3D('',#2239,#2240,#2241);
#2244=CURVE_STYLE('',#32,POSITIVE_LENGTH_MEASURE(2.E-2),#6);
#2245=PRESENTATION_STYLE_ASSIGNMENT((#2244));
#2246=STYLED_ITEM('',(#2245),#2243);
#2247=DIRECTION('',(1.E0,0.E0,0.E0));
#2248=VECTOR('',#2247,3.E-1);
#2249=CARTESIAN_POINT('',(-1.75E0,1.75E-1,-1.7E0));
#2250=LINE('',#2249,#2248);
#2251=CURVE_STYLE('',#32,POSITIVE_LENGTH_MEASURE(2.E-2),#6);
#2252=PRESENTATION_STYLE_ASSIGNMENT((#2251));
#2253=STYLED_ITEM('',(#2252),#2250);
#2254=CARTESIAN_POINT('',(-1.75E0,0.E0,2.25E0));
#2255=CARTESIAN_POINT('',(1.75E0,0.E0,2.25E0));
#2256=VERTEX_POINT('',#2254);
#2257=VERTEX_POINT('',#2255);
#2258=CARTESIAN_POINT('',(1.75E0,0.E0,-2.25E0));
#2259=CARTESIAN_POINT('',(-1.75E0,0.E0,-2.25E0));
#2260=VERTEX_POINT('',#2258);
#2261=VERTEX_POINT('',#2259);
#2262=CARTESIAN_POINT('',(-1.75E0,7.5E-1,-2.25E0));
#2263=CARTESIAN_POINT('',(-1.75E0,7.5E-1,2.25E0));
#2264=VERTEX_POINT('',#2262);
#2265=VERTEX_POINT('',#2263);
#2266=CARTESIAN_POINT('',(1.75E0,7.5E-1,2.25E0));
#2267=VERTEX_POINT('',#2266);
#2268=CARTESIAN_POINT('',(1.75E0,7.5E-1,-2.25E0));
#2269=VERTEX_POINT('',#2268);
#2270=CARTESIAN_POINT('',(-1.75E0,0.E0,-1.7E0));
#2271=VERTEX_POINT('',#2270);
#2272=CARTESIAN_POINT('',(-1.75E0,0.E0,-1.5E0));
#2273=CARTESIAN_POINT('',(-1.75E0,0.E0,-1.3E0));
#2274=VERTEX_POINT('',#2272);
#2275=VERTEX_POINT('',#2273);
#2276=CARTESIAN_POINT('',(-1.75E0,0.E0,-1.1E0));
#2277=CARTESIAN_POINT('',(-1.75E0,0.E0,-9.E-1));
#2278=VERTEX_POINT('',#2276);
#2279=VERTEX_POINT('',#2277);
#2280=CARTESIAN_POINT('',(-1.75E0,0.E0,-7.E-1));
#2281=CARTESIAN_POINT('',(-1.75E0,0.E0,-5.E-1));
#2282=VERTEX_POINT('',#2280);
#2283=VERTEX_POINT('',#2281);
#2284=CARTESIAN_POINT('',(-1.75E0,0.E0,-3.E-1));
#2285=CARTESIAN_POINT('',(-1.75E0,0.E0,-1.E-1));
#2286=VERTEX_POINT('',#2284);
#2287=VERTEX_POINT('',#2285);
#2288=CARTESIAN_POINT('',(-1.75E0,0.E0,1.E-1));
#2289=CARTESIAN_POINT('',(-1.75E0,0.E0,3.E-1));
#2290=VERTEX_POINT('',#2288);
#2291=VERTEX_POINT('',#2289);
#2292=CARTESIAN_POINT('',(1.75E0,0.E0,1.7E0));
#2293=VERTEX_POINT('',#2292);
#2294=CARTESIAN_POINT('',(1.75E0,0.E0,1.5E0));
#2295=CARTESIAN_POINT('',(1.75E0,0.E0,1.3E0));
#2296=VERTEX_POINT('',#2294);
#2297=VERTEX_POINT('',#2295);
#2298=CARTESIAN_POINT('',(1.75E0,0.E0,1.1E0));
#2299=CARTESIAN_POINT('',(1.75E0,0.E0,9.E-1));
#2300=VERTEX_POINT('',#2298);
#2301=VERTEX_POINT('',#2299);
#2302=CARTESIAN_POINT('',(1.75E0,0.E0,7.E-1));
#2303=CARTESIAN_POINT('',(1.75E0,0.E0,5.E-1));
#2304=VERTEX_POINT('',#2302);
#2305=VERTEX_POINT('',#2303);
#2306=CARTESIAN_POINT('',(1.75E0,0.E0,3.E-1));
#2307=CARTESIAN_POINT('',(1.75E0,0.E0,1.E-1));
#2308=VERTEX_POINT('',#2306);
#2309=VERTEX_POINT('',#2307);
#2310=CARTESIAN_POINT('',(1.75E0,0.E0,-1.E-1));
#2311=CARTESIAN_POINT('',(1.75E0,0.E0,-3.E-1));
#2312=VERTEX_POINT('',#2310);
#2313=VERTEX_POINT('',#2311);
#2314=CARTESIAN_POINT('',(-1.75E0,0.E0,5.E-1));
#2315=CARTESIAN_POINT('',(-1.75E0,0.E0,7.E-1));
#2316=VERTEX_POINT('',#2314);
#2317=VERTEX_POINT('',#2315);
#2318=CARTESIAN_POINT('',(1.75E0,0.E0,-5.E-1));
#2319=CARTESIAN_POINT('',(1.75E0,0.E0,-7.E-1));
#2320=VERTEX_POINT('',#2318);
#2321=VERTEX_POINT('',#2319);
#2322=CARTESIAN_POINT('',(-1.75E0,0.E0,9.E-1));
#2323=CARTESIAN_POINT('',(-1.75E0,0.E0,1.1E0));
#2324=VERTEX_POINT('',#2322);
#2325=VERTEX_POINT('',#2323);
#2326=CARTESIAN_POINT('',(-1.75E0,0.E0,1.3E0));
#2327=CARTESIAN_POINT('',(-1.75E0,0.E0,1.5E0));
#2328=VERTEX_POINT('',#2326);
#2329=VERTEX_POINT('',#2327);
#2330=CARTESIAN_POINT('',(-1.75E0,0.E0,1.7E0));
#2331=VERTEX_POINT('',#2330);
#2332=CARTESIAN_POINT('',(1.75E0,0.E0,-9.E-1));
#2333=CARTESIAN_POINT('',(1.75E0,0.E0,-1.1E0));
#2334=VERTEX_POINT('',#2332);
#2335=VERTEX_POINT('',#2333);
#2336=CARTESIAN_POINT('',(1.75E0,0.E0,-1.3E0));
#2337=CARTESIAN_POINT('',(1.75E0,0.E0,-1.5E0));
#2338=VERTEX_POINT('',#2336);
#2339=VERTEX_POINT('',#2337);
#2340=CARTESIAN_POINT('',(1.75E0,0.E0,-1.7E0));
#2341=VERTEX_POINT('',#2340);
#2342=CARTESIAN_POINT('',(-1.05E0,0.E0,-1.675E0));
#2343=CARTESIAN_POINT('',(-1.05E0,0.E0,1.975E0));
#2344=VERTEX_POINT('',#2342);
#2345=VERTEX_POINT('',#2343);
#2346=CARTESIAN_POINT('',(1.05E0,0.E0,1.975E0));
#2347=VERTEX_POINT('',#2346);
#2348=CARTESIAN_POINT('',(1.05E0,0.E0,-1.975E0));
#2349=VERTEX_POINT('',#2348);
#2350=CARTESIAN_POINT('',(-7.5E-1,0.E0,-1.975E0));
#2351=VERTEX_POINT('',#2350);
#2352=CARTESIAN_POINT('',(1.45E0,1.75E-1,-1.7E0));
#2353=CARTESIAN_POINT('',(1.45E0,1.75E-1,-1.5E0));
#2354=VERTEX_POINT('',#2352);
#2355=VERTEX_POINT('',#2353);
#2356=CARTESIAN_POINT('',(1.45E0,1.75E-1,-1.3E0));
#2357=CARTESIAN_POINT('',(1.45E0,1.75E-1,-1.1E0));
#2358=VERTEX_POINT('',#2356);
#2359=VERTEX_POINT('',#2357);
#2360=CARTESIAN_POINT('',(1.45E0,1.75E-1,-9.E-1));
#2361=CARTESIAN_POINT('',(1.45E0,1.75E-1,-7.E-1));
#2362=VERTEX_POINT('',#2360);
#2363=VERTEX_POINT('',#2361);
#2364=CARTESIAN_POINT('',(-1.45E0,1.75E-1,-1.7E0));
#2365=CARTESIAN_POINT('',(-1.45E0,1.75E-1,-1.5E0));
#2366=VERTEX_POINT('',#2364);
#2367=VERTEX_POINT('',#2365);
#2368=CARTESIAN_POINT('',(-1.45E0,1.75E-1,-1.3E0));
#2369=CARTESIAN_POINT('',(-1.45E0,1.75E-1,-1.1E0));
#2370=VERTEX_POINT('',#2368);
#2371=VERTEX_POINT('',#2369);
#2372=CARTESIAN_POINT('',(-1.45E0,1.75E-1,-9.E-1));
#2373=CARTESIAN_POINT('',(-1.45E0,1.75E-1,-7.E-1));
#2374=VERTEX_POINT('',#2372);
#2375=VERTEX_POINT('',#2373);
#2376=CARTESIAN_POINT('',(1.45E0,0.E0,-1.7E0));
#2377=VERTEX_POINT('',#2376);
#2378=CARTESIAN_POINT('',(1.45E0,0.E0,-1.5E0));
#2379=VERTEX_POINT('',#2378);
#2380=CARTESIAN_POINT('',(1.45E0,0.E0,-1.3E0));
#2381=VERTEX_POINT('',#2380);
#2382=CARTESIAN_POINT('',(1.45E0,0.E0,-1.1E0));
#2383=VERTEX_POINT('',#2382);
#2384=CARTESIAN_POINT('',(1.45E0,0.E0,-9.E-1));
#2385=VERTEX_POINT('',#2384);
#2386=CARTESIAN_POINT('',(1.45E0,0.E0,-7.E-1));
#2387=VERTEX_POINT('',#2386);
#2388=CARTESIAN_POINT('',(1.45E0,0.E0,-5.E-1));
#2389=VERTEX_POINT('',#2388);
#2390=CARTESIAN_POINT('',(1.35E0,0.E0,-4.E-1));
#2391=VERTEX_POINT('',#2390);
#2392=CARTESIAN_POINT('',(1.58E0,0.E0,-3.E-1));
#2393=VERTEX_POINT('',#2392);
#2394=CARTESIAN_POINT('',(-1.45E0,0.E0,-1.7E0));
#2395=VERTEX_POINT('',#2394);
#2396=CARTESIAN_POINT('',(-1.45E0,0.E0,-1.5E0));
#2397=VERTEX_POINT('',#2396);
#2398=CARTESIAN_POINT('',(-1.45E0,0.E0,-1.3E0));
#2399=VERTEX_POINT('',#2398);
#2400=CARTESIAN_POINT('',(-1.45E0,0.E0,-1.1E0));
#2401=VERTEX_POINT('',#2400);
#2402=CARTESIAN_POINT('',(-1.45E0,0.E0,-9.E-1));
#2403=VERTEX_POINT('',#2402);
#2404=CARTESIAN_POINT('',(-1.45E0,0.E0,-7.E-1));
#2405=VERTEX_POINT('',#2404);
#2406=CARTESIAN_POINT('',(-1.45E0,0.E0,-5.E-1));
#2407=VERTEX_POINT('',#2406);
#2408=CARTESIAN_POINT('',(-1.35E0,0.E0,-4.E-1));
#2409=VERTEX_POINT('',#2408);
#2410=CARTESIAN_POINT('',(-1.58E0,0.E0,-3.E-1));
#2411=VERTEX_POINT('',#2410);
#2412=CARTESIAN_POINT('',(-1.75E0,1.75E-1,-1.5E0));
#2413=CARTESIAN_POINT('',(-1.75E0,1.75E-1,-1.7E0));
#2414=VERTEX_POINT('',#2412);
#2415=VERTEX_POINT('',#2413);
#2416=CARTESIAN_POINT('',(-1.75E0,1.75E-1,-1.1E0));
#2417=CARTESIAN_POINT('',(-1.75E0,1.75E-1,-1.3E0));
#2418=VERTEX_POINT('',#2416);
#2419=VERTEX_POINT('',#2417);
#2420=CARTESIAN_POINT('',(-1.75E0,1.75E-1,-7.E-1));
#2421=CARTESIAN_POINT('',(-1.75E0,1.75E-1,-9.E-1));
#2422=VERTEX_POINT('',#2420);
#2423=VERTEX_POINT('',#2421);
#2424=CARTESIAN_POINT('',(-1.75E0,1.75E-1,1.7E0));
#2425=CARTESIAN_POINT('',(-1.75E0,1.75E-1,1.5E0));
#2426=VERTEX_POINT('',#2424);
#2427=VERTEX_POINT('',#2425);
#2428=CARTESIAN_POINT('',(-1.75E0,1.75E-1,-5.E-1));
#2429=VERTEX_POINT('',#2428);
#2430=CARTESIAN_POINT('',(-1.75E0,1.75E-1,-3.E-1));
#2431=VERTEX_POINT('',#2430);
#2432=CARTESIAN_POINT('',(1.75E0,1.75E-1,-1.5E0));
#2433=CARTESIAN_POINT('',(1.75E0,1.75E-1,-1.7E0));
#2434=VERTEX_POINT('',#2432);
#2435=VERTEX_POINT('',#2433);
#2436=CARTESIAN_POINT('',(1.75E0,1.75E-1,-1.1E0));
#2437=CARTESIAN_POINT('',(1.75E0,1.75E-1,-1.3E0));
#2438=VERTEX_POINT('',#2436);
#2439=VERTEX_POINT('',#2437);
#2440=CARTESIAN_POINT('',(1.75E0,1.75E-1,-7.E-1));
#2441=CARTESIAN_POINT('',(1.75E0,1.75E-1,-9.E-1));
#2442=VERTEX_POINT('',#2440);
#2443=VERTEX_POINT('',#2441);
#2444=CARTESIAN_POINT('',(1.75E0,1.75E-1,1.7E0));
#2445=CARTESIAN_POINT('',(1.75E0,1.75E-1,1.5E0));
#2446=VERTEX_POINT('',#2444);
#2447=VERTEX_POINT('',#2445);
#2448=CARTESIAN_POINT('',(1.75E0,1.75E-1,-5.E-1));
#2449=VERTEX_POINT('',#2448);
#2450=CARTESIAN_POINT('',(1.75E0,1.75E-1,-3.E-1));
#2451=VERTEX_POINT('',#2450);
#2452=CARTESIAN_POINT('',(1.45E0,1.75E-1,-5.E-1));
#2453=VERTEX_POINT('',#2452);
#2454=CARTESIAN_POINT('',(-1.45E0,1.75E-1,-5.E-1));
#2455=VERTEX_POINT('',#2454);
#2456=CARTESIAN_POINT('',(1.05E0,7.5E-2,-1.975E0));
#2457=CARTESIAN_POINT('',(-7.5E-1,7.5E-2,-1.975E0));
#2458=VERTEX_POINT('',#2456);
#2459=VERTEX_POINT('',#2457);
#2460=CARTESIAN_POINT('',(-1.05E0,7.5E-2,-1.675E0));
#2461=CARTESIAN_POINT('',(-1.05E0,7.5E-2,1.975E0));
#2462=VERTEX_POINT('',#2460);
#2463=VERTEX_POINT('',#2461);
#2464=CARTESIAN_POINT('',(1.05E0,7.5E-2,1.975E0));
#2465=VERTEX_POINT('',#2464);
#2466=CARTESIAN_POINT('',(-9.E-1,1.75E-1,2.25E0));
#2467=CARTESIAN_POINT('',(-7.E-1,1.75E-1,2.25E0));
#2468=VERTEX_POINT('',#2466);
#2469=VERTEX_POINT('',#2467);
#2470=CARTESIAN_POINT('',(7.E-1,1.75E-1,2.25E0));
#2471=CARTESIAN_POINT('',(9.E-1,1.75E-1,2.25E0));
#2472=VERTEX_POINT('',#2470);
#2473=VERTEX_POINT('',#2471);
#2474=CARTESIAN_POINT('',(-9.E-1,7.5E-2,2.25E0));
#2475=CARTESIAN_POINT('',(-7.E-1,7.5E-2,2.25E0));
#2476=VERTEX_POINT('',#2474);
#2477=VERTEX_POINT('',#2475);
#2478=CARTESIAN_POINT('',(7.E-1,7.5E-2,2.25E0));
#2479=CARTESIAN_POINT('',(9.E-1,7.5E-2,2.25E0));
#2480=VERTEX_POINT('',#2478);
#2481=VERTEX_POINT('',#2479);
#2482=CARTESIAN_POINT('',(-9.E-1,1.75E-1,-2.25E0));
#2483=CARTESIAN_POINT('',(-7.E-1,1.75E-1,-2.25E0));
#2484=VERTEX_POINT('',#2482);
#2485=VERTEX_POINT('',#2483);
#2486=CARTESIAN_POINT('',(7.E-1,1.75E-1,-2.25E0));
#2487=CARTESIAN_POINT('',(9.E-1,1.75E-1,-2.25E0));
#2488=VERTEX_POINT('',#2486);
#2489=VERTEX_POINT('',#2487);
#2490=CARTESIAN_POINT('',(-9.E-1,7.5E-2,-2.25E0));
#2491=CARTESIAN_POINT('',(-7.E-1,7.5E-2,-2.25E0));
#2492=VERTEX_POINT('',#2490);
#2493=VERTEX_POINT('',#2491);
#2494=CARTESIAN_POINT('',(7.E-1,7.5E-2,-2.25E0));
#2495=CARTESIAN_POINT('',(9.E-1,7.5E-2,-2.25E0));
#2496=VERTEX_POINT('',#2494);
#2497=VERTEX_POINT('',#2495);
#2498=CARTESIAN_POINT('',(1.58E0,0.E0,-1.E-1));
#2499=VERTEX_POINT('',#2498);
#2500=CARTESIAN_POINT('',(1.58E0,0.E0,1.E-1));
#2501=VERTEX_POINT('',#2500);
#2502=CARTESIAN_POINT('',(1.58E0,0.E0,3.E-1));
#2503=VERTEX_POINT('',#2502);
#2504=CARTESIAN_POINT('',(1.58E0,0.E0,5.E-1));
#2505=VERTEX_POINT('',#2504);
#2506=CARTESIAN_POINT('',(-1.58E0,0.E0,-1.E-1));
#2507=VERTEX_POINT('',#2506);
#2508=CARTESIAN_POINT('',(-1.58E0,0.E0,1.E-1));
#2509=VERTEX_POINT('',#2508);
#2510=CARTESIAN_POINT('',(-1.58E0,0.E0,3.E-1));
#2511=VERTEX_POINT('',#2510);
#2512=CARTESIAN_POINT('',(-1.58E0,0.E0,5.E-1));
#2513=VERTEX_POINT('',#2512);
#2514=CARTESIAN_POINT('',(-1.75E0,1.75E-1,-1.E-1));
#2515=VERTEX_POINT('',#2514);
#2516=CARTESIAN_POINT('',(-1.75E0,1.75E-1,1.E-1));
#2517=VERTEX_POINT('',#2516);
#2518=CARTESIAN_POINT('',(-1.75E0,1.75E-1,3.E-1));
#2519=VERTEX_POINT('',#2518);
#2520=CARTESIAN_POINT('',(-1.75E0,1.75E-1,5.E-1));
#2521=VERTEX_POINT('',#2520);
#2522=CARTESIAN_POINT('',(1.75E0,1.75E-1,-1.E-1));
#2523=VERTEX_POINT('',#2522);
#2524=CARTESIAN_POINT('',(1.75E0,1.75E-1,1.E-1));
#2525=VERTEX_POINT('',#2524);
#2526=CARTESIAN_POINT('',(1.75E0,1.75E-1,3.E-1));
#2527=VERTEX_POINT('',#2526);
#2528=CARTESIAN_POINT('',(1.75E0,1.75E-1,5.E-1));
#2529=VERTEX_POINT('',#2528);
#2530=CARTESIAN_POINT('',(1.58E0,1.75E-1,1.5E0));
#2531=CARTESIAN_POINT('',(1.58E0,1.75E-1,1.3E0));
#2532=VERTEX_POINT('',#2530);
#2533=VERTEX_POINT('',#2531);
#2534=CARTESIAN_POINT('',(1.58E0,1.75E-1,1.1E0));
#2535=CARTESIAN_POINT('',(1.58E0,1.75E-1,9.E-1));
#2536=VERTEX_POINT('',#2534);
#2537=VERTEX_POINT('',#2535);
#2538=CARTESIAN_POINT('',(1.35E0,0.E0,1.6E0));
#2539=VERTEX_POINT('',#2538);
#2540=CARTESIAN_POINT('',(1.58E0,0.E0,1.5E0));
#2541=CARTESIAN_POINT('',(1.58E0,0.E0,1.3E0));
#2542=VERTEX_POINT('',#2540);
#2543=VERTEX_POINT('',#2541);
#2544=CARTESIAN_POINT('',(1.58E0,0.E0,1.1E0));
#2545=CARTESIAN_POINT('',(1.58E0,0.E0,9.E-1));
#2546=VERTEX_POINT('',#2544);
#2547=VERTEX_POINT('',#2545);
#2548=CARTESIAN_POINT('',(1.45E0,0.E0,1.7E0));
#2549=VERTEX_POINT('',#2548);
#2550=CARTESIAN_POINT('',(-1.58E0,0.E0,1.1E0));
#2551=VERTEX_POINT('',#2550);
#2552=CARTESIAN_POINT('',(-1.58E0,0.E0,1.3E0));
#2553=VERTEX_POINT('',#2552);
#2554=CARTESIAN_POINT('',(-1.58E0,0.E0,1.5E0));
#2555=VERTEX_POINT('',#2554);
#2556=CARTESIAN_POINT('',(-1.35E0,0.E0,1.6E0));
#2557=CARTESIAN_POINT('',(-1.45E0,0.E0,1.7E0));
#2558=VERTEX_POINT('',#2556);
#2559=VERTEX_POINT('',#2557);
#2560=CARTESIAN_POINT('',(-1.58E0,0.E0,7.E-1));
#2561=VERTEX_POINT('',#2560);
#2562=CARTESIAN_POINT('',(-1.58E0,0.E0,9.E-1));
#2563=VERTEX_POINT('',#2562);
#2564=CARTESIAN_POINT('',(1.58E0,0.E0,7.E-1));
#2565=VERTEX_POINT('',#2564);
#2566=CARTESIAN_POINT('',(-1.75E0,1.75E-1,1.1E0));
#2567=VERTEX_POINT('',#2566);
#2568=CARTESIAN_POINT('',(-1.75E0,1.75E-1,1.3E0));
#2569=VERTEX_POINT('',#2568);
#2570=CARTESIAN_POINT('',(-1.75E0,1.75E-1,7.E-1));
#2571=VERTEX_POINT('',#2570);
#2572=CARTESIAN_POINT('',(-1.75E0,1.75E-1,9.E-1));
#2573=VERTEX_POINT('',#2572);
#2574=CARTESIAN_POINT('',(1.75E0,1.75E-1,1.1E0));
#2575=VERTEX_POINT('',#2574);
#2576=CARTESIAN_POINT('',(1.75E0,1.75E-1,1.3E0));
#2577=VERTEX_POINT('',#2576);
#2578=CARTESIAN_POINT('',(1.75E0,1.75E-1,7.E-1));
#2579=VERTEX_POINT('',#2578);
#2580=CARTESIAN_POINT('',(1.75E0,1.75E-1,9.E-1));
#2581=VERTEX_POINT('',#2580);
#2582=CARTESIAN_POINT('',(1.45E0,1.75E-1,1.7E0));
#2583=VERTEX_POINT('',#2582);
#2584=CARTESIAN_POINT('',(-1.15E0,7.5E-2,-2.075E0));
#2585=CARTESIAN_POINT('',(-1.15E0,7.5E-2,2.075E0));
#2586=VERTEX_POINT('',#2584);
#2587=VERTEX_POINT('',#2585);
#2588=CARTESIAN_POINT('',(1.15E0,7.5E-2,2.075E0));
#2589=CARTESIAN_POINT('',(1.15E0,7.5E-2,-2.075E0));
#2590=VERTEX_POINT('',#2588);
#2591=VERTEX_POINT('',#2589);
#2592=CARTESIAN_POINT('',(-1.15E0,1.75E-1,-2.075E0));
#2593=CARTESIAN_POINT('',(-1.15E0,1.75E-1,2.075E0));
#2594=VERTEX_POINT('',#2592);
#2595=VERTEX_POINT('',#2593);
#2596=CARTESIAN_POINT('',(1.15E0,1.75E-1,2.075E0));
#2597=CARTESIAN_POINT('',(1.15E0,1.75E-1,-2.075E0));
#2598=VERTEX_POINT('',#2596);
#2599=VERTEX_POINT('',#2597);
#2600=CARTESIAN_POINT('',(-9.E-1,7.5E-2,-2.075E0));
#2601=CARTESIAN_POINT('',(-9.E-1,1.75E-1,-2.075E0));
#2602=VERTEX_POINT('',#2600);
#2603=VERTEX_POINT('',#2601);
#2604=CARTESIAN_POINT('',(-7.E-1,7.5E-2,-2.075E0));
#2605=CARTESIAN_POINT('',(-7.E-1,1.75E-1,-2.075E0));
#2606=VERTEX_POINT('',#2604);
#2607=VERTEX_POINT('',#2605);
#2608=CARTESIAN_POINT('',(9.E-1,7.5E-2,-2.075E0));
#2609=CARTESIAN_POINT('',(9.E-1,1.75E-1,-2.075E0));
#2610=VERTEX_POINT('',#2608);
#2611=VERTEX_POINT('',#2609);
#2612=CARTESIAN_POINT('',(7.E-1,7.5E-2,-2.075E0));
#2613=CARTESIAN_POINT('',(7.E-1,1.75E-1,-2.075E0));
#2614=VERTEX_POINT('',#2612);
#2615=VERTEX_POINT('',#2613);
#2616=CARTESIAN_POINT('',(-9.E-1,7.5E-2,2.075E0));
#2617=CARTESIAN_POINT('',(-9.E-1,1.75E-1,2.075E0));
#2618=VERTEX_POINT('',#2616);
#2619=VERTEX_POINT('',#2617);
#2620=CARTESIAN_POINT('',(-7.E-1,7.5E-2,2.075E0));
#2621=CARTESIAN_POINT('',(-7.E-1,1.75E-1,2.075E0));
#2622=VERTEX_POINT('',#2620);
#2623=VERTEX_POINT('',#2621);
#2624=CARTESIAN_POINT('',(9.E-1,7.5E-2,2.075E0));
#2625=CARTESIAN_POINT('',(9.E-1,1.75E-1,2.075E0));
#2626=VERTEX_POINT('',#2624);
#2627=VERTEX_POINT('',#2625);
#2628=CARTESIAN_POINT('',(7.E-1,7.5E-2,2.075E0));
#2629=CARTESIAN_POINT('',(7.E-1,1.75E-1,2.075E0));
#2630=VERTEX_POINT('',#2628);
#2631=VERTEX_POINT('',#2629);
#2632=CARTESIAN_POINT('',(1.58E0,1.75E-1,7.E-1));
#2633=CARTESIAN_POINT('',(1.58E0,1.75E-1,5.E-1));
#2634=VERTEX_POINT('',#2632);
#2635=VERTEX_POINT('',#2633);
#2636=CARTESIAN_POINT('',(1.35E0,1.75E-1,1.6E0));
#2637=VERTEX_POINT('',#2636);
#2638=CARTESIAN_POINT('',(-1.58E0,1.75E-1,1.5E0));
#2639=CARTESIAN_POINT('',(-1.58E0,1.75E-1,1.3E0));
#2640=VERTEX_POINT('',#2638);
#2641=VERTEX_POINT('',#2639);
#2642=CARTESIAN_POINT('',(-1.58E0,1.75E-1,1.1E0));
#2643=CARTESIAN_POINT('',(-1.58E0,1.75E-1,9.E-1));
#2644=VERTEX_POINT('',#2642);
#2645=VERTEX_POINT('',#2643);
#2646=CARTESIAN_POINT('',(-1.58E0,1.75E-1,7.E-1));
#2647=CARTESIAN_POINT('',(-1.58E0,1.75E-1,5.E-1));
#2648=VERTEX_POINT('',#2646);
#2649=VERTEX_POINT('',#2647);
#2650=CARTESIAN_POINT('',(-1.35E0,1.75E-1,1.6E0));
#2651=CARTESIAN_POINT('',(-1.45E0,1.75E-1,1.7E0));
#2652=VERTEX_POINT('',#2650);
#2653=VERTEX_POINT('',#2651);
#2654=CARTESIAN_POINT('',(1.35E0,1.75E-1,-4.E-1));
#2655=VERTEX_POINT('',#2654);
#2656=CARTESIAN_POINT('',(1.58E0,1.75E-1,3.E-1));
#2657=CARTESIAN_POINT('',(1.58E0,1.75E-1,1.E-1));
#2658=VERTEX_POINT('',#2656);
#2659=VERTEX_POINT('',#2657);
#2660=CARTESIAN_POINT('',(1.58E0,1.75E-1,-1.E-1));
#2661=CARTESIAN_POINT('',(1.58E0,1.75E-1,-3.E-1));
#2662=VERTEX_POINT('',#2660);
#2663=VERTEX_POINT('',#2661);
#2664=CARTESIAN_POINT('',(-1.35E0,1.75E-1,-4.E-1));
#2665=VERTEX_POINT('',#2664);
#2666=CARTESIAN_POINT('',(-1.58E0,1.75E-1,3.E-1));
#2667=CARTESIAN_POINT('',(-1.58E0,1.75E-1,1.E-1));
#2668=VERTEX_POINT('',#2666);
#2669=VERTEX_POINT('',#2667);
#2670=CARTESIAN_POINT('',(-1.58E0,1.75E-1,-1.E-1));
#2671=CARTESIAN_POINT('',(-1.58E0,1.75E-1,-3.E-1));
#2672=VERTEX_POINT('',#2670);
#2673=VERTEX_POINT('',#2671);
#2674=CARTESIAN_POINT('',(0.E0,0.E0,0.E0));
#2675=DIRECTION('',(0.E0,1.E0,0.E0));
#2676=DIRECTION('',(1.E0,0.E0,0.E0));
#2677=AXIS2_PLACEMENT_3D('',#2674,#2675,#2676);
#2678=PLANE('',#2677);
#2680=ORIENTED_EDGE('',*,*,#2679,.T.);
#2682=ORIENTED_EDGE('',*,*,#2681,.T.);
#2684=ORIENTED_EDGE('',*,*,#2683,.T.);
#2686=ORIENTED_EDGE('',*,*,#2685,.F.);
#2688=ORIENTED_EDGE('',*,*,#2687,.T.);
#2690=ORIENTED_EDGE('',*,*,#2689,.T.);
#2692=ORIENTED_EDGE('',*,*,#2691,.T.);
#2694=ORIENTED_EDGE('',*,*,#2693,.F.);
#2696=ORIENTED_EDGE('',*,*,#2695,.T.);
#2698=ORIENTED_EDGE('',*,*,#2697,.T.);
#2700=ORIENTED_EDGE('',*,*,#2699,.T.);
#2702=ORIENTED_EDGE('',*,*,#2701,.F.);
#2704=ORIENTED_EDGE('',*,*,#2703,.T.);
#2706=ORIENTED_EDGE('',*,*,#2705,.T.);
#2708=ORIENTED_EDGE('',*,*,#2707,.T.);
#2710=ORIENTED_EDGE('',*,*,#2709,.T.);
#2712=ORIENTED_EDGE('',*,*,#2711,.T.);
#2714=ORIENTED_EDGE('',*,*,#2713,.F.);
#2716=ORIENTED_EDGE('',*,*,#2715,.T.);
#2718=ORIENTED_EDGE('',*,*,#2717,.T.);
#2720=ORIENTED_EDGE('',*,*,#2719,.T.);
#2722=ORIENTED_EDGE('',*,*,#2721,.T.);
#2724=ORIENTED_EDGE('',*,*,#2723,.F.);
#2726=ORIENTED_EDGE('',*,*,#2725,.F.);
#2728=ORIENTED_EDGE('',*,*,#2727,.F.);
#2730=ORIENTED_EDGE('',*,*,#2729,.F.);
#2732=ORIENTED_EDGE('',*,*,#2731,.T.);
#2734=ORIENTED_EDGE('',*,*,#2733,.T.);
#2736=ORIENTED_EDGE('',*,*,#2735,.F.);
#2738=ORIENTED_EDGE('',*,*,#2737,.F.);
#2740=ORIENTED_EDGE('',*,*,#2739,.T.);
#2742=ORIENTED_EDGE('',*,*,#2741,.T.);
#2744=ORIENTED_EDGE('',*,*,#2743,.F.);
#2746=ORIENTED_EDGE('',*,*,#2745,.F.);
#2748=ORIENTED_EDGE('',*,*,#2747,.T.);
#2750=ORIENTED_EDGE('',*,*,#2749,.T.);
#2752=ORIENTED_EDGE('',*,*,#2751,.F.);
#2754=ORIENTED_EDGE('',*,*,#2753,.F.);
#2756=ORIENTED_EDGE('',*,*,#2755,.T.);
#2758=ORIENTED_EDGE('',*,*,#2757,.T.);
#2759=EDGE_LOOP('',(#2680,#2682,#2684,#2686,#2688,#2690,#2692,#2694,#2696,#2698,
#2700,#2702,#2704,#2706,#2708,#2710,#2712,#2714,#2716,#2718,#2720,#2722,#2724,
#2726,#2728,#2730,#2732,#2734,#2736,#2738,#2740,#2742,#2744,#2746,#2748,#2750,
#2752,#2754,#2756,#2758));
#2760=FACE_OUTER_BOUND('',#2759,.F.);
#2762=ORIENTED_EDGE('',*,*,#2761,.F.);
#2764=ORIENTED_EDGE('',*,*,#2763,.T.);
#2766=ORIENTED_EDGE('',*,*,#2765,.F.);
#2768=ORIENTED_EDGE('',*,*,#2767,.F.);
#2770=ORIENTED_EDGE('',*,*,#2769,.F.);
#2771=EDGE_LOOP('',(#2762,#2764,#2766,#2768,#2770));
#2772=FACE_BOUND('',#2771,.F.);
#2774=CARTESIAN_POINT('',(0.E0,0.E0,0.E0));
#2775=DIRECTION('',(0.E0,1.E0,0.E0));
#2776=DIRECTION('',(1.E0,0.E0,0.E0));
#2777=AXIS2_PLACEMENT_3D('',#2774,#2775,#2776);
#2778=PLANE('',#2777);
#2780=ORIENTED_EDGE('',*,*,#2779,.T.);
#2782=ORIENTED_EDGE('',*,*,#2781,.T.);
#2784=ORIENTED_EDGE('',*,*,#2783,.T.);
#2786=ORIENTED_EDGE('',*,*,#2785,.F.);
#2787=EDGE_LOOP('',(#2780,#2782,#2784,#2786));
#2788=FACE_OUTER_BOUND('',#2787,.F.);
#2790=CARTESIAN_POINT('',(0.E0,0.E0,0.E0));
#2791=DIRECTION('',(0.E0,1.E0,0.E0));
#2792=DIRECTION('',(1.E0,0.E0,0.E0));
#2793=AXIS2_PLACEMENT_3D('',#2790,#2791,#2792);
#2794=PLANE('',#2793);
#2796=ORIENTED_EDGE('',*,*,#2795,.T.);
#2798=ORIENTED_EDGE('',*,*,#2797,.T.);
#2800=ORIENTED_EDGE('',*,*,#2799,.T.);
#2802=ORIENTED_EDGE('',*,*,#2801,.F.);
#2803=EDGE_LOOP('',(#2796,#2798,#2800,#2802));
#2804=FACE_OUTER_BOUND('',#2803,.F.);
#2806=CARTESIAN_POINT('',(0.E0,0.E0,0.E0));
#2807=DIRECTION('',(0.E0,1.E0,0.E0));
#2808=DIRECTION('',(1.E0,0.E0,0.E0));
#2809=AXIS2_PLACEMENT_3D('',#2806,#2807,#2808);
#2810=PLANE('',#2809);
#2812=ORIENTED_EDGE('',*,*,#2811,.T.);
#2814=ORIENTED_EDGE('',*,*,#2813,.F.);
#2816=ORIENTED_EDGE('',*,*,#2815,.F.);
#2818=ORIENTED_EDGE('',*,*,#2817,.F.);
#2819=EDGE_LOOP('',(#2812,#2814,#2816,#2818));
#2820=FACE_OUTER_BOUND('',#2819,.F.);
#2822=CARTESIAN_POINT('',(0.E0,0.E0,0.E0));
#2823=DIRECTION('',(0.E0,1.E0,0.E0));
#2824=DIRECTION('',(1.E0,0.E0,0.E0));
#2825=AXIS2_PLACEMENT_3D('',#2822,#2823,#2824);
#2826=PLANE('',#2825);
#2828=ORIENTED_EDGE('',*,*,#2827,.T.);
#2830=ORIENTED_EDGE('',*,*,#2829,.F.);
#2832=ORIENTED_EDGE('',*,*,#2831,.F.);
#2834=ORIENTED_EDGE('',*,*,#2833,.F.);
#2835=EDGE_LOOP('',(#2828,#2830,#2832,#2834));
#2836=FACE_OUTER_BOUND('',#2835,.F.);
#2838=CARTESIAN_POINT('',(0.E0,0.E0,0.E0));
#2839=DIRECTION('',(0.E0,1.E0,0.E0));
#2840=DIRECTION('',(1.E0,0.E0,0.E0));
#2841=AXIS2_PLACEMENT_3D('',#2838,#2839,#2840);
#2842=PLANE('',#2841);
#2844=ORIENTED_EDGE('',*,*,#2843,.T.);
#2846=ORIENTED_EDGE('',*,*,#2845,.T.);
#2848=ORIENTED_EDGE('',*,*,#2847,.F.);
#2850=ORIENTED_EDGE('',*,*,#2849,.F.);
#2851=EDGE_LOOP('',(#2844,#2846,#2848,#2850));
#2852=FACE_OUTER_BOUND('',#2851,.F.);
#2854=CARTESIAN_POINT('',(0.E0,0.E0,0.E0));
#2855=DIRECTION('',(0.E0,1.E0,0.E0));
#2856=DIRECTION('',(1.E0,0.E0,0.E0));
#2857=AXIS2_PLACEMENT_3D('',#2854,#2855,#2856);
#2858=PLANE('',#2857);
#2860=ORIENTED_EDGE('',*,*,#2859,.T.);
#2862=ORIENTED_EDGE('',*,*,#2861,.T.);
#2864=ORIENTED_EDGE('',*,*,#2863,.F.);
#2866=ORIENTED_EDGE('',*,*,#2865,.F.);
#2867=EDGE_LOOP('',(#2860,#2862,#2864,#2866));
#2868=FACE_OUTER_BOUND('',#2867,.F.);
#2870=CARTESIAN_POINT('',(0.E0,0.E0,0.E0));
#2871=DIRECTION('',(0.E0,1.E0,0.E0));
#2872=DIRECTION('',(1.E0,0.E0,0.E0));
#2873=AXIS2_PLACEMENT_3D('',#2870,#2871,#2872);
#2874=PLANE('',#2873);
#2876=ORIENTED_EDGE('',*,*,#2875,.T.);
#2878=ORIENTED_EDGE('',*,*,#2877,.T.);
#2880=ORIENTED_EDGE('',*,*,#2879,.F.);
#2882=ORIENTED_EDGE('',*,*,#2881,.F.);
#2883=EDGE_LOOP('',(#2876,#2878,#2880,#2882));
#2884=FACE_OUTER_BOUND('',#2883,.F.);
#2886=CARTESIAN_POINT('',(0.E0,0.E0,0.E0));
#2887=DIRECTION('',(0.E0,1.E0,0.E0));
#2888=DIRECTION('',(1.E0,0.E0,0.E0));
#2889=AXIS2_PLACEMENT_3D('',#2886,#2887,#2888);
#2890=PLANE('',#2889);
#2892=ORIENTED_EDGE('',*,*,#2891,.T.);
#2894=ORIENTED_EDGE('',*,*,#2893,.T.);
#2896=ORIENTED_EDGE('',*,*,#2895,.T.);
#2898=ORIENTED_EDGE('',*,*,#2897,.F.);
#2899=EDGE_LOOP('',(#2892,#2894,#2896,#2898));
#2900=FACE_OUTER_BOUND('',#2899,.F.);
#2902=CARTESIAN_POINT('',(0.E0,0.E0,0.E0));
#2903=DIRECTION('',(0.E0,1.E0,0.E0));
#2904=DIRECTION('',(1.E0,0.E0,0.E0));
#2905=AXIS2_PLACEMENT_3D('',#2902,#2903,#2904);
#2906=PLANE('',#2905);
#2908=ORIENTED_EDGE('',*,*,#2907,.T.);
#2910=ORIENTED_EDGE('',*,*,#2909,.T.);
#2912=ORIENTED_EDGE('',*,*,#2911,.T.);
#2914=ORIENTED_EDGE('',*,*,#2913,.T.);
#2915=EDGE_LOOP('',(#2908,#2910,#2912,#2914));
#2916=FACE_OUTER_BOUND('',#2915,.F.);
#2918=CARTESIAN_POINT('',(0.E0,0.E0,0.E0));
#2919=DIRECTION('',(0.E0,1.E0,0.E0));
#2920=DIRECTION('',(1.E0,0.E0,0.E0));
#2921=AXIS2_PLACEMENT_3D('',#2918,#2919,#2920);
#2922=PLANE('',#2921);
#2924=ORIENTED_EDGE('',*,*,#2923,.T.);
#2926=ORIENTED_EDGE('',*,*,#2925,.T.);
#2928=ORIENTED_EDGE('',*,*,#2927,.T.);
#2930=ORIENTED_EDGE('',*,*,#2929,.T.);
#2931=EDGE_LOOP('',(#2924,#2926,#2928,#2930));
#2932=FACE_OUTER_BOUND('',#2931,.F.);
#2934=CARTESIAN_POINT('',(-1.75E0,0.E0,-2.25E0));
#2935=DIRECTION('',(-1.E0,0.E0,0.E0));
#2936=DIRECTION('',(0.E0,0.E0,1.E0));
#2937=AXIS2_PLACEMENT_3D('',#2934,#2935,#2936);
#2938=PLANE('',#2937);
#2939=ORIENTED_EDGE('',*,*,#2679,.F.);
#2941=ORIENTED_EDGE('',*,*,#2940,.T.);
#2943=ORIENTED_EDGE('',*,*,#2942,.T.);
#2945=ORIENTED_EDGE('',*,*,#2944,.F.);
#2946=ORIENTED_EDGE('',*,*,#2715,.F.);
#2948=ORIENTED_EDGE('',*,*,#2947,.T.);
#2950=ORIENTED_EDGE('',*,*,#2949,.T.);
#2952=ORIENTED_EDGE('',*,*,#2951,.F.);
#2953=ORIENTED_EDGE('',*,*,#2923,.F.);
#2955=ORIENTED_EDGE('',*,*,#2954,.T.);
#2957=ORIENTED_EDGE('',*,*,#2956,.T.);
#2959=ORIENTED_EDGE('',*,*,#2958,.F.);
#2960=ORIENTED_EDGE('',*,*,#2907,.F.);
#2962=ORIENTED_EDGE('',*,*,#2961,.T.);
#2964=ORIENTED_EDGE('',*,*,#2963,.T.);
#2966=ORIENTED_EDGE('',*,*,#2965,.F.);
#2967=ORIENTED_EDGE('',*,*,#2891,.F.);
#2969=ORIENTED_EDGE('',*,*,#2968,.T.);
#2971=ORIENTED_EDGE('',*,*,#2970,.T.);
#2973=ORIENTED_EDGE('',*,*,#2972,.F.);
#2974=ORIENTED_EDGE('',*,*,#2795,.F.);
#2976=ORIENTED_EDGE('',*,*,#2975,.T.);
#2978=ORIENTED_EDGE('',*,*,#2977,.T.);
#2980=ORIENTED_EDGE('',*,*,#2979,.F.);
#2981=ORIENTED_EDGE('',*,*,#2779,.F.);
#2983=ORIENTED_EDGE('',*,*,#2982,.T.);
#2985=ORIENTED_EDGE('',*,*,#2984,.T.);
#2987=ORIENTED_EDGE('',*,*,#2986,.F.);
#2988=ORIENTED_EDGE('',*,*,#2703,.F.);
#2990=ORIENTED_EDGE('',*,*,#2989,.T.);
#2992=ORIENTED_EDGE('',*,*,#2991,.T.);
#2994=ORIENTED_EDGE('',*,*,#2993,.F.);
#2995=ORIENTED_EDGE('',*,*,#2695,.F.);
#2997=ORIENTED_EDGE('',*,*,#2996,.T.);
#2999=ORIENTED_EDGE('',*,*,#2998,.T.);
#3001=ORIENTED_EDGE('',*,*,#3000,.F.);
#3002=ORIENTED_EDGE('',*,*,#2687,.F.);
#3004=ORIENTED_EDGE('',*,*,#3003,.T.);
#3006=ORIENTED_EDGE('',*,*,#3005,.T.);
#3008=ORIENTED_EDGE('',*,*,#3007,.F.);
#3009=EDGE_LOOP('',(#2939,#2941,#2943,#2945,#2946,#2948,#2950,#2952,#2953,#2955,
#2957,#2959,#2960,#2962,#2964,#2966,#2967,#2969,#2971,#2973,#2974,#2976,#2978,
#2980,#2981,#2983,#2985,#2987,#2988,#2990,#2992,#2994,#2995,#2997,#2999,#3001,
#3002,#3004,#3006,#3008));
#3010=FACE_OUTER_BOUND('',#3009,.F.);
#3012=CARTESIAN_POINT('',(1.75E0,0.E0,-2.25E0));
#3013=DIRECTION('',(0.E0,0.E0,-1.E0));
#3014=DIRECTION('',(-1.E0,0.E0,0.E0));
#3015=AXIS2_PLACEMENT_3D('',#3012,#3013,#3014);
#3016=PLANE('',#3015);
#3017=ORIENTED_EDGE('',*,*,#2757,.F.);
#3019=ORIENTED_EDGE('',*,*,#3018,.T.);
#3021=ORIENTED_EDGE('',*,*,#3020,.T.);
#3022=ORIENTED_EDGE('',*,*,#2940,.F.);
#3023=EDGE_LOOP('',(#3017,#3019,#3021,#3022));
#3024=FACE_OUTER_BOUND('',#3023,.F.);
#3026=ORIENTED_EDGE('',*,*,#3025,.T.);
#3028=ORIENTED_EDGE('',*,*,#3027,.F.);
#3030=ORIENTED_EDGE('',*,*,#3029,.F.);
#3032=ORIENTED_EDGE('',*,*,#3031,.T.);
#3033=EDGE_LOOP('',(#3026,#3028,#3030,#3032));
#3034=FACE_BOUND('',#3033,.F.);
#3036=ORIENTED_EDGE('',*,*,#3035,.T.);
#3038=ORIENTED_EDGE('',*,*,#3037,.F.);
#3040=ORIENTED_EDGE('',*,*,#3039,.F.);
#3042=ORIENTED_EDGE('',*,*,#3041,.T.);
#3043=EDGE_LOOP('',(#3036,#3038,#3040,#3042));
#3044=FACE_BOUND('',#3043,.F.);
#3046=CARTESIAN_POINT('',(1.75E0,0.E0,2.25E0));
#3047=DIRECTION('',(1.E0,0.E0,0.E0));
#3048=DIRECTION('',(0.E0,0.E0,-1.E0));
#3049=AXIS2_PLACEMENT_3D('',#3046,#3047,#3048);
#3050=PLANE('',#3049);
#3051=ORIENTED_EDGE('',*,*,#2719,.F.);
#3053=ORIENTED_EDGE('',*,*,#3052,.T.);
#3055=ORIENTED_EDGE('',*,*,#3054,.T.);
#3056=ORIENTED_EDGE('',*,*,#3018,.F.);
#3057=ORIENTED_EDGE('',*,*,#2755,.F.);
#3059=ORIENTED_EDGE('',*,*,#3058,.T.);
#3061=ORIENTED_EDGE('',*,*,#3060,.F.);
#3063=ORIENTED_EDGE('',*,*,#3062,.F.);
#3064=ORIENTED_EDGE('',*,*,#2747,.F.);
#3066=ORIENTED_EDGE('',*,*,#3065,.T.);
#3068=ORIENTED_EDGE('',*,*,#3067,.F.);
#3070=ORIENTED_EDGE('',*,*,#3069,.F.);
#3071=ORIENTED_EDGE('',*,*,#2739,.F.);
#3073=ORIENTED_EDGE('',*,*,#3072,.T.);
#3075=ORIENTED_EDGE('',*,*,#3074,.F.);
#3077=ORIENTED_EDGE('',*,*,#3076,.F.);
#3078=ORIENTED_EDGE('',*,*,#2731,.F.);
#3080=ORIENTED_EDGE('',*,*,#3079,.T.);
#3082=ORIENTED_EDGE('',*,*,#3081,.F.);
#3084=ORIENTED_EDGE('',*,*,#3083,.F.);
#3085=ORIENTED_EDGE('',*,*,#2875,.F.);
#3087=ORIENTED_EDGE('',*,*,#3086,.T.);
#3089=ORIENTED_EDGE('',*,*,#3088,.F.);
#3091=ORIENTED_EDGE('',*,*,#3090,.F.);
#3092=ORIENTED_EDGE('',*,*,#2859,.F.);
#3094=ORIENTED_EDGE('',*,*,#3093,.T.);
#3096=ORIENTED_EDGE('',*,*,#3095,.F.);
#3098=ORIENTED_EDGE('',*,*,#3097,.F.);
#3099=ORIENTED_EDGE('',*,*,#2843,.F.);
#3101=ORIENTED_EDGE('',*,*,#3100,.T.);
#3103=ORIENTED_EDGE('',*,*,#3102,.F.);
#3105=ORIENTED_EDGE('',*,*,#3104,.F.);
#3106=ORIENTED_EDGE('',*,*,#2827,.F.);
#3108=ORIENTED_EDGE('',*,*,#3107,.T.);
#3110=ORIENTED_EDGE('',*,*,#3109,.F.);
#3112=ORIENTED_EDGE('',*,*,#3111,.F.);
#3113=ORIENTED_EDGE('',*,*,#2811,.F.);
#3115=ORIENTED_EDGE('',*,*,#3114,.T.);
#3117=ORIENTED_EDGE('',*,*,#3116,.F.);
#3119=ORIENTED_EDGE('',*,*,#3118,.F.);
#3120=EDGE_LOOP('',(#3051,#3053,#3055,#3056,#3057,#3059,#3061,#3063,#3064,#3066,
#3068,#3070,#3071,#3073,#3075,#3077,#3078,#3080,#3082,#3084,#3085,#3087,#3089,
#3091,#3092,#3094,#3096,#3098,#3099,#3101,#3103,#3105,#3106,#3108,#3110,#3112,
#3113,#3115,#3117,#3119));
#3121=FACE_OUTER_BOUND('',#3120,.F.);
#3123=CARTESIAN_POINT('',(-1.75E0,0.E0,2.25E0));
#3124=DIRECTION('',(0.E0,0.E0,1.E0));
#3125=DIRECTION('',(1.E0,0.E0,0.E0));
#3126=AXIS2_PLACEMENT_3D('',#3123,#3124,#3125);
#3127=PLANE('',#3126);
#3128=ORIENTED_EDGE('',*,*,#2717,.F.);
#3129=ORIENTED_EDGE('',*,*,#2944,.T.);
#3131=ORIENTED_EDGE('',*,*,#3130,.T.);
#3132=ORIENTED_EDGE('',*,*,#3052,.F.);
#3133=EDGE_LOOP('',(#3128,#3129,#3131,#3132));
#3134=FACE_OUTER_BOUND('',#3133,.F.);
#3136=ORIENTED_EDGE('',*,*,#3135,.F.);
#3138=ORIENTED_EDGE('',*,*,#3137,.F.);
#3140=ORIENTED_EDGE('',*,*,#3139,.T.);
#3142=ORIENTED_EDGE('',*,*,#3141,.T.);
#3143=EDGE_LOOP('',(#3136,#3138,#3140,#3142));
#3144=FACE_BOUND('',#3143,.F.);
#3146=ORIENTED_EDGE('',*,*,#3145,.F.);
#3148=ORIENTED_EDGE('',*,*,#3147,.F.);
#3150=ORIENTED_EDGE('',*,*,#3149,.T.);
#3152=ORIENTED_EDGE('',*,*,#3151,.T.);
#3153=EDGE_LOOP('',(#3146,#3148,#3150,#3152));
#3154=FACE_BOUND('',#3153,.F.);
#3156=CARTESIAN_POINT('',(0.E0,7.5E-1,0.E0));
#3157=DIRECTION('',(0.E0,1.E0,0.E0));
#3158=DIRECTION('',(1.E0,0.E0,0.E0));
#3159=AXIS2_PLACEMENT_3D('',#3156,#3157,#3158);
#3160=PLANE('',#3159);
#3161=ORIENTED_EDGE('',*,*,#2942,.F.);
#3162=ORIENTED_EDGE('',*,*,#3020,.F.);
#3163=ORIENTED_EDGE('',*,*,#3054,.F.);
#3164=ORIENTED_EDGE('',*,*,#3130,.F.);
#3165=EDGE_LOOP('',(#3161,#3162,#3163,#3164));
#3166=FACE_OUTER_BOUND('',#3165,.F.);
#3168=CARTESIAN_POINT('',(0.E0,1.75E-1,0.E0));
#3169=DIRECTION('',(0.E0,1.E0,0.E0));
#3170=DIRECTION('',(1.E0,0.E0,0.E0));
#3171=AXIS2_PLACEMENT_3D('',#3168,#3169,#3170);
#3172=PLANE('',#3171);
#3173=ORIENTED_EDGE('',*,*,#3135,.T.);
#3175=ORIENTED_EDGE('',*,*,#3174,.T.);
#3177=ORIENTED_EDGE('',*,*,#3176,.T.);
#3179=ORIENTED_EDGE('',*,*,#3178,.F.);
#3180=ORIENTED_EDGE('',*,*,#3145,.T.);
#3182=ORIENTED_EDGE('',*,*,#3181,.F.);
#3184=ORIENTED_EDGE('',*,*,#3183,.T.);
#3186=ORIENTED_EDGE('',*,*,#3185,.T.);
#3188=ORIENTED_EDGE('',*,*,#3187,.T.);
#3190=ORIENTED_EDGE('',*,*,#3189,.T.);
#3191=ORIENTED_EDGE('',*,*,#3035,.F.);
#3193=ORIENTED_EDGE('',*,*,#3192,.T.);
#3195=ORIENTED_EDGE('',*,*,#3194,.T.);
#3197=ORIENTED_EDGE('',*,*,#3196,.F.);
#3198=ORIENTED_EDGE('',*,*,#3025,.F.);
#3200=ORIENTED_EDGE('',*,*,#3199,.F.);
#3202=ORIENTED_EDGE('',*,*,#3201,.T.);
#3204=ORIENTED_EDGE('',*,*,#3203,.T.);
#3206=ORIENTED_EDGE('',*,*,#3205,.T.);
#3208=ORIENTED_EDGE('',*,*,#3207,.T.);
#3209=EDGE_LOOP('',(#3173,#3175,#3177,#3179,#3180,#3182,#3184,#3186,#3188,#3190,
#3191,#3193,#3195,#3197,#3198,#3200,#3202,#3204,#3206,#3208));
#3210=FACE_OUTER_BOUND('',#3209,.F.);
#3212=CARTESIAN_POINT('',(-7.E-1,7.5E-2,2.25E0));
#3213=DIRECTION('',(-1.E0,0.E0,0.E0));
#3214=DIRECTION('',(0.E0,0.E0,-1.E0));
#3215=AXIS2_PLACEMENT_3D('',#3212,#3213,#3214);
#3216=PLANE('',#3215);
#3217=ORIENTED_EDGE('',*,*,#3141,.F.);
#3219=ORIENTED_EDGE('',*,*,#3218,.T.);
#3221=ORIENTED_EDGE('',*,*,#3220,.T.);
#3222=ORIENTED_EDGE('',*,*,#3174,.F.);
#3223=EDGE_LOOP('',(#3217,#3219,#3221,#3222));
#3224=FACE_OUTER_BOUND('',#3223,.F.);
#3226=CARTESIAN_POINT('',(0.E0,7.5E-2,0.E0));
#3227=DIRECTION('',(0.E0,1.E0,0.E0));
#3228=DIRECTION('',(1.E0,0.E0,0.E0));
#3229=AXIS2_PLACEMENT_3D('',#3226,#3227,#3228);
#3230=PLANE('',#3229);
#3232=ORIENTED_EDGE('',*,*,#3231,.F.);
#3234=ORIENTED_EDGE('',*,*,#3233,.F.);
#3236=ORIENTED_EDGE('',*,*,#3235,.F.);
#3238=ORIENTED_EDGE('',*,*,#3237,.F.);
#3240=ORIENTED_EDGE('',*,*,#3239,.T.);
#3241=ORIENTED_EDGE('',*,*,#3029,.T.);
#3243=ORIENTED_EDGE('',*,*,#3242,.T.);
#3245=ORIENTED_EDGE('',*,*,#3244,.F.);
#3247=ORIENTED_EDGE('',*,*,#3246,.F.);
#3248=ORIENTED_EDGE('',*,*,#3039,.T.);
#3250=ORIENTED_EDGE('',*,*,#3249,.F.);
#3252=ORIENTED_EDGE('',*,*,#3251,.F.);
#3254=ORIENTED_EDGE('',*,*,#3253,.F.);
#3256=ORIENTED_EDGE('',*,*,#3255,.F.);
#3258=ORIENTED_EDGE('',*,*,#3257,.T.);
#3259=ORIENTED_EDGE('',*,*,#3149,.F.);
#3261=ORIENTED_EDGE('',*,*,#3260,.T.);
#3263=ORIENTED_EDGE('',*,*,#3262,.F.);
#3264=ORIENTED_EDGE('',*,*,#3218,.F.);
#3265=ORIENTED_EDGE('',*,*,#3139,.F.);
#3266=EDGE_LOOP('',(#3232,#3234,#3236,#3238,#3240,#3241,#3243,#3245,#3247,#3248,
#3250,#3252,#3254,#3256,#3258,#3259,#3261,#3263,#3264,#3265));
#3267=FACE_OUTER_BOUND('',#3266,.F.);
#3269=ORIENTED_EDGE('',*,*,#3268,.T.);
#3271=ORIENTED_EDGE('',*,*,#3270,.F.);
#3273=ORIENTED_EDGE('',*,*,#3272,.T.);
#3275=ORIENTED_EDGE('',*,*,#3274,.T.);
#3277=ORIENTED_EDGE('',*,*,#3276,.T.);
#3278=EDGE_LOOP('',(#3269,#3271,#3273,#3275,#3277));
#3279=FACE_BOUND('',#3278,.F.);
#3281=CARTESIAN_POINT('',(1.05E0,-2.5E-2,-1.975E0));
#3282=DIRECTION('',(0.E0,0.E0,-1.E0));
#3283=DIRECTION('',(-1.E0,0.E0,0.E0));
#3284=AXIS2_PLACEMENT_3D('',#3281,#3282,#3283);
#3285=PLANE('',#3284);
#3286=ORIENTED_EDGE('',*,*,#2765,.T.);
#3288=ORIENTED_EDGE('',*,*,#3287,.F.);
#3289=ORIENTED_EDGE('',*,*,#3268,.F.);
#3291=ORIENTED_EDGE('',*,*,#3290,.T.);
#3292=EDGE_LOOP('',(#3286,#3288,#3289,#3291));
#3293=FACE_OUTER_BOUND('',#3292,.F.);
#3295=CARTESIAN_POINT('',(-9.E-1,7.5E-2,-1.825E0));
#3296=DIRECTION('',(-7.071067811865E-1,0.E0,-7.071067811865E-1));
#3297=DIRECTION('',(7.071067811865E-1,0.E0,-7.071067811865E-1));
#3298=AXIS2_PLACEMENT_3D('',#3295,#3296,#3297);
#3299=PLANE('',#3298);
#3300=ORIENTED_EDGE('',*,*,#2763,.F.);
#3302=ORIENTED_EDGE('',*,*,#3301,.F.);
#3303=ORIENTED_EDGE('',*,*,#3270,.T.);
#3304=ORIENTED_EDGE('',*,*,#3287,.T.);
#3305=EDGE_LOOP('',(#3300,#3302,#3303,#3304));
#3306=FACE_OUTER_BOUND('',#3305,.F.);
#3308=CARTESIAN_POINT('',(-1.05E0,-2.5E-2,-1.975E0));
#3309=DIRECTION('',(-1.E0,0.E0,0.E0));
#3310=DIRECTION('',(0.E0,0.E0,1.E0));
#3311=AXIS2_PLACEMENT_3D('',#3308,#3309,#3310);
#3312=PLANE('',#3311);
#3313=ORIENTED_EDGE('',*,*,#2761,.T.);
#3315=ORIENTED_EDGE('',*,*,#3314,.F.);
#3316=ORIENTED_EDGE('',*,*,#3272,.F.);
#3317=ORIENTED_EDGE('',*,*,#3301,.T.);
#3318=EDGE_LOOP('',(#3313,#3315,#3316,#3317));
#3319=FACE_OUTER_BOUND('',#3318,.F.);
#3321=CARTESIAN_POINT('',(-1.05E0,-2.5E-2,1.975E0));
#3322=DIRECTION('',(0.E0,0.E0,1.E0));
#3323=DIRECTION('',(1.E0,0.E0,0.E0));
#3324=AXIS2_PLACEMENT_3D('',#3321,#3322,#3323);
#3325=PLANE('',#3324);
#3326=ORIENTED_EDGE('',*,*,#2769,.T.);
#3328=ORIENTED_EDGE('',*,*,#3327,.F.);
#3329=ORIENTED_EDGE('',*,*,#3274,.F.);
#3330=ORIENTED_EDGE('',*,*,#3314,.T.);
#3331=EDGE_LOOP('',(#3326,#3328,#3329,#3330));
#3332=FACE_OUTER_BOUND('',#3331,.F.);
#3334=CARTESIAN_POINT('',(1.05E0,-2.5E-2,1.975E0));
#3335=DIRECTION('',(1.E0,0.E0,0.E0));
#3336=DIRECTION('',(0.E0,0.E0,-1.E0));
#3337=AXIS2_PLACEMENT_3D('',#3334,#3335,#3336);
#3338=PLANE('',#3337);
#3339=ORIENTED_EDGE('',*,*,#2767,.T.);
#3340=ORIENTED_EDGE('',*,*,#3290,.F.);
#3341=ORIENTED_EDGE('',*,*,#3276,.F.);
#3342=ORIENTED_EDGE('',*,*,#3327,.T.);
#3343=EDGE_LOOP('',(#3339,#3340,#3341,#3342));
#3344=FACE_OUTER_BOUND('',#3343,.F.);
#3346=CARTESIAN_POINT('',(-9.E-1,7.5E-2,1.975E0));
#3347=DIRECTION('',(1.E0,0.E0,0.E0));
#3348=DIRECTION('',(0.E0,0.E0,1.E0));
#3349=AXIS2_PLACEMENT_3D('',#3346,#3347,#3348);
#3350=PLANE('',#3349);
#3351=ORIENTED_EDGE('',*,*,#3137,.T.);
#3352=ORIENTED_EDGE('',*,*,#3207,.F.);
#3354=ORIENTED_EDGE('',*,*,#3353,.F.);
#3355=ORIENTED_EDGE('',*,*,#3231,.T.);
#3356=EDGE_LOOP('',(#3351,#3352,#3354,#3355));
#3357=FACE_OUTER_BOUND('',#3356,.F.);
#3359=CARTESIAN_POINT('',(-1.15E0,7.5E-2,2.075E0));
#3360=DIRECTION('',(0.E0,0.E0,1.E0));
#3361=DIRECTION('',(1.E0,0.E0,0.E0));
#3362=AXIS2_PLACEMENT_3D('',#3359,#3360,#3361);
#3363=PLANE('',#3362);
#3364=ORIENTED_EDGE('',*,*,#3353,.T.);
#3365=ORIENTED_EDGE('',*,*,#3205,.F.);
#3367=ORIENTED_EDGE('',*,*,#3366,.F.);
#3368=ORIENTED_EDGE('',*,*,#3233,.T.);
#3369=EDGE_LOOP('',(#3364,#3365,#3367,#3368));
#3370=FACE_OUTER_BOUND('',#3369,.F.);
#3372=CARTESIAN_POINT('',(-1.15E0,7.5E-2,2.075E0));
#3373=DIRECTION('',(0.E0,0.E0,1.E0));
#3374=DIRECTION('',(1.E0,0.E0,0.E0));
#3375=AXIS2_PLACEMENT_3D('',#3372,#3373,#3374);
#3376=PLANE('',#3375);
#3378=ORIENTED_EDGE('',*,*,#3377,.F.);
#3379=ORIENTED_EDGE('',*,*,#3255,.T.);
#3381=ORIENTED_EDGE('',*,*,#3380,.T.);
#3382=ORIENTED_EDGE('',*,*,#3183,.F.);
#3383=EDGE_LOOP('',(#3378,#3379,#3381,#3382));
#3384=FACE_OUTER_BOUND('',#3383,.F.);
#3386=CARTESIAN_POINT('',(-1.15E0,7.5E-2,2.075E0));
#3387=DIRECTION('',(0.E0,0.E0,1.E0));
#3388=DIRECTION('',(1.E0,0.E0,0.E0));
#3389=AXIS2_PLACEMENT_3D('',#3386,#3387,#3388);
#3390=PLANE('',#3389);
#3392=ORIENTED_EDGE('',*,*,#3391,.T.);
#3393=ORIENTED_EDGE('',*,*,#3176,.F.);
#3394=ORIENTED_EDGE('',*,*,#3220,.F.);
#3395=ORIENTED_EDGE('',*,*,#3262,.T.);
#3396=EDGE_LOOP('',(#3392,#3393,#3394,#3395));
#3397=FACE_OUTER_BOUND('',#3396,.F.);
#3399=CARTESIAN_POINT('',(-1.15E0,7.5E-2,-2.075E0));
#3400=DIRECTION('',(-1.E0,0.E0,0.E0));
#3401=DIRECTION('',(0.E0,0.E0,1.E0));
#3402=AXIS2_PLACEMENT_3D('',#3399,#3400,#3401);
#3403=PLANE('',#3402);
#3404=ORIENTED_EDGE('',*,*,#3235,.T.);
#3405=ORIENTED_EDGE('',*,*,#3366,.T.);
#3406=ORIENTED_EDGE('',*,*,#3203,.F.);
#3408=ORIENTED_EDGE('',*,*,#3407,.F.);
#3409=EDGE_LOOP('',(#3404,#3405,#3406,#3408));
#3410=FACE_OUTER_BOUND('',#3409,.F.);
#3412=CARTESIAN_POINT('',(1.15E0,7.5E-2,-2.075E0));
#3413=DIRECTION('',(0.E0,0.E0,-1.E0));
#3414=DIRECTION('',(-1.E0,0.E0,0.E0));
#3415=AXIS2_PLACEMENT_3D('',#3412,#3413,#3414);
#3416=PLANE('',#3415);
#3418=ORIENTED_EDGE('',*,*,#3417,.F.);
#3419=ORIENTED_EDGE('',*,*,#3237,.T.);
#3420=ORIENTED_EDGE('',*,*,#3407,.T.);
#3421=ORIENTED_EDGE('',*,*,#3201,.F.);
#3422=EDGE_LOOP('',(#3418,#3419,#3420,#3421));
#3423=FACE_OUTER_BOUND('',#3422,.F.);
#3425=CARTESIAN_POINT('',(1.15E0,7.5E-2,-2.075E0));
#3426=DIRECTION('',(0.E0,0.E0,-1.E0));
#3427=DIRECTION('',(-1.E0,0.E0,0.E0));
#3428=AXIS2_PLACEMENT_3D('',#3425,#3426,#3427);
#3429=PLANE('',#3428);
#3431=ORIENTED_EDGE('',*,*,#3430,.T.);
#3432=ORIENTED_EDGE('',*,*,#3187,.F.);
#3434=ORIENTED_EDGE('',*,*,#3433,.F.);
#3435=ORIENTED_EDGE('',*,*,#3251,.T.);
#3436=EDGE_LOOP('',(#3431,#3432,#3434,#3435));
#3437=FACE_OUTER_BOUND('',#3436,.F.);
#3439=CARTESIAN_POINT('',(1.15E0,7.5E-2,-2.075E0));
#3440=DIRECTION('',(0.E0,0.E0,-1.E0));
#3441=DIRECTION('',(-1.E0,0.E0,0.E0));
#3442=AXIS2_PLACEMENT_3D('',#3439,#3440,#3441);
#3443=PLANE('',#3442);
#3445=ORIENTED_EDGE('',*,*,#3444,.F.);
#3446=ORIENTED_EDGE('',*,*,#3244,.T.);
#3448=ORIENTED_EDGE('',*,*,#3447,.T.);
#3449=ORIENTED_EDGE('',*,*,#3194,.F.);
#3450=EDGE_LOOP('',(#3445,#3446,#3448,#3449));
#3451=FACE_OUTER_BOUND('',#3450,.F.);
#3453=CARTESIAN_POINT('',(-9.E-1,7.5E-2,-1.975E0));
#3454=DIRECTION('',(-1.E0,0.E0,0.E0));
#3455=DIRECTION('',(0.E0,0.E0,-1.E0));
#3456=AXIS2_PLACEMENT_3D('',#3453,#3454,#3455);
#3457=PLANE('',#3456);
#3458=ORIENTED_EDGE('',*,*,#3031,.F.);
#3459=ORIENTED_EDGE('',*,*,#3239,.F.);
#3460=ORIENTED_EDGE('',*,*,#3417,.T.);
#3461=ORIENTED_EDGE('',*,*,#3199,.T.);
#3462=EDGE_LOOP('',(#3458,#3459,#3460,#3461));
#3463=FACE_OUTER_BOUND('',#3462,.F.);
#3465=CARTESIAN_POINT('',(9.E-1,7.5E-2,-1.975E0));
#3466=DIRECTION('',(-1.E0,0.E0,0.E0));
#3467=DIRECTION('',(0.E0,0.E0,-1.E0));
#3468=AXIS2_PLACEMENT_3D('',#3465,#3466,#3467);
#3469=PLANE('',#3468);
#3470=ORIENTED_EDGE('',*,*,#3037,.T.);
#3471=ORIENTED_EDGE('',*,*,#3189,.F.);
#3472=ORIENTED_EDGE('',*,*,#3430,.F.);
#3473=ORIENTED_EDGE('',*,*,#3249,.T.);
#3474=EDGE_LOOP('',(#3470,#3471,#3472,#3473));
#3475=FACE_OUTER_BOUND('',#3474,.F.);
#3477=CARTESIAN_POINT('',(1.15E0,7.5E-2,2.075E0));
#3478=DIRECTION('',(1.E0,0.E0,0.E0));
#3479=DIRECTION('',(0.E0,0.E0,-1.E0));
#3480=AXIS2_PLACEMENT_3D('',#3477,#3478,#3479);
#3481=PLANE('',#3480);
#3482=ORIENTED_EDGE('',*,*,#3253,.T.);
#3483=ORIENTED_EDGE('',*,*,#3433,.T.);
#3484=ORIENTED_EDGE('',*,*,#3185,.F.);
#3485=ORIENTED_EDGE('',*,*,#3380,.F.);
#3486=EDGE_LOOP('',(#3482,#3483,#3484,#3485));
#3487=FACE_OUTER_BOUND('',#3486,.F.);
#3489=CARTESIAN_POINT('',(7.E-1,7.5E-2,-2.25E0));
#3490=DIRECTION('',(1.E0,0.E0,0.E0));
#3491=DIRECTION('',(0.E0,0.E0,1.E0));
#3492=AXIS2_PLACEMENT_3D('',#3489,#3490,#3491);
#3493=PLANE('',#3492);
#3494=ORIENTED_EDGE('',*,*,#3041,.F.);
#3495=ORIENTED_EDGE('',*,*,#3246,.T.);
#3496=ORIENTED_EDGE('',*,*,#3444,.T.);
#3497=ORIENTED_EDGE('',*,*,#3192,.F.);
#3498=EDGE_LOOP('',(#3494,#3495,#3496,#3497));
#3499=FACE_OUTER_BOUND('',#3498,.F.);
#3501=CARTESIAN_POINT('',(-7.E-1,7.5E-2,-2.25E0));
#3502=DIRECTION('',(1.E0,0.E0,0.E0));
#3503=DIRECTION('',(0.E0,0.E0,1.E0));
#3504=AXIS2_PLACEMENT_3D('',#3501,#3502,#3503);
#3505=PLANE('',#3504);
#3506=ORIENTED_EDGE('',*,*,#3027,.T.);
#3507=ORIENTED_EDGE('',*,*,#3196,.T.);
#3508=ORIENTED_EDGE('',*,*,#3447,.F.);
#3509=ORIENTED_EDGE('',*,*,#3242,.F.);
#3510=EDGE_LOOP('',(#3506,#3507,#3508,#3509));
#3511=FACE_OUTER_BOUND('',#3510,.F.);
#3513=CARTESIAN_POINT('',(9.E-1,7.5E-2,1.975E0));
#3514=DIRECTION('',(1.E0,0.E0,0.E0));
#3515=DIRECTION('',(0.E0,0.E0,1.E0));
#3516=AXIS2_PLACEMENT_3D('',#3513,#3514,#3515);
#3517=PLANE('',#3516);
#3518=ORIENTED_EDGE('',*,*,#3151,.F.);
#3519=ORIENTED_EDGE('',*,*,#3257,.F.);
#3520=ORIENTED_EDGE('',*,*,#3377,.T.);
#3521=ORIENTED_EDGE('',*,*,#3181,.T.);
#3522=EDGE_LOOP('',(#3518,#3519,#3520,#3521));
#3523=FACE_OUTER_BOUND('',#3522,.F.);
#3525=CARTESIAN_POINT('',(7.E-1,7.5E-2,2.25E0));
#3526=DIRECTION('',(-1.E0,0.E0,0.E0));
#3527=DIRECTION('',(0.E0,0.E0,-1.E0));
#3528=AXIS2_PLACEMENT_3D('',#3525,#3526,#3527);
#3529=PLANE('',#3528);
#3530=ORIENTED_EDGE('',*,*,#3147,.T.);
#3531=ORIENTED_EDGE('',*,*,#3178,.T.);
#3532=ORIENTED_EDGE('',*,*,#3391,.F.);
#3533=ORIENTED_EDGE('',*,*,#3260,.F.);
#3534=EDGE_LOOP('',(#3530,#3531,#3532,#3533));
#3535=FACE_OUTER_BOUND('',#3534,.F.);
#3537=CARTESIAN_POINT('',(1.75E0,-2.5E-2,-1.7E0));
#3538=DIRECTION('',(0.E0,0.E0,-1.E0));
#3539=DIRECTION('',(-1.E0,0.E0,0.E0));
#3540=AXIS2_PLACEMENT_3D('',#3537,#3538,#3539);
#3541=PLANE('',#3540);
#3542=ORIENTED_EDGE('',*,*,#2753,.T.);
#3544=ORIENTED_EDGE('',*,*,#3543,.T.);
#3546=ORIENTED_EDGE('',*,*,#3545,.F.);
#3547=ORIENTED_EDGE('',*,*,#3058,.F.);
#3548=EDGE_LOOP('',(#3542,#3544,#3546,#3547));
#3549=FACE_OUTER_BOUND('',#3548,.F.);
#3551=CARTESIAN_POINT('',(1.45E0,-2.5E-2,-1.6E0));
#3552=DIRECTION('',(0.E0,1.E0,0.E0));
#3553=DIRECTION('',(1.E0,0.E0,0.E0));
#3554=AXIS2_PLACEMENT_3D('',#3551,#3552,#3553);
#3555=CYLINDRICAL_SURFACE('',#3554,1.E-1);
#3556=ORIENTED_EDGE('',*,*,#2751,.T.);
#3558=ORIENTED_EDGE('',*,*,#3557,.T.);
#3560=ORIENTED_EDGE('',*,*,#3559,.F.);
#3561=ORIENTED_EDGE('',*,*,#3543,.F.);
#3562=EDGE_LOOP('',(#3556,#3558,#3560,#3561));
#3563=FACE_OUTER_BOUND('',#3562,.F.);
#3565=CARTESIAN_POINT('',(1.45E0,-2.5E-2,-1.5E0));
#3566=DIRECTION('',(0.E0,0.E0,1.E0));
#3567=DIRECTION('',(1.E0,0.E0,0.E0));
#3568=AXIS2_PLACEMENT_3D('',#3565,#3566,#3567);
#3569=PLANE('',#3568);
#3570=ORIENTED_EDGE('',*,*,#2749,.F.);
#3571=ORIENTED_EDGE('',*,*,#3062,.T.);
#3573=ORIENTED_EDGE('',*,*,#3572,.F.);
#3574=ORIENTED_EDGE('',*,*,#3557,.F.);
#3575=EDGE_LOOP('',(#3570,#3571,#3573,#3574));
#3576=FACE_OUTER_BOUND('',#3575,.F.);
#3578=CARTESIAN_POINT('',(0.E0,1.75E-1,0.E0));
#3579=DIRECTION('',(0.E0,1.E0,0.E0));
#3580=DIRECTION('',(1.E0,0.E0,0.E0));
#3581=AXIS2_PLACEMENT_3D('',#3578,#3579,#3580);
#3582=PLANE('',#3581);
#3583=ORIENTED_EDGE('',*,*,#3060,.T.);
#3584=ORIENTED_EDGE('',*,*,#3545,.T.);
#3585=ORIENTED_EDGE('',*,*,#3559,.T.);
#3586=ORIENTED_EDGE('',*,*,#3572,.T.);
#3587=EDGE_LOOP('',(#3583,#3584,#3585,#3586));
#3588=FACE_OUTER_BOUND('',#3587,.F.);
#3590=CARTESIAN_POINT('',(1.75E0,-2.5E-2,-1.3E0));
#3591=DIRECTION('',(0.E0,0.E0,-1.E0));
#3592=DIRECTION('',(-1.E0,0.E0,0.E0));
#3593=AXIS2_PLACEMENT_3D('',#3590,#3591,#3592);
#3594=PLANE('',#3593);
#3595=ORIENTED_EDGE('',*,*,#2745,.T.);
#3597=ORIENTED_EDGE('',*,*,#3596,.T.);
#3599=ORIENTED_EDGE('',*,*,#3598,.F.);
#3600=ORIENTED_EDGE('',*,*,#3065,.F.);
#3601=EDGE_LOOP('',(#3595,#3597,#3599,#3600));
#3602=FACE_OUTER_BOUND('',#3601,.F.);
#3604=CARTESIAN_POINT('',(1.45E0,-2.5E-2,-1.2E0));
#3605=DIRECTION('',(0.E0,1.E0,0.E0));
#3606=DIRECTION('',(1.E0,0.E0,0.E0));
#3607=AXIS2_PLACEMENT_3D('',#3604,#3605,#3606);
#3608=CYLINDRICAL_SURFACE('',#3607,1.E-1);
#3609=ORIENTED_EDGE('',*,*,#2743,.T.);
#3611=ORIENTED_EDGE('',*,*,#3610,.T.);
#3613=ORIENTED_EDGE('',*,*,#3612,.F.);
#3614=ORIENTED_EDGE('',*,*,#3596,.F.);
#3615=EDGE_LOOP('',(#3609,#3611,#3613,#3614));
#3616=FACE_OUTER_BOUND('',#3615,.F.);
#3618=CARTESIAN_POINT('',(1.45E0,-2.5E-2,-1.1E0));
#3619=DIRECTION('',(0.E0,0.E0,1.E0));
#3620=DIRECTION('',(1.E0,0.E0,0.E0));
#3621=AXIS2_PLACEMENT_3D('',#3618,#3619,#3620);
#3622=PLANE('',#3621);
#3623=ORIENTED_EDGE('',*,*,#2741,.F.);
#3624=ORIENTED_EDGE('',*,*,#3069,.T.);
#3626=ORIENTED_EDGE('',*,*,#3625,.F.);
#3627=ORIENTED_EDGE('',*,*,#3610,.F.);
#3628=EDGE_LOOP('',(#3623,#3624,#3626,#3627));
#3629=FACE_OUTER_BOUND('',#3628,.F.);
#3631=CARTESIAN_POINT('',(0.E0,1.75E-1,0.E0));
#3632=DIRECTION('',(0.E0,1.E0,0.E0));
#3633=DIRECTION('',(1.E0,0.E0,0.E0));
#3634=AXIS2_PLACEMENT_3D('',#3631,#3632,#3633);
#3635=PLANE('',#3634);
#3636=ORIENTED_EDGE('',*,*,#3067,.T.);
#3637=ORIENTED_EDGE('',*,*,#3598,.T.);
#3638=ORIENTED_EDGE('',*,*,#3612,.T.);
#3639=ORIENTED_EDGE('',*,*,#3625,.T.);
#3640=EDGE_LOOP('',(#3636,#3637,#3638,#3639));
#3641=FACE_OUTER_BOUND('',#3640,.F.);
#3643=CARTESIAN_POINT('',(1.75E0,-2.5E-2,-9.E-1));
#3644=DIRECTION('',(0.E0,0.E0,-1.E0));
#3645=DIRECTION('',(-1.E0,0.E0,0.E0));
#3646=AXIS2_PLACEMENT_3D('',#3643,#3644,#3645);
#3647=PLANE('',#3646);
#3648=ORIENTED_EDGE('',*,*,#2737,.T.);
#3650=ORIENTED_EDGE('',*,*,#3649,.T.);
#3652=ORIENTED_EDGE('',*,*,#3651,.F.);
#3653=ORIENTED_EDGE('',*,*,#3072,.F.);
#3654=EDGE_LOOP('',(#3648,#3650,#3652,#3653));
#3655=FACE_OUTER_BOUND('',#3654,.F.);
#3657=CARTESIAN_POINT('',(1.45E0,-2.5E-2,-8.E-1));
#3658=DIRECTION('',(0.E0,1.E0,0.E0));
#3659=DIRECTION('',(1.E0,0.E0,0.E0));
#3660=AXIS2_PLACEMENT_3D('',#3657,#3658,#3659);
#3661=CYLINDRICAL_SURFACE('',#3660,1.E-1);
#3662=ORIENTED_EDGE('',*,*,#2735,.T.);
#3664=ORIENTED_EDGE('',*,*,#3663,.T.);
#3666=ORIENTED_EDGE('',*,*,#3665,.F.);
#3667=ORIENTED_EDGE('',*,*,#3649,.F.);
#3668=EDGE_LOOP('',(#3662,#3664,#3666,#3667));
#3669=FACE_OUTER_BOUND('',#3668,.F.);
#3671=CARTESIAN_POINT('',(1.45E0,-2.5E-2,-7.E-1));
#3672=DIRECTION('',(0.E0,0.E0,1.E0));
#3673=DIRECTION('',(1.E0,0.E0,0.E0));
#3674=AXIS2_PLACEMENT_3D('',#3671,#3672,#3673);
#3675=PLANE('',#3674);
#3676=ORIENTED_EDGE('',*,*,#2733,.F.);
#3677=ORIENTED_EDGE('',*,*,#3076,.T.);
#3679=ORIENTED_EDGE('',*,*,#3678,.F.);
#3680=ORIENTED_EDGE('',*,*,#3663,.F.);
#3681=EDGE_LOOP('',(#3676,#3677,#3679,#3680));
#3682=FACE_OUTER_BOUND('',#3681,.F.);
#3684=CARTESIAN_POINT('',(0.E0,1.75E-1,0.E0));
#3685=DIRECTION('',(0.E0,1.E0,0.E0));
#3686=DIRECTION('',(1.E0,0.E0,0.E0));
#3687=AXIS2_PLACEMENT_3D('',#3684,#3685,#3686);
#3688=PLANE('',#3687);
#3689=ORIENTED_EDGE('',*,*,#3074,.T.);
#3690=ORIENTED_EDGE('',*,*,#3651,.T.);
#3691=ORIENTED_EDGE('',*,*,#3665,.T.);
#3692=ORIENTED_EDGE('',*,*,#3678,.T.);
#3693=EDGE_LOOP('',(#3689,#3690,#3691,#3692));
#3694=FACE_OUTER_BOUND('',#3693,.F.);
#3696=CARTESIAN_POINT('',(1.75E0,-2.5E-2,-5.E-1));
#3697=DIRECTION('',(0.E0,0.E0,-1.E0));
#3698=DIRECTION('',(-1.E0,0.E0,0.E0));
#3699=AXIS2_PLACEMENT_3D('',#3696,#3697,#3698);
#3700=PLANE('',#3699);
#3701=ORIENTED_EDGE('',*,*,#2729,.T.);
#3703=ORIENTED_EDGE('',*,*,#3702,.T.);
#3705=ORIENTED_EDGE('',*,*,#3704,.F.);
#3706=ORIENTED_EDGE('',*,*,#3079,.F.);
#3707=EDGE_LOOP('',(#3701,#3703,#3705,#3706));
#3708=FACE_OUTER_BOUND('',#3707,.F.);
#3710=CARTESIAN_POINT('',(1.45E0,-2.5E-2,-4.E-1));
#3711=DIRECTION('',(0.E0,1.E0,0.E0));
#3712=DIRECTION('',(1.E0,0.E0,0.E0));
#3713=AXIS2_PLACEMENT_3D('',#3710,#3711,#3712);
#3714=CYLINDRICAL_SURFACE('',#3713,1.E-1);
#3715=ORIENTED_EDGE('',*,*,#2727,.T.);
#3717=ORIENTED_EDGE('',*,*,#3716,.T.);
#3719=ORIENTED_EDGE('',*,*,#3718,.F.);
#3720=ORIENTED_EDGE('',*,*,#3702,.F.);
#3721=EDGE_LOOP('',(#3715,#3717,#3719,#3720));
#3722=FACE_OUTER_BOUND('',#3721,.F.);
#3724=CARTESIAN_POINT('',(1.35E0,-2.5E-2,-4.E-1));
#3725=DIRECTION('',(-1.E0,0.E0,0.E0));
#3726=DIRECTION('',(0.E0,0.E0,1.E0));
#3727=AXIS2_PLACEMENT_3D('',#3724,#3725,#3726);
#3728=PLANE('',#3727);
#3729=ORIENTED_EDGE('',*,*,#2725,.T.);
#3731=ORIENTED_EDGE('',*,*,#3730,.T.);
#3733=ORIENTED_EDGE('',*,*,#3732,.T.);
#3734=ORIENTED_EDGE('',*,*,#3716,.F.);
#3735=EDGE_LOOP('',(#3729,#3731,#3733,#3734));
#3736=FACE_OUTER_BOUND('',#3735,.F.);
#3738=CARTESIAN_POINT('',(1.45E0,-2.5E-2,1.6E0));
#3739=DIRECTION('',(0.E0,1.E0,0.E0));
#3740=DIRECTION('',(1.E0,0.E0,0.E0));
#3741=AXIS2_PLACEMENT_3D('',#3738,#3739,#3740);
#3742=CYLINDRICAL_SURFACE('',#3741,1.E-1);
#3743=ORIENTED_EDGE('',*,*,#2723,.T.);
#3745=ORIENTED_EDGE('',*,*,#3744,.T.);
#3747=ORIENTED_EDGE('',*,*,#3746,.F.);
#3748=ORIENTED_EDGE('',*,*,#3730,.F.);
#3749=EDGE_LOOP('',(#3743,#3745,#3747,#3748));
#3750=FACE_OUTER_BOUND('',#3749,.F.);
#3752=CARTESIAN_POINT('',(1.45E0,-2.5E-2,1.7E0));
#3753=DIRECTION('',(0.E0,0.E0,1.E0));
#3754=DIRECTION('',(1.E0,0.E0,0.E0));
#3755=AXIS2_PLACEMENT_3D('',#3752,#3753,#3754);
#3756=PLANE('',#3755);
#3757=ORIENTED_EDGE('',*,*,#2721,.F.);
#3758=ORIENTED_EDGE('',*,*,#3118,.T.);
#3760=ORIENTED_EDGE('',*,*,#3759,.F.);
#3761=ORIENTED_EDGE('',*,*,#3744,.F.);
#3762=EDGE_LOOP('',(#3757,#3758,#3760,#3761));
#3763=FACE_OUTER_BOUND('',#3762,.F.);
#3765=CARTESIAN_POINT('',(0.E0,1.75E-1,0.E0));
#3766=DIRECTION('',(0.E0,1.E0,0.E0));
#3767=DIRECTION('',(1.E0,0.E0,0.E0));
#3768=AXIS2_PLACEMENT_3D('',#3765,#3766,#3767);
#3769=PLANE('',#3768);
#3770=ORIENTED_EDGE('',*,*,#3116,.T.);
#3772=ORIENTED_EDGE('',*,*,#3771,.T.);
#3774=ORIENTED_EDGE('',*,*,#3773,.T.);
#3776=ORIENTED_EDGE('',*,*,#3775,.T.);
#3777=ORIENTED_EDGE('',*,*,#3109,.T.);
#3779=ORIENTED_EDGE('',*,*,#3778,.T.);
#3781=ORIENTED_EDGE('',*,*,#3780,.T.);
#3783=ORIENTED_EDGE('',*,*,#3782,.T.);
#3784=ORIENTED_EDGE('',*,*,#3102,.T.);
#3786=ORIENTED_EDGE('',*,*,#3785,.T.);
#3788=ORIENTED_EDGE('',*,*,#3787,.T.);
#3790=ORIENTED_EDGE('',*,*,#3789,.T.);
#3791=ORIENTED_EDGE('',*,*,#3095,.T.);
#3793=ORIENTED_EDGE('',*,*,#3792,.T.);
#3795=ORIENTED_EDGE('',*,*,#3794,.T.);
#3797=ORIENTED_EDGE('',*,*,#3796,.T.);
#3798=ORIENTED_EDGE('',*,*,#3088,.T.);
#3800=ORIENTED_EDGE('',*,*,#3799,.T.);
#3802=ORIENTED_EDGE('',*,*,#3801,.T.);
#3804=ORIENTED_EDGE('',*,*,#3803,.T.);
#3805=ORIENTED_EDGE('',*,*,#3081,.T.);
#3806=ORIENTED_EDGE('',*,*,#3704,.T.);
#3807=ORIENTED_EDGE('',*,*,#3718,.T.);
#3808=ORIENTED_EDGE('',*,*,#3732,.F.);
#3809=ORIENTED_EDGE('',*,*,#3746,.T.);
#3810=ORIENTED_EDGE('',*,*,#3759,.T.);
#3811=EDGE_LOOP('',(#3770,#3772,#3774,#3776,#3777,#3779,#3781,#3783,#3784,#3786,
#3788,#3790,#3791,#3793,#3795,#3797,#3798,#3800,#3802,#3804,#3805,#3806,#3807,
#3808,#3809,#3810));
#3812=FACE_OUTER_BOUND('',#3811,.F.);
#3814=CARTESIAN_POINT('',(1.75E0,-2.5E-2,1.5E0));
#3815=DIRECTION('',(0.E0,0.E0,-1.E0));
#3816=DIRECTION('',(-1.E0,0.E0,0.E0));
#3817=AXIS2_PLACEMENT_3D('',#3814,#3815,#3816);
#3818=PLANE('',#3817);
#3819=ORIENTED_EDGE('',*,*,#2817,.T.);
#3821=ORIENTED_EDGE('',*,*,#3820,.T.);
#3822=ORIENTED_EDGE('',*,*,#3771,.F.);
#3823=ORIENTED_EDGE('',*,*,#3114,.F.);
#3824=EDGE_LOOP('',(#3819,#3821,#3822,#3823));
#3825=FACE_OUTER_BOUND('',#3824,.F.);
#3827=CARTESIAN_POINT('',(1.58E0,-2.5E-2,1.6E0));
#3828=DIRECTION('',(1.E0,0.E0,0.E0));
#3829=DIRECTION('',(0.E0,0.E0,-1.E0));
#3830=AXIS2_PLACEMENT_3D('',#3827,#3828,#3829);
#3831=PLANE('',#3830);
#3832=ORIENTED_EDGE('',*,*,#2815,.T.);
#3834=ORIENTED_EDGE('',*,*,#3833,.T.);
#3835=ORIENTED_EDGE('',*,*,#3773,.F.);
#3836=ORIENTED_EDGE('',*,*,#3820,.F.);
#3837=EDGE_LOOP('',(#3832,#3834,#3835,#3836));
#3838=FACE_OUTER_BOUND('',#3837,.F.);
#3840=CARTESIAN_POINT('',(1.58E0,-2.5E-2,1.6E0));
#3841=DIRECTION('',(1.E0,0.E0,0.E0));
#3842=DIRECTION('',(0.E0,0.E0,-1.E0));
#3843=AXIS2_PLACEMENT_3D('',#3840,#3841,#3842);
#3844=PLANE('',#3843);
#3845=ORIENTED_EDGE('',*,*,#2831,.T.);
#3847=ORIENTED_EDGE('',*,*,#3846,.T.);
#3848=ORIENTED_EDGE('',*,*,#3780,.F.);
#3850=ORIENTED_EDGE('',*,*,#3849,.F.);
#3851=EDGE_LOOP('',(#3845,#3847,#3848,#3850));
#3852=FACE_OUTER_BOUND('',#3851,.F.);
#3854=CARTESIAN_POINT('',(1.58E0,-2.5E-2,1.6E0));
#3855=DIRECTION('',(1.E0,0.E0,0.E0));
#3856=DIRECTION('',(0.E0,0.E0,-1.E0));
#3857=AXIS2_PLACEMENT_3D('',#3854,#3855,#3856);
#3858=PLANE('',#3857);
#3859=ORIENTED_EDGE('',*,*,#2847,.T.);
#3861=ORIENTED_EDGE('',*,*,#3860,.T.);
#3862=ORIENTED_EDGE('',*,*,#3787,.F.);
#3864=ORIENTED_EDGE('',*,*,#3863,.F.);
#3865=EDGE_LOOP('',(#3859,#3861,#3862,#3864));
#3866=FACE_OUTER_BOUND('',#3865,.F.);
#3868=CARTESIAN_POINT('',(1.58E0,-2.5E-2,1.6E0));
#3869=DIRECTION('',(1.E0,0.E0,0.E0));
#3870=DIRECTION('',(0.E0,0.E0,-1.E0));
#3871=AXIS2_PLACEMENT_3D('',#3868,#3869,#3870);
#3872=PLANE('',#3871);
#3873=ORIENTED_EDGE('',*,*,#2863,.T.);
#3875=ORIENTED_EDGE('',*,*,#3874,.T.);
#3876=ORIENTED_EDGE('',*,*,#3794,.F.);
#3878=ORIENTED_EDGE('',*,*,#3877,.F.);
#3879=EDGE_LOOP('',(#3873,#3875,#3876,#3878));
#3880=FACE_OUTER_BOUND('',#3879,.F.);
#3882=CARTESIAN_POINT('',(1.58E0,-2.5E-2,1.6E0));
#3883=DIRECTION('',(1.E0,0.E0,0.E0));
#3884=DIRECTION('',(0.E0,0.E0,-1.E0));
#3885=AXIS2_PLACEMENT_3D('',#3882,#3883,#3884);
#3886=PLANE('',#3885);
#3887=ORIENTED_EDGE('',*,*,#2879,.T.);
#3889=ORIENTED_EDGE('',*,*,#3888,.T.);
#3890=ORIENTED_EDGE('',*,*,#3801,.F.);
#3892=ORIENTED_EDGE('',*,*,#3891,.F.);
#3893=EDGE_LOOP('',(#3887,#3889,#3890,#3892));
#3894=FACE_OUTER_BOUND('',#3893,.F.);
#3896=CARTESIAN_POINT('',(1.45E0,-2.5E-2,1.3E0));
#3897=DIRECTION('',(0.E0,0.E0,1.E0));
#3898=DIRECTION('',(1.E0,0.E0,0.E0));
#3899=AXIS2_PLACEMENT_3D('',#3896,#3897,#3898);
#3900=PLANE('',#3899);
#3901=ORIENTED_EDGE('',*,*,#2813,.T.);
#3902=ORIENTED_EDGE('',*,*,#3111,.T.);
#3903=ORIENTED_EDGE('',*,*,#3775,.F.);
#3904=ORIENTED_EDGE('',*,*,#3833,.F.);
#3905=EDGE_LOOP('',(#3901,#3902,#3903,#3904));
#3906=FACE_OUTER_BOUND('',#3905,.F.);
#3908=CARTESIAN_POINT('',(1.45E0,-2.5E-2,9.E-1));
#3909=DIRECTION('',(0.E0,0.E0,1.E0));
#3910=DIRECTION('',(1.E0,0.E0,0.E0));
#3911=AXIS2_PLACEMENT_3D('',#3908,#3909,#3910);
#3912=PLANE('',#3911);
#3913=ORIENTED_EDGE('',*,*,#2829,.T.);
#3914=ORIENTED_EDGE('',*,*,#3104,.T.);
#3915=ORIENTED_EDGE('',*,*,#3782,.F.);
#3916=ORIENTED_EDGE('',*,*,#3846,.F.);
#3917=EDGE_LOOP('',(#3913,#3914,#3915,#3916));
#3918=FACE_OUTER_BOUND('',#3917,.F.);
#3920=CARTESIAN_POINT('',(1.75E0,-2.5E-2,1.1E0));
#3921=DIRECTION('',(0.E0,0.E0,-1.E0));
#3922=DIRECTION('',(-1.E0,0.E0,0.E0));
#3923=AXIS2_PLACEMENT_3D('',#3920,#3921,#3922);
#3924=PLANE('',#3923);
#3925=ORIENTED_EDGE('',*,*,#2833,.T.);
#3926=ORIENTED_EDGE('',*,*,#3849,.T.);
#3927=ORIENTED_EDGE('',*,*,#3778,.F.);
#3928=ORIENTED_EDGE('',*,*,#3107,.F.);
#3929=EDGE_LOOP('',(#3925,#3926,#3927,#3928));
#3930=FACE_OUTER_BOUND('',#3929,.F.);
#3932=CARTESIAN_POINT('',(1.45E0,-2.5E-2,5.E-1));
#3933=DIRECTION('',(0.E0,0.E0,1.E0));
#3934=DIRECTION('',(1.E0,0.E0,0.E0));
#3935=AXIS2_PLACEMENT_3D('',#3932,#3933,#3934);
#3936=PLANE('',#3935);
#3937=ORIENTED_EDGE('',*,*,#2845,.F.);
#3938=ORIENTED_EDGE('',*,*,#3097,.T.);
#3939=ORIENTED_EDGE('',*,*,#3789,.F.);
#3940=ORIENTED_EDGE('',*,*,#3860,.F.);
#3941=EDGE_LOOP('',(#3937,#3938,#3939,#3940));
#3942=FACE_OUTER_BOUND('',#3941,.F.);
#3944=CARTESIAN_POINT('',(1.75E0,-2.5E-2,7.E-1));
#3945=DIRECTION('',(0.E0,0.E0,-1.E0));
#3946=DIRECTION('',(-1.E0,0.E0,0.E0));
#3947=AXIS2_PLACEMENT_3D('',#3944,#3945,#3946);
#3948=PLANE('',#3947);
#3949=ORIENTED_EDGE('',*,*,#2849,.T.);
#3950=ORIENTED_EDGE('',*,*,#3863,.T.);
#3951=ORIENTED_EDGE('',*,*,#3785,.F.);
#3952=ORIENTED_EDGE('',*,*,#3100,.F.);
#3953=EDGE_LOOP('',(#3949,#3950,#3951,#3952));
#3954=FACE_OUTER_BOUND('',#3953,.F.);
#3956=CARTESIAN_POINT('',(1.45E0,-2.5E-2,1.E-1));
#3957=DIRECTION('',(0.E0,0.E0,1.E0));
#3958=DIRECTION('',(1.E0,0.E0,0.E0));
#3959=AXIS2_PLACEMENT_3D('',#3956,#3957,#3958);
#3960=PLANE('',#3959);
#3961=ORIENTED_EDGE('',*,*,#2861,.F.);
#3962=ORIENTED_EDGE('',*,*,#3090,.T.);
#3963=ORIENTED_EDGE('',*,*,#3796,.F.);
#3964=ORIENTED_EDGE('',*,*,#3874,.F.);
#3965=EDGE_LOOP('',(#3961,#3962,#3963,#3964));
#3966=FACE_OUTER_BOUND('',#3965,.F.);
#3968=CARTESIAN_POINT('',(1.75E0,-2.5E-2,3.E-1));
#3969=DIRECTION('',(0.E0,0.E0,-1.E0));
#3970=DIRECTION('',(-1.E0,0.E0,0.E0));
#3971=AXIS2_PLACEMENT_3D('',#3968,#3969,#3970);
#3972=PLANE('',#3971);
#3973=ORIENTED_EDGE('',*,*,#2865,.T.);
#3974=ORIENTED_EDGE('',*,*,#3877,.T.);
#3975=ORIENTED_EDGE('',*,*,#3792,.F.);
#3976=ORIENTED_EDGE('',*,*,#3093,.F.);
#3977=EDGE_LOOP('',(#3973,#3974,#3975,#3976));
#3978=FACE_OUTER_BOUND('',#3977,.F.);
#3980=CARTESIAN_POINT('',(1.45E0,-2.5E-2,-3.E-1));
#3981=DIRECTION('',(0.E0,0.E0,1.E0));
#3982=DIRECTION('',(1.E0,0.E0,0.E0));
#3983=AXIS2_PLACEMENT_3D('',#3980,#3981,#3982);
#3984=PLANE('',#3983);
#3985=ORIENTED_EDGE('',*,*,#2877,.F.);
#3986=ORIENTED_EDGE('',*,*,#3083,.T.);
#3987=ORIENTED_EDGE('',*,*,#3803,.F.);
#3988=ORIENTED_EDGE('',*,*,#3888,.F.);
#3989=EDGE_LOOP('',(#3985,#3986,#3987,#3988));
#3990=FACE_OUTER_BOUND('',#3989,.F.);
#3992=CARTESIAN_POINT('',(1.75E0,-2.5E-2,-1.E-1));
#3993=DIRECTION('',(0.E0,0.E0,-1.E0));
#3994=DIRECTION('',(-1.E0,0.E0,0.E0));
#3995=AXIS2_PLACEMENT_3D('',#3992,#3993,#3994);
#3996=PLANE('',#3995);
#3997=ORIENTED_EDGE('',*,*,#2881,.T.);
#3998=ORIENTED_EDGE('',*,*,#3891,.T.);
#3999=ORIENTED_EDGE('',*,*,#3799,.F.);
#4000=ORIENTED_EDGE('',*,*,#3086,.F.);
#4001=EDGE_LOOP('',(#3997,#3998,#3999,#4000));
#4002=FACE_OUTER_BOUND('',#4001,.F.);
#4004=CARTESIAN_POINT('',(-1.45E0,-2.5E-2,1.7E0));
#4005=DIRECTION('',(0.E0,0.E0,-1.E0));
#4006=DIRECTION('',(-1.E0,0.E0,0.E0));
#4007=AXIS2_PLACEMENT_3D('',#4004,#4005,#4006);
#4008=PLANE('',#4007);
#4009=ORIENTED_EDGE('',*,*,#2713,.T.);
#4011=ORIENTED_EDGE('',*,*,#4010,.T.);
#4013=ORIENTED_EDGE('',*,*,#4012,.T.);
#4014=ORIENTED_EDGE('',*,*,#2947,.F.);
#4015=EDGE_LOOP('',(#4009,#4011,#4013,#4014));
#4016=FACE_OUTER_BOUND('',#4015,.F.);
#4018=CARTESIAN_POINT('',(-1.45E0,-2.5E-2,1.6E0));
#4019=DIRECTION('',(0.E0,-1.E0,0.E0));
#4020=DIRECTION('',(-1.E0,0.E0,0.E0));
#4021=AXIS2_PLACEMENT_3D('',#4018,#4019,#4020);
#4022=CYLINDRICAL_SURFACE('',#4021,1.E-1);
#4023=ORIENTED_EDGE('',*,*,#2711,.F.);
#4025=ORIENTED_EDGE('',*,*,#4024,.F.);
#4027=ORIENTED_EDGE('',*,*,#4026,.T.);
#4028=ORIENTED_EDGE('',*,*,#4010,.F.);
#4029=EDGE_LOOP('',(#4023,#4025,#4027,#4028));
#4030=FACE_OUTER_BOUND('',#4029,.F.);
#4032=CARTESIAN_POINT('',(-1.35E0,-2.5E-2,-4.E-1));
#4033=DIRECTION('',(-1.E0,0.E0,0.E0));
#4034=DIRECTION('',(0.E0,0.E0,1.E0));
#4035=AXIS2_PLACEMENT_3D('',#4032,#4033,#4034);
#4036=PLANE('',#4035);
#4037=ORIENTED_EDGE('',*,*,#2709,.F.);
#4039=ORIENTED_EDGE('',*,*,#4038,.F.);
#4041=ORIENTED_EDGE('',*,*,#4040,.T.);
#4042=ORIENTED_EDGE('',*,*,#4024,.T.);
#4043=EDGE_LOOP('',(#4037,#4039,#4041,#4042));
#4044=FACE_OUTER_BOUND('',#4043,.F.);
#4046=CARTESIAN_POINT('',(-1.45E0,-2.5E-2,-4.E-1));
#4047=DIRECTION('',(0.E0,-1.E0,0.E0));
#4048=DIRECTION('',(-1.E0,0.E0,0.E0));
#4049=AXIS2_PLACEMENT_3D('',#4046,#4047,#4048);
#4050=CYLINDRICAL_SURFACE('',#4049,1.E-1);
#4051=ORIENTED_EDGE('',*,*,#2707,.F.);
#4053=ORIENTED_EDGE('',*,*,#4052,.T.);
#4055=ORIENTED_EDGE('',*,*,#4054,.T.);
#4056=ORIENTED_EDGE('',*,*,#4038,.T.);
#4057=EDGE_LOOP('',(#4051,#4053,#4055,#4056));
#4058=FACE_OUTER_BOUND('',#4057,.F.);
#4060=CARTESIAN_POINT('',(-1.75E0,-2.5E-2,-5.E-1));
#4061=DIRECTION('',(0.E0,0.E0,1.E0));
#4062=DIRECTION('',(1.E0,0.E0,0.E0));
#4063=AXIS2_PLACEMENT_3D('',#4060,#4061,#4062);
#4064=PLANE('',#4063);
#4065=ORIENTED_EDGE('',*,*,#2705,.F.);
#4066=ORIENTED_EDGE('',*,*,#2986,.T.);
#4068=ORIENTED_EDGE('',*,*,#4067,.T.);
#4069=ORIENTED_EDGE('',*,*,#4052,.F.);
#4070=EDGE_LOOP('',(#4065,#4066,#4068,#4069));
#4071=FACE_OUTER_BOUND('',#4070,.F.);
#4073=CARTESIAN_POINT('',(0.E0,1.75E-1,0.E0));
#4074=DIRECTION('',(0.E0,-1.E0,0.E0));
#4075=DIRECTION('',(-1.E0,0.E0,0.E0));
#4076=AXIS2_PLACEMENT_3D('',#4073,#4074,#4075);
#4077=PLANE('',#4076);
#4078=ORIENTED_EDGE('',*,*,#2949,.F.);
#4079=ORIENTED_EDGE('',*,*,#4012,.F.);
#4080=ORIENTED_EDGE('',*,*,#4026,.F.);
#4081=ORIENTED_EDGE('',*,*,#4040,.F.);
#4082=ORIENTED_EDGE('',*,*,#4054,.F.);
#4083=ORIENTED_EDGE('',*,*,#4067,.F.);
#4084=ORIENTED_EDGE('',*,*,#2984,.F.);
#4086=ORIENTED_EDGE('',*,*,#4085,.F.);
#4088=ORIENTED_EDGE('',*,*,#4087,.F.);
#4090=ORIENTED_EDGE('',*,*,#4089,.F.);
#4091=ORIENTED_EDGE('',*,*,#2977,.F.);
#4093=ORIENTED_EDGE('',*,*,#4092,.F.);
#4095=ORIENTED_EDGE('',*,*,#4094,.F.);
#4097=ORIENTED_EDGE('',*,*,#4096,.F.);
#4098=ORIENTED_EDGE('',*,*,#2970,.F.);
#4100=ORIENTED_EDGE('',*,*,#4099,.F.);
#4102=ORIENTED_EDGE('',*,*,#4101,.F.);
#4104=ORIENTED_EDGE('',*,*,#4103,.F.);
#4105=ORIENTED_EDGE('',*,*,#2963,.F.);
#4107=ORIENTED_EDGE('',*,*,#4106,.F.);
#4109=ORIENTED_EDGE('',*,*,#4108,.F.);
#4111=ORIENTED_EDGE('',*,*,#4110,.F.);
#4112=ORIENTED_EDGE('',*,*,#2956,.F.);
#4114=ORIENTED_EDGE('',*,*,#4113,.F.);
#4116=ORIENTED_EDGE('',*,*,#4115,.F.);
#4118=ORIENTED_EDGE('',*,*,#4117,.F.);
#4119=EDGE_LOOP('',(#4078,#4079,#4080,#4081,#4082,#4083,#4084,#4086,#4088,#4090,
#4091,#4093,#4095,#4097,#4098,#4100,#4102,#4104,#4105,#4107,#4109,#4111,#4112,
#4114,#4116,#4118));
#4120=FACE_OUTER_BOUND('',#4119,.F.);
#4122=CARTESIAN_POINT('',(-1.45E0,-2.5E-2,-3.E-1));
#4123=DIRECTION('',(0.E0,0.E0,-1.E0));
#4124=DIRECTION('',(-1.E0,0.E0,0.E0));
#4125=AXIS2_PLACEMENT_3D('',#4122,#4123,#4124);
#4126=PLANE('',#4125);
#4127=ORIENTED_EDGE('',*,*,#2785,.T.);
#4129=ORIENTED_EDGE('',*,*,#4128,.T.);
#4130=ORIENTED_EDGE('',*,*,#4085,.T.);
#4131=ORIENTED_EDGE('',*,*,#2982,.F.);
#4132=EDGE_LOOP('',(#4127,#4129,#4130,#4131));
#4133=FACE_OUTER_BOUND('',#4132,.F.);
#4135=CARTESIAN_POINT('',(-1.58E0,-2.5E-2,1.6E0));
#4136=DIRECTION('',(1.E0,0.E0,0.E0));
#4137=DIRECTION('',(0.E0,0.E0,-1.E0));
#4138=AXIS2_PLACEMENT_3D('',#4135,#4136,#4137);
#4139=PLANE('',#4138);
#4140=ORIENTED_EDGE('',*,*,#2927,.F.);
#4142=ORIENTED_EDGE('',*,*,#4141,.T.);
#4143=ORIENTED_EDGE('',*,*,#4115,.T.);
#4145=ORIENTED_EDGE('',*,*,#4144,.F.);
#4146=EDGE_LOOP('',(#4140,#4142,#4143,#4145));
#4147=FACE_OUTER_BOUND('',#4146,.F.);
#4149=CARTESIAN_POINT('',(-1.58E0,-2.5E-2,1.6E0));
#4150=DIRECTION('',(1.E0,0.E0,0.E0));
#4151=DIRECTION('',(0.E0,0.E0,-1.E0));
#4152=AXIS2_PLACEMENT_3D('',#4149,#4150,#4151);
#4153=PLANE('',#4152);
#4154=ORIENTED_EDGE('',*,*,#2911,.F.);
#4156=ORIENTED_EDGE('',*,*,#4155,.T.);
#4157=ORIENTED_EDGE('',*,*,#4108,.T.);
#4159=ORIENTED_EDGE('',*,*,#4158,.F.);
#4160=EDGE_LOOP('',(#4154,#4156,#4157,#4159));
#4161=FACE_OUTER_BOUND('',#4160,.F.);
#4163=CARTESIAN_POINT('',(-1.58E0,-2.5E-2,1.6E0));
#4164=DIRECTION('',(1.E0,0.E0,0.E0));
#4165=DIRECTION('',(0.E0,0.E0,-1.E0));
#4166=AXIS2_PLACEMENT_3D('',#4163,#4164,#4165);
#4167=PLANE('',#4166);
#4168=ORIENTED_EDGE('',*,*,#2895,.F.);
#4170=ORIENTED_EDGE('',*,*,#4169,.T.);
#4171=ORIENTED_EDGE('',*,*,#4101,.T.);
#4173=ORIENTED_EDGE('',*,*,#4172,.F.);
#4174=EDGE_LOOP('',(#4168,#4170,#4171,#4173));
#4175=FACE_OUTER_BOUND('',#4174,.F.);
#4177=CARTESIAN_POINT('',(-1.58E0,-2.5E-2,1.6E0));
#4178=DIRECTION('',(1.E0,0.E0,0.E0));
#4179=DIRECTION('',(0.E0,0.E0,-1.E0));
#4180=AXIS2_PLACEMENT_3D('',#4177,#4178,#4179);
#4181=PLANE('',#4180);
#4182=ORIENTED_EDGE('',*,*,#2799,.F.);
#4184=ORIENTED_EDGE('',*,*,#4183,.T.);
#4185=ORIENTED_EDGE('',*,*,#4094,.T.);
#4187=ORIENTED_EDGE('',*,*,#4186,.F.);
#4188=EDGE_LOOP('',(#4182,#4184,#4185,#4187));
#4189=FACE_OUTER_BOUND('',#4188,.F.);
#4191=CARTESIAN_POINT('',(-1.58E0,-2.5E-2,1.6E0));
#4192=DIRECTION('',(1.E0,0.E0,0.E0));
#4193=DIRECTION('',(0.E0,0.E0,-1.E0));
#4194=AXIS2_PLACEMENT_3D('',#4191,#4192,#4193);
#4195=PLANE('',#4194);
#4196=ORIENTED_EDGE('',*,*,#2783,.F.);
#4198=ORIENTED_EDGE('',*,*,#4197,.T.);
#4199=ORIENTED_EDGE('',*,*,#4087,.T.);
#4200=ORIENTED_EDGE('',*,*,#4128,.F.);
#4201=EDGE_LOOP('',(#4196,#4198,#4199,#4200));
#4202=FACE_OUTER_BOUND('',#4201,.F.);
#4204=CARTESIAN_POINT('',(-1.75E0,-2.5E-2,1.5E0));
#4205=DIRECTION('',(0.E0,0.E0,1.E0));
#4206=DIRECTION('',(1.E0,0.E0,0.E0));
#4207=AXIS2_PLACEMENT_3D('',#4204,#4205,#4206);
#4208=PLANE('',#4207);
#4209=ORIENTED_EDGE('',*,*,#2925,.F.);
#4210=ORIENTED_EDGE('',*,*,#2951,.T.);
#4211=ORIENTED_EDGE('',*,*,#4117,.T.);
#4212=ORIENTED_EDGE('',*,*,#4141,.F.);
#4213=EDGE_LOOP('',(#4209,#4210,#4211,#4212));
#4214=FACE_OUTER_BOUND('',#4213,.F.);
#4216=CARTESIAN_POINT('',(-1.45E0,-2.5E-2,1.3E0));
#4217=DIRECTION('',(0.E0,0.E0,-1.E0));
#4218=DIRECTION('',(-1.E0,0.E0,0.E0));
#4219=AXIS2_PLACEMENT_3D('',#4216,#4217,#4218);
#4220=PLANE('',#4219);
#4221=ORIENTED_EDGE('',*,*,#2929,.F.);
#4222=ORIENTED_EDGE('',*,*,#4144,.T.);
#4223=ORIENTED_EDGE('',*,*,#4113,.T.);
#4224=ORIENTED_EDGE('',*,*,#2954,.F.);
#4225=EDGE_LOOP('',(#4221,#4222,#4223,#4224));
#4226=FACE_OUTER_BOUND('',#4225,.F.);
#4228=CARTESIAN_POINT('',(-1.75E0,-2.5E-2,1.1E0));
#4229=DIRECTION('',(0.E0,0.E0,1.E0));
#4230=DIRECTION('',(1.E0,0.E0,0.E0));
#4231=AXIS2_PLACEMENT_3D('',#4228,#4229,#4230);
#4232=PLANE('',#4231);
#4233=ORIENTED_EDGE('',*,*,#2909,.F.);
#4234=ORIENTED_EDGE('',*,*,#2958,.T.);
#4235=ORIENTED_EDGE('',*,*,#4110,.T.);
#4236=ORIENTED_EDGE('',*,*,#4155,.F.);
#4237=EDGE_LOOP('',(#4233,#4234,#4235,#4236));
#4238=FACE_OUTER_BOUND('',#4237,.F.);
#4240=CARTESIAN_POINT('',(-1.45E0,-2.5E-2,9.E-1));
#4241=DIRECTION('',(0.E0,0.E0,-1.E0));
#4242=DIRECTION('',(-1.E0,0.E0,0.E0));
#4243=AXIS2_PLACEMENT_3D('',#4240,#4241,#4242);
#4244=PLANE('',#4243);
#4245=ORIENTED_EDGE('',*,*,#2913,.F.);
#4246=ORIENTED_EDGE('',*,*,#4158,.T.);
#4247=ORIENTED_EDGE('',*,*,#4106,.T.);
#4248=ORIENTED_EDGE('',*,*,#2961,.F.);
#4249=EDGE_LOOP('',(#4245,#4246,#4247,#4248));
#4250=FACE_OUTER_BOUND('',#4249,.F.);
#4252=CARTESIAN_POINT('',(-1.75E0,-2.5E-2,7.E-1));
#4253=DIRECTION('',(0.E0,0.E0,1.E0));
#4254=DIRECTION('',(1.E0,0.E0,0.E0));
#4255=AXIS2_PLACEMENT_3D('',#4252,#4253,#4254);
#4256=PLANE('',#4255);
#4257=ORIENTED_EDGE('',*,*,#2893,.F.);
#4258=ORIENTED_EDGE('',*,*,#2965,.T.);
#4259=ORIENTED_EDGE('',*,*,#4103,.T.);
#4260=ORIENTED_EDGE('',*,*,#4169,.F.);
#4261=EDGE_LOOP('',(#4257,#4258,#4259,#4260));
#4262=FACE_OUTER_BOUND('',#4261,.F.);
#4264=CARTESIAN_POINT('',(-1.45E0,-2.5E-2,5.E-1));
#4265=DIRECTION('',(0.E0,0.E0,-1.E0));
#4266=DIRECTION('',(-1.E0,0.E0,0.E0));
#4267=AXIS2_PLACEMENT_3D('',#4264,#4265,#4266);
#4268=PLANE('',#4267);
#4269=ORIENTED_EDGE('',*,*,#2897,.T.);
#4270=ORIENTED_EDGE('',*,*,#4172,.T.);
#4271=ORIENTED_EDGE('',*,*,#4099,.T.);
#4272=ORIENTED_EDGE('',*,*,#2968,.F.);
#4273=EDGE_LOOP('',(#4269,#4270,#4271,#4272));
#4274=FACE_OUTER_BOUND('',#4273,.F.);
#4276=CARTESIAN_POINT('',(-1.75E0,-2.5E-2,3.E-1));
#4277=DIRECTION('',(0.E0,0.E0,1.E0));
#4278=DIRECTION('',(1.E0,0.E0,0.E0));
#4279=AXIS2_PLACEMENT_3D('',#4276,#4277,#4278);
#4280=PLANE('',#4279);
#4281=ORIENTED_EDGE('',*,*,#2797,.F.);
#4282=ORIENTED_EDGE('',*,*,#2972,.T.);
#4283=ORIENTED_EDGE('',*,*,#4096,.T.);
#4284=ORIENTED_EDGE('',*,*,#4183,.F.);
#4285=EDGE_LOOP('',(#4281,#4282,#4283,#4284));
#4286=FACE_OUTER_BOUND('',#4285,.F.);
#4288=CARTESIAN_POINT('',(-1.45E0,-2.5E-2,1.E-1));
#4289=DIRECTION('',(0.E0,0.E0,-1.E0));
#4290=DIRECTION('',(-1.E0,0.E0,0.E0));
#4291=AXIS2_PLACEMENT_3D('',#4288,#4289,#4290);
#4292=PLANE('',#4291);
#4293=ORIENTED_EDGE('',*,*,#2801,.T.);
#4294=ORIENTED_EDGE('',*,*,#4186,.T.);
#4295=ORIENTED_EDGE('',*,*,#4092,.T.);
#4296=ORIENTED_EDGE('',*,*,#2975,.F.);
#4297=EDGE_LOOP('',(#4293,#4294,#4295,#4296));
#4298=FACE_OUTER_BOUND('',#4297,.F.);
#4300=CARTESIAN_POINT('',(-1.75E0,-2.5E-2,-1.E-1));
#4301=DIRECTION('',(0.E0,0.E0,1.E0));
#4302=DIRECTION('',(1.E0,0.E0,0.E0));
#4303=AXIS2_PLACEMENT_3D('',#4300,#4301,#4302);
#4304=PLANE('',#4303);
#4305=ORIENTED_EDGE('',*,*,#2781,.F.);
#4306=ORIENTED_EDGE('',*,*,#2979,.T.);
#4307=ORIENTED_EDGE('',*,*,#4089,.T.);
#4308=ORIENTED_EDGE('',*,*,#4197,.F.);
#4309=EDGE_LOOP('',(#4305,#4306,#4307,#4308));
#4310=FACE_OUTER_BOUND('',#4309,.F.);
#4312=CARTESIAN_POINT('',(-1.45E0,-2.5E-2,-7.E-1));
#4313=DIRECTION('',(0.E0,0.E0,-1.E0));
#4314=DIRECTION('',(-1.E0,0.E0,0.E0));
#4315=AXIS2_PLACEMENT_3D('',#4312,#4313,#4314);
#4316=PLANE('',#4315);
#4317=ORIENTED_EDGE('',*,*,#2701,.T.);
#4319=ORIENTED_EDGE('',*,*,#4318,.T.);
#4321=ORIENTED_EDGE('',*,*,#4320,.T.);
#4322=ORIENTED_EDGE('',*,*,#2989,.F.);
#4323=EDGE_LOOP('',(#4317,#4319,#4321,#4322));
#4324=FACE_OUTER_BOUND('',#4323,.F.);
#4326=CARTESIAN_POINT('',(-1.45E0,-2.5E-2,-8.E-1));
#4327=DIRECTION('',(0.E0,-1.E0,0.E0));
#4328=DIRECTION('',(-1.E0,0.E0,0.E0));
#4329=AXIS2_PLACEMENT_3D('',#4326,#4327,#4328);
#4330=CYLINDRICAL_SURFACE('',#4329,1.E-1);
#4331=ORIENTED_EDGE('',*,*,#2699,.F.);
#4333=ORIENTED_EDGE('',*,*,#4332,.T.);
#4335=ORIENTED_EDGE('',*,*,#4334,.T.);
#4336=ORIENTED_EDGE('',*,*,#4318,.F.);
#4337=EDGE_LOOP('',(#4331,#4333,#4335,#4336));
#4338=FACE_OUTER_BOUND('',#4337,.F.);
#4340=CARTESIAN_POINT('',(-1.75E0,-2.5E-2,-9.E-1));
#4341=DIRECTION('',(0.E0,0.E0,1.E0));
#4342=DIRECTION('',(1.E0,0.E0,0.E0));
#4343=AXIS2_PLACEMENT_3D('',#4340,#4341,#4342);
#4344=PLANE('',#4343);
#4345=ORIENTED_EDGE('',*,*,#2697,.F.);
#4346=ORIENTED_EDGE('',*,*,#2993,.T.);
#4348=ORIENTED_EDGE('',*,*,#4347,.T.);
#4349=ORIENTED_EDGE('',*,*,#4332,.F.);
#4350=EDGE_LOOP('',(#4345,#4346,#4348,#4349));
#4351=FACE_OUTER_BOUND('',#4350,.F.);
#4353=CARTESIAN_POINT('',(0.E0,1.75E-1,0.E0));
#4354=DIRECTION('',(0.E0,-1.E0,0.E0));
#4355=DIRECTION('',(-1.E0,0.E0,0.E0));
#4356=AXIS2_PLACEMENT_3D('',#4353,#4354,#4355);
#4357=PLANE('',#4356);
#4358=ORIENTED_EDGE('',*,*,#2991,.F.);
#4359=ORIENTED_EDGE('',*,*,#4320,.F.);
#4360=ORIENTED_EDGE('',*,*,#4334,.F.);
#4361=ORIENTED_EDGE('',*,*,#4347,.F.);
#4362=EDGE_LOOP('',(#4358,#4359,#4360,#4361));
#4363=FACE_OUTER_BOUND('',#4362,.F.);
#4365=CARTESIAN_POINT('',(-1.45E0,-2.5E-2,-1.1E0));
#4366=DIRECTION('',(0.E0,0.E0,-1.E0));
#4367=DIRECTION('',(-1.E0,0.E0,0.E0));
#4368=AXIS2_PLACEMENT_3D('',#4365,#4366,#4367);
#4369=PLANE('',#4368);
#4370=ORIENTED_EDGE('',*,*,#2693,.T.);
#4372=ORIENTED_EDGE('',*,*,#4371,.T.);
#4374=ORIENTED_EDGE('',*,*,#4373,.T.);
#4375=ORIENTED_EDGE('',*,*,#2996,.F.);
#4376=EDGE_LOOP('',(#4370,#4372,#4374,#4375));
#4377=FACE_OUTER_BOUND('',#4376,.F.);
#4379=CARTESIAN_POINT('',(-1.45E0,-2.5E-2,-1.2E0));
#4380=DIRECTION('',(0.E0,-1.E0,0.E0));
#4381=DIRECTION('',(-1.E0,0.E0,0.E0));
#4382=AXIS2_PLACEMENT_3D('',#4379,#4380,#4381);
#4383=CYLINDRICAL_SURFACE('',#4382,1.E-1);
#4384=ORIENTED_EDGE('',*,*,#2691,.F.);
#4386=ORIENTED_EDGE('',*,*,#4385,.T.);
#4388=ORIENTED_EDGE('',*,*,#4387,.T.);
#4389=ORIENTED_EDGE('',*,*,#4371,.F.);
#4390=EDGE_LOOP('',(#4384,#4386,#4388,#4389));
#4391=FACE_OUTER_BOUND('',#4390,.F.);
#4393=CARTESIAN_POINT('',(-1.75E0,-2.5E-2,-1.3E0));
#4394=DIRECTION('',(0.E0,0.E0,1.E0));
#4395=DIRECTION('',(1.E0,0.E0,0.E0));
#4396=AXIS2_PLACEMENT_3D('',#4393,#4394,#4395);
#4397=PLANE('',#4396);
#4398=ORIENTED_EDGE('',*,*,#2689,.F.);
#4399=ORIENTED_EDGE('',*,*,#3000,.T.);
#4401=ORIENTED_EDGE('',*,*,#4400,.T.);
#4402=ORIENTED_EDGE('',*,*,#4385,.F.);
#4403=EDGE_LOOP('',(#4398,#4399,#4401,#4402));
#4404=FACE_OUTER_BOUND('',#4403,.F.);
#4406=CARTESIAN_POINT('',(0.E0,1.75E-1,0.E0));
#4407=DIRECTION('',(0.E0,-1.E0,0.E0));
#4408=DIRECTION('',(-1.E0,0.E0,0.E0));
#4409=AXIS2_PLACEMENT_3D('',#4406,#4407,#4408);
#4410=PLANE('',#4409);
#4411=ORIENTED_EDGE('',*,*,#2998,.F.);
#4412=ORIENTED_EDGE('',*,*,#4373,.F.);
#4413=ORIENTED_EDGE('',*,*,#4387,.F.);
#4414=ORIENTED_EDGE('',*,*,#4400,.F.);
#4415=EDGE_LOOP('',(#4411,#4412,#4413,#4414));
#4416=FACE_OUTER_BOUND('',#4415,.F.);
#4418=CARTESIAN_POINT('',(-1.45E0,-2.5E-2,-1.5E0));
#4419=DIRECTION('',(0.E0,0.E0,-1.E0));
#4420=DIRECTION('',(-1.E0,0.E0,0.E0));
#4421=AXIS2_PLACEMENT_3D('',#4418,#4419,#4420);
#4422=PLANE('',#4421);
#4423=ORIENTED_EDGE('',*,*,#2685,.T.);
#4425=ORIENTED_EDGE('',*,*,#4424,.T.);
#4427=ORIENTED_EDGE('',*,*,#4426,.T.);
#4428=ORIENTED_EDGE('',*,*,#3003,.F.);
#4429=EDGE_LOOP('',(#4423,#4425,#4427,#4428));
#4430=FACE_OUTER_BOUND('',#4429,.F.);
#4432=CARTESIAN_POINT('',(-1.45E0,-2.5E-2,-1.6E0));
#4433=DIRECTION('',(0.E0,-1.E0,0.E0));
#4434=DIRECTION('',(-1.E0,0.E0,0.E0));
#4435=AXIS2_PLACEMENT_3D('',#4432,#4433,#4434);
#4436=CYLINDRICAL_SURFACE('',#4435,1.E-1);
#4437=ORIENTED_EDGE('',*,*,#2683,.F.);
#4439=ORIENTED_EDGE('',*,*,#4438,.T.);
#4441=ORIENTED_EDGE('',*,*,#4440,.T.);
#4442=ORIENTED_EDGE('',*,*,#4424,.F.);
#4443=EDGE_LOOP('',(#4437,#4439,#4441,#4442));
#4444=FACE_OUTER_BOUND('',#4443,.F.);
#4446=CARTESIAN_POINT('',(-1.75E0,-2.5E-2,-1.7E0));
#4447=DIRECTION('',(0.E0,0.E0,1.E0));
#4448=DIRECTION('',(1.E0,0.E0,0.E0));
#4449=AXIS2_PLACEMENT_3D('',#4446,#4447,#4448);
#4450=PLANE('',#4449);
#4451=ORIENTED_EDGE('',*,*,#2681,.F.);
#4452=ORIENTED_EDGE('',*,*,#3007,.T.);
#4454=ORIENTED_EDGE('',*,*,#4453,.T.);
#4455=ORIENTED_EDGE('',*,*,#4438,.F.);
#4456=EDGE_LOOP('',(#4451,#4452,#4454,#4455));
#4457=FACE_OUTER_BOUND('',#4456,.F.);
#4459=CARTESIAN_POINT('',(0.E0,1.75E-1,0.E0));
#4460=DIRECTION('',(0.E0,-1.E0,0.E0));
#4461=DIRECTION('',(-1.E0,0.E0,0.E0));
#4462=AXIS2_PLACEMENT_3D('',#4459,#4460,#4461);
#4463=PLANE('',#4462);
#4464=ORIENTED_EDGE('',*,*,#3005,.F.);
#4465=ORIENTED_EDGE('',*,*,#4426,.F.);
#4466=ORIENTED_EDGE('',*,*,#4440,.F.);
#4467=ORIENTED_EDGE('',*,*,#4453,.F.);
#4468=EDGE_LOOP('',(#4464,#4465,#4466,#4467));
#4469=FACE_OUTER_BOUND('',#4468,.F.);
#4471=CLOSED_SHELL('',(#2773,#2789,#2805,#2821,#2837,#2853,#2869,#2885,#2901,
#2917,#2933,#3011,#3045,#3122,#3155,#3167,#3211,#3225,#3280,#3294,#3307,#3320,
#3333,#3345,#3358,#3371,#3385,#3398,#3411,#3424,#3438,#3452,#3464,#3476,#3488,
#3500,#3512,#3524,#3536,#3550,#3564,#3577,#3589,#3603,#3617,#3630,#3642,#3656,
#3670,#3683,#3695,#3709,#3723,#3737,#3751,#3764,#3813,#3826,#3839,#3853,#3867,
#3881,#3895,#3907,#3919,#3931,#3943,#3955,#3967,#3979,#3991,#4003,#4017,#4031,
#4045,#4059,#4072,#4121,#4134,#4148,#4162,#4176,#4190,#4203,#4215,#4227,#4239,
#4251,#4263,#4275,#4287,#4299,#4311,#4325,#4339,#4352,#4364,#4378,#4392,#4405,
#4417,#4431,#4445,#4458,#4470));
#4472=MANIFOLD_SOLID_BREP('',#4471);
#4473=FILL_AREA_STYLE_COLOUR('',#6);
#4474=FILL_AREA_STYLE('',(#4473));
#4475=SURFACE_STYLE_FILL_AREA(#4474);
#4476=SURFACE_SIDE_STYLE('',(#4475));
#4477=SURFACE_STYLE_USAGE(.BOTH.,#4476);
#4478=PRESENTATION_STYLE_ASSIGNMENT((#4477));
#27=STYLED_ITEM('',(#4478),#4472);
#4481=PLANE_ANGLE_MEASURE_WITH_UNIT(PLANE_ANGLE_MEASURE(1.745329251994E-2),
#4480);
#4482=(CONVERSION_BASED_UNIT('DEGREE',#4481)NAMED_UNIT(*)PLANE_ANGLE_UNIT());
#4484=UNCERTAINTY_MEASURE_WITH_UNIT(LENGTH_MEASURE(6.270713999452E-4),#4479,
'distance_accuracy_value',
'Maximum model space distance between geometric entities at asserted connectivities');
#4486=CARTESIAN_POINT('',(0.E0,0.E0,0.E0));
#4487=DIRECTION('',(0.E0,0.E0,1.E0));
#4488=DIRECTION('',(1.E0,0.E0,0.E0));
#4491=APPLICATION_CONTEXT('automotive_design');
#4492=APPLICATION_PROTOCOL_DEFINITION('international standard',
'automotive_design',2001,#4491);
#4493=PRODUCT_DEFINITION_CONTEXT('part definition',#4491,'design');
#4494=PRODUCT_CONTEXT('',#4491,'mechanical');
#4495=PRODUCT('BODY-SON','BODY-SON','NOT SPECIFIED',(#4494));
#4496=PRODUCT_DEFINITION_FORMATION('8','LAST_VERSION',#4495);
#4504=DERIVED_UNIT_ELEMENT(#4503,2.E0);
#4505=DERIVED_UNIT((#4504));
#4506=MEASURE_REPRESENTATION_ITEM('surface area measure',AREA_MEASURE(
5.082914277596E1),#4505);
#4511=DERIVED_UNIT_ELEMENT(#4510,3.E0);
#4512=DERIVED_UNIT((#4511));
#4513=MEASURE_REPRESENTATION_ITEM('volume measure',VOLUME_MEASURE(
9.898758848939E0),#4512);
#4517=CARTESIAN_POINT('centre point',(-3.239042437334E-4,4.300391558245E-1,
-5.973961792680E-3));
#4522=DERIVED_UNIT_ELEMENT(#4521,2.E0);
#4523=DERIVED_UNIT((#4522));
#4524=MEASURE_REPRESENTATION_ITEM('surface area measure',AREA_MEASURE(
5.082914277596E1),#4523);
#4529=DERIVED_UNIT_ELEMENT(#4528,3.E0);
#4530=DERIVED_UNIT((#4529));
#4531=MEASURE_REPRESENTATION_ITEM('volume measure',VOLUME_MEASURE(
9.898758848939E0),#4530);
#4535=CARTESIAN_POINT('centre point',(-3.239042437334E-4,4.300391558245E-1,
-5.973961792680E-3));
#4545=CARTESIAN_POINT('centre point',(-3.239042437334E-4,5.973961792680E-3,
4.550391558245E-1));
#4549=CARTESIAN_POINT('',(0.E0,0.E0,2.5E-2));
#4550=DIRECTION('',(0.E0,-1.E0,0.E0));
#4551=DIRECTION('',(1.E0,0.E0,0.E0));
#4552=AXIS2_PLACEMENT_3D('',#4549,#4550,#4551);
#4553=ITEM_DEFINED_TRANSFORMATION('','',#4489,#4552);
#4554=(REPRESENTATION_RELATIONSHIP('','',#4490,#4542)REPRESENTATION_RELATIONSHIP_WITH_TRANSFORMATION(#4553)SHAPE_REPRESENTATION_RELATIONSHIP());
#4555=CONTEXT_DEPENDENT_SHAPE_REPRESENTATION(#4554,#4544);
#4557=DIRECTION('',(0.E0,1.E0,0.E0));
#4558=VECTOR('',#4557,1.E-1);
#4559=CARTESIAN_POINT('',(-9.E-1,1.E-1,-2.075E0));
#4560=LINE('',#4559,#4558);
#4561=CURVE_STYLE('',#32,POSITIVE_LENGTH_MEASURE(2.E-2),#18);
#4562=PRESENTATION_STYLE_ASSIGNMENT((#4561));
#4563=STYLED_ITEM('',(#4562),#4560);
#4564=DIRECTION('',(0.E0,1.E0,0.E0));
#4565=VECTOR('',#4564,1.E-1);
#4566=CARTESIAN_POINT('',(9.E-1,1.E-1,-2.075E0));
#4567=LINE('',#4566,#4565);
#4568=CURVE_STYLE('',#32,POSITIVE_LENGTH_MEASURE(2.E-2),#18);
#4569=PRESENTATION_STYLE_ASSIGNMENT((#4568));
#4570=STYLED_ITEM('',(#4569),#4567);
#4571=DIRECTION('',(0.E0,1.E0,0.E0));
#4572=VECTOR('',#4571,1.E-1);
#4573=CARTESIAN_POINT('',(1.15E0,1.E-1,-2.075E0));
#4574=LINE('',#4573,#4572);
#4575=CURVE_STYLE('',#32,POSITIVE_LENGTH_MEASURE(2.E-2),#18);
#4576=PRESENTATION_STYLE_ASSIGNMENT((#4575));
#4577=STYLED_ITEM('',(#4576),#4574);
#4578=DIRECTION('',(0.E0,1.E0,0.E0));
#4579=VECTOR('',#4578,1.E-1);
#4580=CARTESIAN_POINT('',(7.E-1,1.E-1,-2.075E0));
#4581=LINE('',#4580,#4579);
#4582=CURVE_STYLE('',#32,POSITIVE_LENGTH_MEASURE(2.E-2),#18);
#4583=PRESENTATION_STYLE_ASSIGNMENT((#4582));
#4584=STYLED_ITEM('',(#4583),#4581);
#4585=DIRECTION('',(0.E0,1.E0,0.E0));
#4586=VECTOR('',#4585,1.E-1);
#4587=CARTESIAN_POINT('',(-7.E-1,1.E-1,-2.075E0));
#4588=LINE('',#4587,#4586);
#4589=CURVE_STYLE('',#32,POSITIVE_LENGTH_MEASURE(2.E-2),#18);
#4590=PRESENTATION_STYLE_ASSIGNMENT((#4589));
#4591=STYLED_ITEM('',(#4590),#4588);
#4592=DIRECTION('',(1.E0,0.E0,0.E0));
#4593=VECTOR('',#4592,2.5E-1);
#4594=CARTESIAN_POINT('',(9.E-1,2.E-1,2.075E0));
#4595=LINE('',#4594,#4593);
#4596=CURVE_STYLE('',#32,POSITIVE_LENGTH_MEASURE(2.E-2),#18);
#4597=PRESENTATION_STYLE_ASSIGNMENT((#4596));
#4598=STYLED_ITEM('',(#4597),#4595);
#4599=DIRECTION('',(0.E0,0.E0,1.E0));
#4600=VECTOR('',#4599,1.75E-1);
#4601=CARTESIAN_POINT('',(9.E-1,2.E-1,2.075E0));
#4602=LINE('',#4601,#4600);
#4603=CURVE_STYLE('',#32,POSITIVE_LENGTH_MEASURE(2.E-2),#18);
#4604=PRESENTATION_STYLE_ASSIGNMENT((#4603));
#4605=STYLED_ITEM('',(#4604),#4602);
#4606=DIRECTION('',(-1.E0,0.E0,0.E0));
#4607=VECTOR('',#4606,2.E-1);
#4608=CARTESIAN_POINT('',(9.E-1,2.E-1,2.25E0));
#4609=LINE('',#4608,#4607);
#4610=CURVE_STYLE('',#32,POSITIVE_LENGTH_MEASURE(2.E-2),#18);
#4611=PRESENTATION_STYLE_ASSIGNMENT((#4610));
#4612=STYLED_ITEM('',(#4611),#4609);
#4613=DIRECTION('',(0.E0,0.E0,-1.E0));
#4614=VECTOR('',#4613,1.75E-1);
#4615=CARTESIAN_POINT('',(7.E-1,2.E-1,2.25E0));
#4616=LINE('',#4615,#4614);
#4617=CURVE_STYLE('',#32,POSITIVE_LENGTH_MEASURE(2.E-2),#18);
#4618=PRESENTATION_STYLE_ASSIGNMENT((#4617));
#4619=STYLED_ITEM('',(#4618),#4616);
#4620=DIRECTION('',(1.E0,0.E0,0.E0));
#4621=VECTOR('',#4620,1.4E0);
#4622=CARTESIAN_POINT('',(-7.E-1,2.E-1,2.075E0));
#4623=LINE('',#4622,#4621);
#4624=CURVE_STYLE('',#32,POSITIVE_LENGTH_MEASURE(2.E-2),#18);
#4625=PRESENTATION_STYLE_ASSIGNMENT((#4624));
#4626=STYLED_ITEM('',(#4625),#4623);
#4627=DIRECTION('',(0.E0,0.E0,-1.E0));
#4628=VECTOR('',#4627,1.75E-1);
#4629=CARTESIAN_POINT('',(-7.E-1,2.E-1,2.25E0));
#4630=LINE('',#4629,#4628);
#4631=CURVE_STYLE('',#32,POSITIVE_LENGTH_MEASURE(2.E-2),#18);
#4632=PRESENTATION_STYLE_ASSIGNMENT((#4631));
#4633=STYLED_ITEM('',(#4632),#4630);
#4634=DIRECTION('',(1.E0,0.E0,0.E0));
#4635=VECTOR('',#4634,2.E-1);
#4636=CARTESIAN_POINT('',(-9.E-1,2.E-1,2.25E0));
#4637=LINE('',#4636,#4635);
#4638=CURVE_STYLE('',#32,POSITIVE_LENGTH_MEASURE(2.E-2),#18);
#4639=PRESENTATION_STYLE_ASSIGNMENT((#4638));
#4640=STYLED_ITEM('',(#4639),#4637);
#4641=DIRECTION('',(0.E0,0.E0,1.E0));
#4642=VECTOR('',#4641,1.75E-1);
#4643=CARTESIAN_POINT('',(-9.E-1,2.E-1,2.075E0));
#4644=LINE('',#4643,#4642);
#4645=CURVE_STYLE('',#32,POSITIVE_LENGTH_MEASURE(2.E-2),#18);
#4646=PRESENTATION_STYLE_ASSIGNMENT((#4645));
#4647=STYLED_ITEM('',(#4646),#4644);
#4648=DIRECTION('',(1.E0,0.E0,0.E0));
#4649=VECTOR('',#4648,2.5E-1);
#4650=CARTESIAN_POINT('',(-1.15E0,2.E-1,2.075E0));
#4651=LINE('',#4650,#4649);
#4652=CURVE_STYLE('',#32,POSITIVE_LENGTH_MEASURE(2.E-2),#18);
#4653=PRESENTATION_STYLE_ASSIGNMENT((#4652));
#4654=STYLED_ITEM('',(#4653),#4651);
#4655=DIRECTION('',(0.E0,0.E0,1.E0));
#4656=VECTOR('',#4655,4.15E0);
#4657=CARTESIAN_POINT('',(-1.15E0,2.E-1,-2.075E0));
#4658=LINE('',#4657,#4656);
#4659=CURVE_STYLE('',#32,POSITIVE_LENGTH_MEASURE(2.E-2),#18);
#4660=PRESENTATION_STYLE_ASSIGNMENT((#4659));
#4661=STYLED_ITEM('',(#4660),#4658);
#4662=DIRECTION('',(-1.E0,0.E0,0.E0));
#4663=VECTOR('',#4662,2.5E-1);
#4664=CARTESIAN_POINT('',(-9.E-1,2.E-1,-2.075E0));
#4665=LINE('',#4664,#4663);
#4666=CURVE_STYLE('',#32,POSITIVE_LENGTH_MEASURE(2.E-2),#18);
#4667=PRESENTATION_STYLE_ASSIGNMENT((#4666));
#4668=STYLED_ITEM('',(#4667),#4665);
#4669=DIRECTION('',(0.E0,0.E0,-1.E0));
#4670=VECTOR('',#4669,1.75E-1);
#4671=CARTESIAN_POINT('',(-9.E-1,2.E-1,-2.075E0));
#4672=LINE('',#4671,#4670);
#4673=CURVE_STYLE('',#32,POSITIVE_LENGTH_MEASURE(2.E-2),#18);
#4674=PRESENTATION_STYLE_ASSIGNMENT((#4673));
#4675=STYLED_ITEM('',(#4674),#4672);
#4676=DIRECTION('',(1.E0,0.E0,0.E0));
#4677=VECTOR('',#4676,2.E-1);
#4678=CARTESIAN_POINT('',(-9.E-1,2.E-1,-2.25E0));
#4679=LINE('',#4678,#4677);
#4680=CURVE_STYLE('',#32,POSITIVE_LENGTH_MEASURE(2.E-2),#18);
#4681=PRESENTATION_STYLE_ASSIGNMENT((#4680));
#4682=STYLED_ITEM('',(#4681),#4679);
#4683=DIRECTION('',(0.E0,0.E0,1.E0));
#4684=VECTOR('',#4683,1.75E-1);
#4685=CARTESIAN_POINT('',(-7.E-1,2.E-1,-2.25E0));
#4686=LINE('',#4685,#4684);
#4687=CURVE_STYLE('',#32,POSITIVE_LENGTH_MEASURE(2.E-2),#18);
#4688=PRESENTATION_STYLE_ASSIGNMENT((#4687));
#4689=STYLED_ITEM('',(#4688),#4686);
#4690=DIRECTION('',(-1.E0,0.E0,0.E0));
#4691=VECTOR('',#4690,1.4E0);
#4692=CARTESIAN_POINT('',(7.E-1,2.E-1,-2.075E0));
#4693=LINE('',#4692,#4691);
#4694=CURVE_STYLE('',#32,POSITIVE_LENGTH_MEASURE(2.E-2),#18);
#4695=PRESENTATION_STYLE_ASSIGNMENT((#4694));
#4696=STYLED_ITEM('',(#4695),#4693);
#4697=DIRECTION('',(0.E0,0.E0,1.E0));
#4698=VECTOR('',#4697,1.75E-1);
#4699=CARTESIAN_POINT('',(7.E-1,2.E-1,-2.25E0));
#4700=LINE('',#4699,#4698);
#4701=CURVE_STYLE('',#32,POSITIVE_LENGTH_MEASURE(2.E-2),#18);
#4702=PRESENTATION_STYLE_ASSIGNMENT((#4701));
#4703=STYLED_ITEM('',(#4702),#4700);
#4704=DIRECTION('',(-1.E0,0.E0,0.E0));
#4705=VECTOR('',#4704,2.E-1);
#4706=CARTESIAN_POINT('',(9.E-1,2.E-1,-2.25E0));
#4707=LINE('',#4706,#4705);
#4708=CURVE_STYLE('',#32,POSITIVE_LENGTH_MEASURE(2.E-2),#18);
#4709=PRESENTATION_STYLE_ASSIGNMENT((#4708));
#4710=STYLED_ITEM('',(#4709),#4707);
#4711=DIRECTION('',(0.E0,0.E0,-1.E0));
#4712=VECTOR('',#4711,1.75E-1);
#4713=CARTESIAN_POINT('',(9.E-1,2.E-1,-2.075E0));
#4714=LINE('',#4713,#4712);
#4715=CURVE_STYLE('',#32,POSITIVE_LENGTH_MEASURE(2.E-2),#18);
#4716=PRESENTATION_STYLE_ASSIGNMENT((#4715));
#4717=STYLED_ITEM('',(#4716),#4714);
#4718=DIRECTION('',(-1.E0,0.E0,0.E0));
#4719=VECTOR('',#4718,2.5E-1);
#4720=CARTESIAN_POINT('',(1.15E0,2.E-1,-2.075E0));
#4721=LINE('',#4720,#4719);
#4722=CURVE_STYLE('',#32,POSITIVE_LENGTH_MEASURE(2.E-2),#18);
#4723=PRESENTATION_STYLE_ASSIGNMENT((#4722));
#4724=STYLED_ITEM('',(#4723),#4721);
#4725=DIRECTION('',(0.E0,0.E0,-1.E0));
#4726=VECTOR('',#4725,4.15E0);
#4727=CARTESIAN_POINT('',(1.15E0,2.E-1,2.075E0));
#4728=LINE('',#4727,#4726);
#4729=CURVE_STYLE('',#32,POSITIVE_LENGTH_MEASURE(2.E-2),#18);
#4730=PRESENTATION_STYLE_ASSIGNMENT((#4729));
#4731=STYLED_ITEM('',(#4730),#4728);
#4732=DIRECTION('',(0.E0,1.E0,0.E0));
#4733=VECTOR('',#4732,1.E-1);
#4734=CARTESIAN_POINT('',(-9.E-1,1.E-1,2.075E0));
#4735=LINE('',#4734,#4733);
#4736=CURVE_STYLE('',#32,POSITIVE_LENGTH_MEASURE(2.E-2),#18);
#4737=PRESENTATION_STYLE_ASSIGNMENT((#4736));
#4738=STYLED_ITEM('',(#4737),#4735);
#4739=DIRECTION('',(0.E0,1.E0,0.E0));
#4740=VECTOR('',#4739,1.E-1);
#4741=CARTESIAN_POINT('',(-1.15E0,1.E-1,2.075E0));
#4742=LINE('',#4741,#4740);
#4743=CURVE_STYLE('',#32,POSITIVE_LENGTH_MEASURE(2.E-2),#18);
#4744=PRESENTATION_STYLE_ASSIGNMENT((#4743));
#4745=STYLED_ITEM('',(#4744),#4742);
#4746=DIRECTION('',(0.E0,1.E0,0.E0));
#4747=VECTOR('',#4746,1.E-1);
#4748=CARTESIAN_POINT('',(9.E-1,1.E-1,2.075E0));
#4749=LINE('',#4748,#4747);
#4750=CURVE_STYLE('',#32,POSITIVE_LENGTH_MEASURE(2.E-2),#18);
#4751=PRESENTATION_STYLE_ASSIGNMENT((#4750));
#4752=STYLED_ITEM('',(#4751),#4749);
#4753=DIRECTION('',(0.E0,1.E0,0.E0));
#4754=VECTOR('',#4753,1.E-1);
#4755=CARTESIAN_POINT('',(7.E-1,1.E-1,2.075E0));
#4756=LINE('',#4755,#4754);
#4757=CURVE_STYLE('',#32,POSITIVE_LENGTH_MEASURE(2.E-2),#18);
#4758=PRESENTATION_STYLE_ASSIGNMENT((#4757));
#4759=STYLED_ITEM('',(#4758),#4756);
#4760=DIRECTION('',(0.E0,1.E0,0.E0));
#4761=VECTOR('',#4760,1.E-1);
#4762=CARTESIAN_POINT('',(-7.E-1,1.E-1,2.075E0));
#4763=LINE('',#4762,#4761);
#4764=CURVE_STYLE('',#32,POSITIVE_LENGTH_MEASURE(2.E-2),#18);
#4765=PRESENTATION_STYLE_ASSIGNMENT((#4764));
#4766=STYLED_ITEM('',(#4765),#4763);
#4767=DIRECTION('',(1.E0,0.E0,0.E0));
#4768=VECTOR('',#4767,1.4E0);
#4769=CARTESIAN_POINT('',(-7.E-1,1.E-1,2.075E0));
#4770=LINE('',#4769,#4768);
#4771=CURVE_STYLE('',#32,POSITIVE_LENGTH_MEASURE(2.E-2),#18);
#4772=PRESENTATION_STYLE_ASSIGNMENT((#4771));
#4773=STYLED_ITEM('',(#4772),#4770);
#4774=DIRECTION('',(0.E0,0.E0,-1.E0));
#4775=VECTOR('',#4774,1.75E-1);
#4776=CARTESIAN_POINT('',(7.E-1,1.E-1,2.25E0));
#4777=LINE('',#4776,#4775);
#4778=CURVE_STYLE('',#32,POSITIVE_LENGTH_MEASURE(2.E-2),#18);
#4779=PRESENTATION_STYLE_ASSIGNMENT((#4778));
#4780=STYLED_ITEM('',(#4779),#4777);
#4781=DIRECTION('',(-1.E0,0.E0,0.E0));
#4782=VECTOR('',#4781,2.E-1);
#4783=CARTESIAN_POINT('',(9.E-1,1.E-1,2.25E0));
#4784=LINE('',#4783,#4782);
#4785=CURVE_STYLE('',#32,POSITIVE_LENGTH_MEASURE(2.E-2),#18);
#4786=PRESENTATION_STYLE_ASSIGNMENT((#4785));
#4787=STYLED_ITEM('',(#4786),#4784);
#4788=DIRECTION('',(0.E0,0.E0,1.E0));
#4789=VECTOR('',#4788,1.75E-1);
#4790=CARTESIAN_POINT('',(9.E-1,1.E-1,2.075E0));
#4791=LINE('',#4790,#4789);
#4792=CURVE_STYLE('',#32,POSITIVE_LENGTH_MEASURE(2.E-2),#18);
#4793=PRESENTATION_STYLE_ASSIGNMENT((#4792));
#4794=STYLED_ITEM('',(#4793),#4791);
#4795=DIRECTION('',(1.E0,0.E0,0.E0));
#4796=VECTOR('',#4795,2.5E-1);
#4797=CARTESIAN_POINT('',(9.E-1,1.E-1,2.075E0));
#4798=LINE('',#4797,#4796);
#4799=CURVE_STYLE('',#32,POSITIVE_LENGTH_MEASURE(2.E-2),#18);
#4800=PRESENTATION_STYLE_ASSIGNMENT((#4799));
#4801=STYLED_ITEM('',(#4800),#4798);
#4802=DIRECTION('',(0.E0,0.E0,-1.E0));
#4803=VECTOR('',#4802,4.15E0);
#4804=CARTESIAN_POINT('',(1.15E0,1.E-1,2.075E0));
#4805=LINE('',#4804,#4803);
#4806=CURVE_STYLE('',#32,POSITIVE_LENGTH_MEASURE(2.E-2),#18);
#4807=PRESENTATION_STYLE_ASSIGNMENT((#4806));
#4808=STYLED_ITEM('',(#4807),#4805);
#4809=DIRECTION('',(-1.E0,0.E0,0.E0));
#4810=VECTOR('',#4809,2.5E-1);
#4811=CARTESIAN_POINT('',(1.15E0,1.E-1,-2.075E0));
#4812=LINE('',#4811,#4810);
#4813=CURVE_STYLE('',#32,POSITIVE_LENGTH_MEASURE(2.E-2),#18);
#4814=PRESENTATION_STYLE_ASSIGNMENT((#4813));
#4815=STYLED_ITEM('',(#4814),#4812);
#4816=DIRECTION('',(0.E0,0.E0,-1.E0));
#4817=VECTOR('',#4816,1.75E-1);
#4818=CARTESIAN_POINT('',(9.E-1,1.E-1,-2.075E0));
#4819=LINE('',#4818,#4817);
#4820=CURVE_STYLE('',#32,POSITIVE_LENGTH_MEASURE(2.E-2),#18);
#4821=PRESENTATION_STYLE_ASSIGNMENT((#4820));
#4822=STYLED_ITEM('',(#4821),#4819);
#4823=DIRECTION('',(-1.E0,0.E0,0.E0));
#4824=VECTOR('',#4823,2.E-1);
#4825=CARTESIAN_POINT('',(9.E-1,1.E-1,-2.25E0));
#4826=LINE('',#4825,#4824);
#4827=CURVE_STYLE('',#32,POSITIVE_LENGTH_MEASURE(2.E-2),#18);
#4828=PRESENTATION_STYLE_ASSIGNMENT((#4827));
#4829=STYLED_ITEM('',(#4828),#4826);
#4830=DIRECTION('',(0.E0,0.E0,1.E0));
#4831=VECTOR('',#4830,1.75E-1);
#4832=CARTESIAN_POINT('',(7.E-1,1.E-1,-2.25E0));
#4833=LINE('',#4832,#4831);
#4834=CURVE_STYLE('',#32,POSITIVE_LENGTH_MEASURE(2.E-2),#18);
#4835=PRESENTATION_STYLE_ASSIGNMENT((#4834));
#4836=STYLED_ITEM('',(#4835),#4833);
#4837=DIRECTION('',(-1.E0,0.E0,0.E0));
#4838=VECTOR('',#4837,1.4E0);
#4839=CARTESIAN_POINT('',(7.E-1,1.E-1,-2.075E0));
#4840=LINE('',#4839,#4838);
#4841=CURVE_STYLE('',#32,POSITIVE_LENGTH_MEASURE(2.E-2),#18);
#4842=PRESENTATION_STYLE_ASSIGNMENT((#4841));
#4843=STYLED_ITEM('',(#4842),#4840);
#4844=DIRECTION('',(0.E0,0.E0,1.E0));
#4845=VECTOR('',#4844,1.75E-1);
#4846=CARTESIAN_POINT('',(-7.E-1,1.E-1,-2.25E0));
#4847=LINE('',#4846,#4845);
#4848=CURVE_STYLE('',#32,POSITIVE_LENGTH_MEASURE(2.E-2),#18);
#4849=PRESENTATION_STYLE_ASSIGNMENT((#4848));
#4850=STYLED_ITEM('',(#4849),#4847);
#4851=DIRECTION('',(1.E0,0.E0,0.E0));
#4852=VECTOR('',#4851,2.E-1);
#4853=CARTESIAN_POINT('',(-9.E-1,1.E-1,-2.25E0));
#4854=LINE('',#4853,#4852);
#4855=CURVE_STYLE('',#32,POSITIVE_LENGTH_MEASURE(2.E-2),#18);
#4856=PRESENTATION_STYLE_ASSIGNMENT((#4855));
#4857=STYLED_ITEM('',(#4856),#4854);
#4858=DIRECTION('',(0.E0,0.E0,-1.E0));
#4859=VECTOR('',#4858,1.75E-1);
#4860=CARTESIAN_POINT('',(-9.E-1,1.E-1,-2.075E0));
#4861=LINE('',#4860,#4859);
#4862=CURVE_STYLE('',#32,POSITIVE_LENGTH_MEASURE(2.E-2),#18);
#4863=PRESENTATION_STYLE_ASSIGNMENT((#4862));
#4864=STYLED_ITEM('',(#4863),#4861);
#4865=DIRECTION('',(-1.E0,0.E0,0.E0));
#4866=VECTOR('',#4865,2.5E-1);
#4867=CARTESIAN_POINT('',(-9.E-1,1.E-1,-2.075E0));
#4868=LINE('',#4867,#4866);
#4869=CURVE_STYLE('',#32,POSITIVE_LENGTH_MEASURE(2.E-2),#18);
#4870=PRESENTATION_STYLE_ASSIGNMENT((#4869));
#4871=STYLED_ITEM('',(#4870),#4868);
#4872=DIRECTION('',(0.E0,0.E0,1.E0));
#4873=VECTOR('',#4872,4.15E0);
#4874=CARTESIAN_POINT('',(-1.15E0,1.E-1,-2.075E0));
#4875=LINE('',#4874,#4873);
#4876=CURVE_STYLE('',#32,POSITIVE_LENGTH_MEASURE(2.E-2),#18);
#4877=PRESENTATION_STYLE_ASSIGNMENT((#4876));
#4878=STYLED_ITEM('',(#4877),#4875);
#4879=DIRECTION('',(1.E0,0.E0,0.E0));
#4880=VECTOR('',#4879,2.5E-1);
#4881=CARTESIAN_POINT('',(-1.15E0,1.E-1,2.075E0));
#4882=LINE('',#4881,#4880);
#4883=CURVE_STYLE('',#32,POSITIVE_LENGTH_MEASURE(2.E-2),#18);
#4884=PRESENTATION_STYLE_ASSIGNMENT((#4883));
#4885=STYLED_ITEM('',(#4884),#4882);
#4886=DIRECTION('',(0.E0,0.E0,1.E0));
#4887=VECTOR('',#4886,1.75E-1);
#4888=CARTESIAN_POINT('',(-9.E-1,1.E-1,2.075E0));
#4889=LINE('',#4888,#4887);
#4890=CURVE_STYLE('',#32,POSITIVE_LENGTH_MEASURE(2.E-2),#18);
#4891=PRESENTATION_STYLE_ASSIGNMENT((#4890));
#4892=STYLED_ITEM('',(#4891),#4889);
#4893=DIRECTION('',(1.E0,0.E0,0.E0));
#4894=VECTOR('',#4893,2.E-1);
#4895=CARTESIAN_POINT('',(-9.E-1,1.E-1,2.25E0));
#4896=LINE('',#4895,#4894);
#4897=CURVE_STYLE('',#32,POSITIVE_LENGTH_MEASURE(2.E-2),#18);
#4898=PRESENTATION_STYLE_ASSIGNMENT((#4897));
#4899=STYLED_ITEM('',(#4898),#4896);
#4900=DIRECTION('',(0.E0,0.E0,-1.E0));
#4901=VECTOR('',#4900,1.75E-1);
#4902=CARTESIAN_POINT('',(-7.E-1,1.E-1,2.25E0));
#4903=LINE('',#4902,#4901);
#4904=CURVE_STYLE('',#32,POSITIVE_LENGTH_MEASURE(2.E-2),#18);
#4905=PRESENTATION_STYLE_ASSIGNMENT((#4904));
#4906=STYLED_ITEM('',(#4905),#4903);
#4907=DIRECTION('',(-1.E0,0.E0,0.E0));
#4908=VECTOR('',#4907,1.8E0);
#4909=CARTESIAN_POINT('',(1.05E0,1.E-1,-1.975E0));
#4910=LINE('',#4909,#4908);
#4911=CURVE_STYLE('',#32,POSITIVE_LENGTH_MEASURE(2.E-2),#18);
#4912=PRESENTATION_STYLE_ASSIGNMENT((#4911));
#4913=STYLED_ITEM('',(#4912),#4910);
#4914=DIRECTION('',(0.E0,-1.E0,0.E0));
#4915=VECTOR('',#4914,1.E-1);
#4916=CARTESIAN_POINT('',(-7.5E-1,1.E-1,-1.975E0));
#4917=LINE('',#4916,#4915);
#4918=CURVE_STYLE('',#32,POSITIVE_LENGTH_MEASURE(2.E-2),#18);
#4919=PRESENTATION_STYLE_ASSIGNMENT((#4918));
#4920=STYLED_ITEM('',(#4919),#4917);
#4921=DIRECTION('',(0.E0,-1.E0,0.E0));
#4922=VECTOR('',#4921,1.E-1);
#4923=CARTESIAN_POINT('',(1.05E0,1.E-1,-1.975E0));
#4924=LINE('',#4923,#4922);
#4925=CURVE_STYLE('',#32,POSITIVE_LENGTH_MEASURE(2.E-2),#18);
#4926=PRESENTATION_STYLE_ASSIGNMENT((#4925));
#4927=STYLED_ITEM('',(#4926),#4924);
#4928=DIRECTION('',(7.071067811865E-1,0.E0,-7.071067811865E-1));
#4929=VECTOR('',#4928,4.242640687119E-1);
#4930=CARTESIAN_POINT('',(-1.05E0,1.E-1,-1.675E0));
#4931=LINE('',#4930,#4929);
#4932=CURVE_STYLE('',#32,POSITIVE_LENGTH_MEASURE(2.E-2),#18);
#4933=PRESENTATION_STYLE_ASSIGNMENT((#4932));
#4934=STYLED_ITEM('',(#4933),#4931);
#4935=DIRECTION('',(0.E0,0.E0,1.E0));
#4936=VECTOR('',#4935,3.65E0);
#4937=CARTESIAN_POINT('',(-1.05E0,1.E-1,-1.675E0));
#4938=LINE('',#4937,#4936);
#4939=CURVE_STYLE('',#32,POSITIVE_LENGTH_MEASURE(2.E-2),#18);
#4940=PRESENTATION_STYLE_ASSIGNMENT((#4939));
#4941=STYLED_ITEM('',(#4940),#4938);
#4942=DIRECTION('',(0.E0,-1.E0,0.E0));
#4943=VECTOR('',#4942,1.E-1);
#4944=CARTESIAN_POINT('',(-1.05E0,1.E-1,-1.675E0));
#4945=LINE('',#4944,#4943);
#4946=CURVE_STYLE('',#32,POSITIVE_LENGTH_MEASURE(2.E-2),#18);
#4947=PRESENTATION_STYLE_ASSIGNMENT((#4946));
#4948=STYLED_ITEM('',(#4947),#4945);
#4949=DIRECTION('',(1.E0,0.E0,0.E0));
#4950=VECTOR('',#4949,2.1E0);
#4951=CARTESIAN_POINT('',(-1.05E0,1.E-1,1.975E0));
#4952=LINE('',#4951,#4950);
#4953=CURVE_STYLE('',#32,POSITIVE_LENGTH_MEASURE(2.E-2),#18);
#4954=PRESENTATION_STYLE_ASSIGNMENT((#4953));
#4955=STYLED_ITEM('',(#4954),#4952);
#4956=DIRECTION('',(0.E0,-1.E0,0.E0));
#4957=VECTOR('',#4956,1.E-1);
#4958=CARTESIAN_POINT('',(-1.05E0,1.E-1,1.975E0));
#4959=LINE('',#4958,#4957);
#4960=CURVE_STYLE('',#32,POSITIVE_LENGTH_MEASURE(2.E-2),#18);
#4961=PRESENTATION_STYLE_ASSIGNMENT((#4960));
#4962=STYLED_ITEM('',(#4961),#4959);
#4963=DIRECTION('',(0.E0,0.E0,-1.E0));
#4964=VECTOR('',#4963,3.95E0);
#4965=CARTESIAN_POINT('',(1.05E0,1.E-1,1.975E0));
#4966=LINE('',#4965,#4964);
#4967=CURVE_STYLE('',#32,POSITIVE_LENGTH_MEASURE(2.E-2),#18);
#4968=PRESENTATION_STYLE_ASSIGNMENT((#4967));
#4969=STYLED_ITEM('',(#4968),#4966);
#4970=DIRECTION('',(0.E0,-1.E0,0.E0));
#4971=VECTOR('',#4970,1.E-1);
#4972=CARTESIAN_POINT('',(1.05E0,1.E-1,1.975E0));
#4973=LINE('',#4972,#4971);
#4974=CURVE_STYLE('',#32,POSITIVE_LENGTH_MEASURE(2.E-2),#18);
#4975=PRESENTATION_STYLE_ASSIGNMENT((#4974));
#4976=STYLED_ITEM('',(#4975),#4973);
#4977=DIRECTION('',(1.E0,0.E0,0.E0));
#4978=VECTOR('',#4977,1.8E0);
#4979=CARTESIAN_POINT('',(-7.5E-1,0.E0,-1.975E0));
#4980=LINE('',#4979,#4978);
#4981=CURVE_STYLE('',#32,POSITIVE_LENGTH_MEASURE(2.E-2),#18);
#4982=PRESENTATION_STYLE_ASSIGNMENT((#4981));
#4983=STYLED_ITEM('',(#4982),#4980);
#4984=DIRECTION('',(7.071067811865E-1,0.E0,-7.071067811865E-1));
#4985=VECTOR('',#4984,4.242640687119E-1);
#4986=CARTESIAN_POINT('',(-1.05E0,0.E0,-1.675E0));
#4987=LINE('',#4986,#4985);
#4988=CURVE_STYLE('',#32,POSITIVE_LENGTH_MEASURE(2.E-2),#18);
#4989=PRESENTATION_STYLE_ASSIGNMENT((#4988));
#4990=STYLED_ITEM('',(#4989),#4987);
#4991=DIRECTION('',(0.E0,0.E0,-1.E0));
#4992=VECTOR('',#4991,3.65E0);
#4993=CARTESIAN_POINT('',(-1.05E0,0.E0,1.975E0));
#4994=LINE('',#4993,#4992);
#4995=CURVE_STYLE('',#32,POSITIVE_LENGTH_MEASURE(2.E-2),#18);
#4996=PRESENTATION_STYLE_ASSIGNMENT((#4995));
#4997=STYLED_ITEM('',(#4996),#4994);
#4998=DIRECTION('',(-1.E0,0.E0,0.E0));
#4999=VECTOR('',#4998,2.1E0);
#5000=CARTESIAN_POINT('',(1.05E0,0.E0,1.975E0));
#5001=LINE('',#5000,#4999);
#5002=CURVE_STYLE('',#32,POSITIVE_LENGTH_MEASURE(2.E-2),#18);
#5003=PRESENTATION_STYLE_ASSIGNMENT((#5002));
#5004=STYLED_ITEM('',(#5003),#5001);
#5005=DIRECTION('',(0.E0,0.E0,1.E0));
#5006=VECTOR('',#5005,3.95E0);
#5007=CARTESIAN_POINT('',(1.05E0,0.E0,-1.975E0));
#5008=LINE('',#5007,#5006);
#5009=CURVE_STYLE('',#32,POSITIVE_LENGTH_MEASURE(2.E-2),#18);
#5010=PRESENTATION_STYLE_ASSIGNMENT((#5009));
#5011=STYLED_ITEM('',(#5010),#5008);
#5012=DIRECTION('',(0.E0,1.E0,0.E0));
#5013=VECTOR('',#5012,1.E-1);
#5014=CARTESIAN_POINT('',(7.E-1,1.E-1,2.25E0));
#5015=LINE('',#5014,#5013);
#5016=CURVE_STYLE('',#32,POSITIVE_LENGTH_MEASURE(2.E-2),#18);
#5017=PRESENTATION_STYLE_ASSIGNMENT((#5016));
#5018=STYLED_ITEM('',(#5017),#5015);
#5019=DIRECTION('',(0.E0,1.E0,0.E0));
#5020=VECTOR('',#5019,1.E-1);
#5021=CARTESIAN_POINT('',(9.E-1,1.E-1,2.25E0));
#5022=LINE('',#5021,#5020);
#5023=CURVE_STYLE('',#32,POSITIVE_LENGTH_MEASURE(2.E-2),#18);
#5024=PRESENTATION_STYLE_ASSIGNMENT((#5023));
#5025=STYLED_ITEM('',(#5024),#5022);
#5026=DIRECTION('',(0.E0,1.E0,0.E0));
#5027=VECTOR('',#5026,1.E-1);
#5028=CARTESIAN_POINT('',(1.15E0,1.E-1,2.075E0));
#5029=LINE('',#5028,#5027);
#5030=CURVE_STYLE('',#32,POSITIVE_LENGTH_MEASURE(2.E-2),#18);
#5031=PRESENTATION_STYLE_ASSIGNMENT((#5030));
#5032=STYLED_ITEM('',(#5031),#5029);
#5033=DIRECTION('',(0.E0,1.E0,0.E0));
#5034=VECTOR('',#5033,1.E-1);
#5035=CARTESIAN_POINT('',(9.E-1,1.E-1,-2.25E0));
#5036=LINE('',#5035,#5034);
#5037=CURVE_STYLE('',#32,POSITIVE_LENGTH_MEASURE(2.E-2),#18);
#5038=PRESENTATION_STYLE_ASSIGNMENT((#5037));
#5039=STYLED_ITEM('',(#5038),#5036);
#5040=DIRECTION('',(0.E0,1.E0,0.E0));
#5041=VECTOR('',#5040,1.E-1);
#5042=CARTESIAN_POINT('',(7.E-1,1.E-1,-2.25E0));
#5043=LINE('',#5042,#5041);
#5044=CURVE_STYLE('',#32,POSITIVE_LENGTH_MEASURE(2.E-2),#18);
#5045=PRESENTATION_STYLE_ASSIGNMENT((#5044));
#5046=STYLED_ITEM('',(#5045),#5043);
#5047=DIRECTION('',(0.E0,1.E0,0.E0));
#5048=VECTOR('',#5047,1.E-1);
#5049=CARTESIAN_POINT('',(-7.E-1,1.E-1,-2.25E0));
#5050=LINE('',#5049,#5048);
#5051=CURVE_STYLE('',#32,POSITIVE_LENGTH_MEASURE(2.E-2),#18);
#5052=PRESENTATION_STYLE_ASSIGNMENT((#5051));
#5053=STYLED_ITEM('',(#5052),#5050);
#5054=DIRECTION('',(0.E0,1.E0,0.E0));
#5055=VECTOR('',#5054,1.E-1);
#5056=CARTESIAN_POINT('',(-9.E-1,1.E-1,-2.25E0));
#5057=LINE('',#5056,#5055);
#5058=CURVE_STYLE('',#32,POSITIVE_LENGTH_MEASURE(2.E-2),#18);
#5059=PRESENTATION_STYLE_ASSIGNMENT((#5058));
#5060=STYLED_ITEM('',(#5059),#5057);
#5061=DIRECTION('',(0.E0,1.E0,0.E0));
#5062=VECTOR('',#5061,1.E-1);
#5063=CARTESIAN_POINT('',(-1.15E0,1.E-1,-2.075E0));
#5064=LINE('',#5063,#5062);
#5065=CURVE_STYLE('',#32,POSITIVE_LENGTH_MEASURE(2.E-2),#18);
#5066=PRESENTATION_STYLE_ASSIGNMENT((#5065));
#5067=STYLED_ITEM('',(#5066),#5064);
#5068=DIRECTION('',(0.E0,1.E0,0.E0));
#5069=VECTOR('',#5068,1.E-1);
#5070=CARTESIAN_POINT('',(-9.E-1,1.E-1,2.25E0));
#5071=LINE('',#5070,#5069);
#5072=CURVE_STYLE('',#32,POSITIVE_LENGTH_MEASURE(2.E-2),#18);
#5073=PRESENTATION_STYLE_ASSIGNMENT((#5072));
#5074=STYLED_ITEM('',(#5073),#5071);
#5075=DIRECTION('',(0.E0,1.E0,0.E0));
#5076=VECTOR('',#5075,1.E-1);
#5077=CARTESIAN_POINT('',(-7.E-1,1.E-1,2.25E0));
#5078=LINE('',#5077,#5076);
#5079=CURVE_STYLE('',#32,POSITIVE_LENGTH_MEASURE(2.E-2),#18);
#5080=PRESENTATION_STYLE_ASSIGNMENT((#5079));
#5081=STYLED_ITEM('',(#5080),#5078);
#5082=CARTESIAN_POINT('',(1.05E0,0.E0,1.975E0));
#5083=CARTESIAN_POINT('',(-1.05E0,0.E0,1.975E0));
#5084=VERTEX_POINT('',#5082);
#5085=VERTEX_POINT('',#5083);
#5086=CARTESIAN_POINT('',(1.05E0,0.E0,-1.975E0));
#5087=VERTEX_POINT('',#5086);
#5088=CARTESIAN_POINT('',(-7.5E-1,0.E0,-1.975E0));
#5089=VERTEX_POINT('',#5088);
#5090=CARTESIAN_POINT('',(-1.05E0,0.E0,-1.675E0));
#5091=VERTEX_POINT('',#5090);
#5092=CARTESIAN_POINT('',(-1.15E0,1.E-1,-2.075E0));
#5093=CARTESIAN_POINT('',(-1.15E0,1.E-1,2.075E0));
#5094=VERTEX_POINT('',#5092);
#5095=VERTEX_POINT('',#5093);
#5096=CARTESIAN_POINT('',(1.15E0,1.E-1,2.075E0));
#5097=CARTESIAN_POINT('',(1.15E0,1.E-1,-2.075E0));
#5098=VERTEX_POINT('',#5096);
#5099=VERTEX_POINT('',#5097);
#5100=CARTESIAN_POINT('',(-1.15E0,2.E-1,-2.075E0));
#5101=CARTESIAN_POINT('',(-1.15E0,2.E-1,2.075E0));
#5102=VERTEX_POINT('',#5100);
#5103=VERTEX_POINT('',#5101);
#5104=CARTESIAN_POINT('',(1.15E0,2.E-1,2.075E0));
#5105=CARTESIAN_POINT('',(1.15E0,2.E-1,-2.075E0));
#5106=VERTEX_POINT('',#5104);
#5107=VERTEX_POINT('',#5105);
#5108=CARTESIAN_POINT('',(1.05E0,1.E-1,-1.975E0));
#5109=CARTESIAN_POINT('',(-7.5E-1,1.E-1,-1.975E0));
#5110=VERTEX_POINT('',#5108);
#5111=VERTEX_POINT('',#5109);
#5112=CARTESIAN_POINT('',(-1.05E0,1.E-1,-1.675E0));
#5113=CARTESIAN_POINT('',(-1.05E0,1.E-1,1.975E0));
#5114=VERTEX_POINT('',#5112);
#5115=VERTEX_POINT('',#5113);
#5116=CARTESIAN_POINT('',(1.05E0,1.E-1,1.975E0));
#5117=VERTEX_POINT('',#5116);
#5118=CARTESIAN_POINT('',(-9.E-1,1.E-1,-2.25E0));
#5119=CARTESIAN_POINT('',(-7.E-1,1.E-1,-2.25E0));
#5120=VERTEX_POINT('',#5118);
#5121=VERTEX_POINT('',#5119);
#5122=CARTESIAN_POINT('',(-9.E-1,2.E-1,-2.25E0));
#5123=CARTESIAN_POINT('',(-7.E-1,2.E-1,-2.25E0));
#5124=VERTEX_POINT('',#5122);
#5125=VERTEX_POINT('',#5123);
#5126=CARTESIAN_POINT('',(-9.E-1,1.E-1,-2.075E0));
#5127=CARTESIAN_POINT('',(-9.E-1,2.E-1,-2.075E0));
#5128=VERTEX_POINT('',#5126);
#5129=VERTEX_POINT('',#5127);
#5130=CARTESIAN_POINT('',(-7.E-1,1.E-1,-2.075E0));
#5131=CARTESIAN_POINT('',(-7.E-1,2.E-1,-2.075E0));
#5132=VERTEX_POINT('',#5130);
#5133=VERTEX_POINT('',#5131);
#5134=CARTESIAN_POINT('',(9.E-1,1.E-1,-2.25E0));
#5135=CARTESIAN_POINT('',(7.E-1,1.E-1,-2.25E0));
#5136=VERTEX_POINT('',#5134);
#5137=VERTEX_POINT('',#5135);
#5138=CARTESIAN_POINT('',(9.E-1,2.E-1,-2.25E0));
#5139=CARTESIAN_POINT('',(7.E-1,2.E-1,-2.25E0));
#5140=VERTEX_POINT('',#5138);
#5141=VERTEX_POINT('',#5139);
#5142=CARTESIAN_POINT('',(9.E-1,1.E-1,-2.075E0));
#5143=VERTEX_POINT('',#5142);
#5144=CARTESIAN_POINT('',(7.E-1,1.E-1,-2.075E0));
#5145=VERTEX_POINT('',#5144);
#5146=CARTESIAN_POINT('',(9.E-1,2.E-1,-2.075E0));
#5147=VERTEX_POINT('',#5146);
#5148=CARTESIAN_POINT('',(7.E-1,2.E-1,-2.075E0));
#5149=VERTEX_POINT('',#5148);
#5150=CARTESIAN_POINT('',(-9.E-1,1.E-1,2.25E0));
#5151=CARTESIAN_POINT('',(-7.E-1,1.E-1,2.25E0));
#5152=VERTEX_POINT('',#5150);
#5153=VERTEX_POINT('',#5151);
#5154=CARTESIAN_POINT('',(-9.E-1,2.E-1,2.25E0));
#5155=CARTESIAN_POINT('',(-7.E-1,2.E-1,2.25E0));
#5156=VERTEX_POINT('',#5154);
#5157=VERTEX_POINT('',#5155);
#5158=CARTESIAN_POINT('',(-9.E-1,1.E-1,2.075E0));
#5159=VERTEX_POINT('',#5158);
#5160=CARTESIAN_POINT('',(-7.E-1,1.E-1,2.075E0));
#5161=VERTEX_POINT('',#5160);
#5162=CARTESIAN_POINT('',(-9.E-1,2.E-1,2.075E0));
#5163=VERTEX_POINT('',#5162);
#5164=CARTESIAN_POINT('',(-7.E-1,2.E-1,2.075E0));
#5165=VERTEX_POINT('',#5164);
#5166=CARTESIAN_POINT('',(9.E-1,1.E-1,2.25E0));
#5167=CARTESIAN_POINT('',(7.E-1,1.E-1,2.25E0));
#5168=VERTEX_POINT('',#5166);
#5169=VERTEX_POINT('',#5167);
#5170=CARTESIAN_POINT('',(9.E-1,2.E-1,2.25E0));
#5171=CARTESIAN_POINT('',(7.E-1,2.E-1,2.25E0));
#5172=VERTEX_POINT('',#5170);
#5173=VERTEX_POINT('',#5171);
#5174=CARTESIAN_POINT('',(9.E-1,1.E-1,2.075E0));
#5175=VERTEX_POINT('',#5174);
#5176=CARTESIAN_POINT('',(7.E-1,1.E-1,2.075E0));
#5177=VERTEX_POINT('',#5176);
#5178=CARTESIAN_POINT('',(9.E-1,2.E-1,2.075E0));
#5179=VERTEX_POINT('',#5178);
#5180=CARTESIAN_POINT('',(7.E-1,2.E-1,2.075E0));
#5181=VERTEX_POINT('',#5180);
#5182=CARTESIAN_POINT('',(-9.E-1,1.E-1,-1.975E0));
#5183=DIRECTION('',(-1.E0,0.E0,0.E0));
#5184=DIRECTION('',(0.E0,0.E0,-1.E0));
#5185=AXIS2_PLACEMENT_3D('',#5182,#5183,#5184);
#5186=PLANE('',#5185);
#5188=ORIENTED_EDGE('',*,*,#5187,.F.);
#5190=ORIENTED_EDGE('',*,*,#5189,.T.);
#5192=ORIENTED_EDGE('',*,*,#5191,.T.);
#5194=ORIENTED_EDGE('',*,*,#5193,.F.);
#5195=EDGE_LOOP('',(#5188,#5190,#5192,#5194));
#5196=FACE_OUTER_BOUND('',#5195,.F.);
#5198=CARTESIAN_POINT('',(1.15E0,1.E-1,-2.075E0));
#5199=DIRECTION('',(0.E0,0.E0,-1.E0));
#5200=DIRECTION('',(-1.E0,0.E0,0.E0));
#5201=AXIS2_PLACEMENT_3D('',#5198,#5199,#5200);
#5202=PLANE('',#5201);
#5203=ORIENTED_EDGE('',*,*,#5187,.T.);
#5205=ORIENTED_EDGE('',*,*,#5204,.T.);
#5207=ORIENTED_EDGE('',*,*,#5206,.F.);
#5209=ORIENTED_EDGE('',*,*,#5208,.F.);
#5210=EDGE_LOOP('',(#5203,#5205,#5207,#5209));
#5211=FACE_OUTER_BOUND('',#5210,.F.);
#5213=CARTESIAN_POINT('',(1.15E0,1.E-1,-2.075E0));
#5214=DIRECTION('',(0.E0,0.E0,-1.E0));
#5215=DIRECTION('',(-1.E0,0.E0,0.E0));
#5216=AXIS2_PLACEMENT_3D('',#5213,#5214,#5215);
#5217=PLANE('',#5216);
#5219=ORIENTED_EDGE('',*,*,#5218,.F.);
#5221=ORIENTED_EDGE('',*,*,#5220,.F.);
#5223=ORIENTED_EDGE('',*,*,#5222,.T.);
#5225=ORIENTED_EDGE('',*,*,#5224,.T.);
#5226=EDGE_LOOP('',(#5219,#5221,#5223,#5225));
#5227=FACE_OUTER_BOUND('',#5226,.F.);
#5229=CARTESIAN_POINT('',(1.15E0,1.E-1,-2.075E0));
#5230=DIRECTION('',(0.E0,0.E0,-1.E0));
#5231=DIRECTION('',(-1.E0,0.E0,0.E0));
#5232=AXIS2_PLACEMENT_3D('',#5229,#5230,#5231);
#5233=PLANE('',#5232);
#5235=ORIENTED_EDGE('',*,*,#5234,.T.);
#5237=ORIENTED_EDGE('',*,*,#5236,.T.);
#5239=ORIENTED_EDGE('',*,*,#5238,.F.);
#5241=ORIENTED_EDGE('',*,*,#5240,.F.);
#5242=EDGE_LOOP('',(#5235,#5237,#5239,#5241));
#5243=FACE_OUTER_BOUND('',#5242,.F.);
#5245=CARTESIAN_POINT('',(0.E0,2.E-1,0.E0));
#5246=DIRECTION('',(0.E0,1.E0,0.E0));
#5247=DIRECTION('',(1.E0,0.E0,0.E0));
#5248=AXIS2_PLACEMENT_3D('',#5245,#5246,#5247);
#5249=PLANE('',#5248);
#5251=ORIENTED_EDGE('',*,*,#5250,.F.);
#5253=ORIENTED_EDGE('',*,*,#5252,.T.);
#5255=ORIENTED_EDGE('',*,*,#5254,.T.);
#5257=ORIENTED_EDGE('',*,*,#5256,.T.);
#5259=ORIENTED_EDGE('',*,*,#5258,.F.);
#5261=ORIENTED_EDGE('',*,*,#5260,.F.);
#5263=ORIENTED_EDGE('',*,*,#5262,.F.);
#5265=ORIENTED_EDGE('',*,*,#5264,.F.);
#5267=ORIENTED_EDGE('',*,*,#5266,.F.);
#5269=ORIENTED_EDGE('',*,*,#5268,.F.);
#5270=ORIENTED_EDGE('',*,*,#5204,.F.);
#5271=ORIENTED_EDGE('',*,*,#5193,.T.);
#5273=ORIENTED_EDGE('',*,*,#5272,.T.);
#5275=ORIENTED_EDGE('',*,*,#5274,.T.);
#5276=ORIENTED_EDGE('',*,*,#5236,.F.);
#5278=ORIENTED_EDGE('',*,*,#5277,.F.);
#5280=ORIENTED_EDGE('',*,*,#5279,.F.);
#5282=ORIENTED_EDGE('',*,*,#5281,.F.);
#5283=ORIENTED_EDGE('',*,*,#5224,.F.);
#5285=ORIENTED_EDGE('',*,*,#5284,.F.);
#5286=EDGE_LOOP('',(#5251,#5253,#5255,#5257,#5259,#5261,#5263,#5265,#5267,#5269,
#5270,#5271,#5273,#5275,#5276,#5278,#5280,#5282,#5283,#5285));
#5287=FACE_OUTER_BOUND('',#5286,.F.);
#5289=CARTESIAN_POINT('',(-1.15E0,1.E-1,2.075E0));
#5290=DIRECTION('',(0.E0,0.E0,1.E0));
#5291=DIRECTION('',(1.E0,0.E0,0.E0));
#5292=AXIS2_PLACEMENT_3D('',#5289,#5290,#5291);
#5293=PLANE('',#5292);
#5295=ORIENTED_EDGE('',*,*,#5294,.F.);
#5297=ORIENTED_EDGE('',*,*,#5296,.F.);
#5299=ORIENTED_EDGE('',*,*,#5298,.T.);
#5300=ORIENTED_EDGE('',*,*,#5266,.T.);
#5301=EDGE_LOOP('',(#5295,#5297,#5299,#5300));
#5302=FACE_OUTER_BOUND('',#5301,.F.);
#5304=CARTESIAN_POINT('',(-1.15E0,1.E-1,2.075E0));
#5305=DIRECTION('',(0.E0,0.E0,1.E0));
#5306=DIRECTION('',(1.E0,0.E0,0.E0));
#5307=AXIS2_PLACEMENT_3D('',#5304,#5305,#5306);
#5308=PLANE('',#5307);
#5310=ORIENTED_EDGE('',*,*,#5309,.T.);
#5311=ORIENTED_EDGE('',*,*,#5250,.T.);
#5313=ORIENTED_EDGE('',*,*,#5312,.F.);
#5315=ORIENTED_EDGE('',*,*,#5314,.F.);
#5316=EDGE_LOOP('',(#5310,#5311,#5313,#5315));
#5317=FACE_OUTER_BOUND('',#5316,.F.);
#5319=CARTESIAN_POINT('',(-1.15E0,1.E-1,2.075E0));
#5320=DIRECTION('',(0.E0,0.E0,1.E0));
#5321=DIRECTION('',(1.E0,0.E0,0.E0));
#5322=AXIS2_PLACEMENT_3D('',#5319,#5320,#5321);
#5323=PLANE('',#5322);
#5325=ORIENTED_EDGE('',*,*,#5324,.F.);
#5327=ORIENTED_EDGE('',*,*,#5326,.F.);
#5329=ORIENTED_EDGE('',*,*,#5328,.T.);
#5330=ORIENTED_EDGE('',*,*,#5258,.T.);
#5331=EDGE_LOOP('',(#5325,#5327,#5329,#5330));
#5332=FACE_OUTER_BOUND('',#5331,.F.);
#5334=CARTESIAN_POINT('',(-9.E-1,1.E-1,1.975E0));
#5335=DIRECTION('',(1.E0,0.E0,0.E0));
#5336=DIRECTION('',(0.E0,0.E0,1.E0));
#5337=AXIS2_PLACEMENT_3D('',#5334,#5335,#5336);
#5338=PLANE('',#5337);
#5340=ORIENTED_EDGE('',*,*,#5339,.F.);
#5341=ORIENTED_EDGE('',*,*,#5294,.T.);
#5342=ORIENTED_EDGE('',*,*,#5264,.T.);
#5344=ORIENTED_EDGE('',*,*,#5343,.F.);
#5345=EDGE_LOOP('',(#5340,#5341,#5342,#5344));
#5346=FACE_OUTER_BOUND('',#5345,.F.);
#5348=CARTESIAN_POINT('',(0.E0,1.E-1,0.E0));
#5349=DIRECTION('',(0.E0,1.E0,0.E0));
#5350=DIRECTION('',(1.E0,0.E0,0.E0));
#5351=AXIS2_PLACEMENT_3D('',#5348,#5349,#5350);
#5352=PLANE('',#5351);
#5353=ORIENTED_EDGE('',*,*,#5326,.T.);
#5355=ORIENTED_EDGE('',*,*,#5354,.F.);
#5357=ORIENTED_EDGE('',*,*,#5356,.F.);
#5359=ORIENTED_EDGE('',*,*,#5358,.F.);
#5360=ORIENTED_EDGE('',*,*,#5314,.T.);
#5362=ORIENTED_EDGE('',*,*,#5361,.T.);
#5363=ORIENTED_EDGE('',*,*,#5220,.T.);
#5365=ORIENTED_EDGE('',*,*,#5364,.T.);
#5367=ORIENTED_EDGE('',*,*,#5366,.T.);
#5369=ORIENTED_EDGE('',*,*,#5368,.T.);
#5370=ORIENTED_EDGE('',*,*,#5240,.T.);
#5372=ORIENTED_EDGE('',*,*,#5371,.F.);
#5374=ORIENTED_EDGE('',*,*,#5373,.F.);
#5375=ORIENTED_EDGE('',*,*,#5189,.F.);
#5376=ORIENTED_EDGE('',*,*,#5208,.T.);
#5378=ORIENTED_EDGE('',*,*,#5377,.T.);
#5379=ORIENTED_EDGE('',*,*,#5296,.T.);
#5380=ORIENTED_EDGE('',*,*,#5339,.T.);
#5382=ORIENTED_EDGE('',*,*,#5381,.T.);
#5384=ORIENTED_EDGE('',*,*,#5383,.T.);
#5385=EDGE_LOOP('',(#5353,#5355,#5357,#5359,#5360,#5362,#5363,#5365,#5367,#5369,
#5370,#5372,#5374,#5375,#5376,#5378,#5379,#5380,#5382,#5384));
#5386=FACE_OUTER_BOUND('',#5385,.F.);
#5388=ORIENTED_EDGE('',*,*,#5387,.F.);
#5390=ORIENTED_EDGE('',*,*,#5389,.F.);
#5392=ORIENTED_EDGE('',*,*,#5391,.F.);
#5394=ORIENTED_EDGE('',*,*,#5393,.F.);
#5396=ORIENTED_EDGE('',*,*,#5395,.T.);
#5397=EDGE_LOOP('',(#5388,#5390,#5392,#5394,#5396));
#5398=FACE_BOUND('',#5397,.F.);
#5400=CARTESIAN_POINT('',(1.05E0,0.E0,-1.975E0));
#5401=DIRECTION('',(0.E0,0.E0,-1.E0));
#5402=DIRECTION('',(-1.E0,0.E0,0.E0));
#5403=AXIS2_PLACEMENT_3D('',#5400,#5401,#5402);
#5404=PLANE('',#5403);
#5405=ORIENTED_EDGE('',*,*,#5387,.T.);
#5407=ORIENTED_EDGE('',*,*,#5406,.T.);
#5409=ORIENTED_EDGE('',*,*,#5408,.T.);
#5411=ORIENTED_EDGE('',*,*,#5410,.F.);
#5412=EDGE_LOOP('',(#5405,#5407,#5409,#5411));
#5413=FACE_OUTER_BOUND('',#5412,.F.);
#5415=CARTESIAN_POINT('',(-9.E-1,1.E-1,-1.825E0));
#5416=DIRECTION('',(-7.071067811865E-1,0.E0,-7.071067811865E-1));
#5417=DIRECTION('',(7.071067811865E-1,0.E0,-7.071067811865E-1));
#5418=AXIS2_PLACEMENT_3D('',#5415,#5416,#5417);
#5419=PLANE('',#5418);
#5420=ORIENTED_EDGE('',*,*,#5395,.F.);
#5422=ORIENTED_EDGE('',*,*,#5421,.T.);
#5424=ORIENTED_EDGE('',*,*,#5423,.T.);
#5425=ORIENTED_EDGE('',*,*,#5406,.F.);
#5426=EDGE_LOOP('',(#5420,#5422,#5424,#5425));
#5427=FACE_OUTER_BOUND('',#5426,.F.);
#5429=CARTESIAN_POINT('',(-1.05E0,0.E0,-1.975E0));
#5430=DIRECTION('',(-1.E0,0.E0,0.E0));
#5431=DIRECTION('',(0.E0,0.E0,1.E0));
#5432=AXIS2_PLACEMENT_3D('',#5429,#5430,#5431);
#5433=PLANE('',#5432);
#5434=ORIENTED_EDGE('',*,*,#5393,.T.);
#5436=ORIENTED_EDGE('',*,*,#5435,.T.);
#5438=ORIENTED_EDGE('',*,*,#5437,.T.);
#5439=ORIENTED_EDGE('',*,*,#5421,.F.);
#5440=EDGE_LOOP('',(#5434,#5436,#5438,#5439));
#5441=FACE_OUTER_BOUND('',#5440,.F.);
#5443=CARTESIAN_POINT('',(-1.05E0,0.E0,1.975E0));
#5444=DIRECTION('',(0.E0,0.E0,1.E0));
#5445=DIRECTION('',(1.E0,0.E0,0.E0));
#5446=AXIS2_PLACEMENT_3D('',#5443,#5444,#5445);
#5447=PLANE('',#5446);
#5448=ORIENTED_EDGE('',*,*,#5391,.T.);
#5450=ORIENTED_EDGE('',*,*,#5449,.T.);
#5452=ORIENTED_EDGE('',*,*,#5451,.T.);
#5453=ORIENTED_EDGE('',*,*,#5435,.F.);
#5454=EDGE_LOOP('',(#5448,#5450,#5452,#5453));
#5455=FACE_OUTER_BOUND('',#5454,.F.);
#5457=CARTESIAN_POINT('',(1.05E0,0.E0,1.975E0));
#5458=DIRECTION('',(1.E0,0.E0,0.E0));
#5459=DIRECTION('',(0.E0,0.E0,-1.E0));
#5460=AXIS2_PLACEMENT_3D('',#5457,#5458,#5459);
#5461=PLANE('',#5460);
#5462=ORIENTED_EDGE('',*,*,#5389,.T.);
#5463=ORIENTED_EDGE('',*,*,#5410,.T.);
#5465=ORIENTED_EDGE('',*,*,#5464,.T.);
#5466=ORIENTED_EDGE('',*,*,#5449,.F.);
#5467=EDGE_LOOP('',(#5462,#5463,#5465,#5466));
#5468=FACE_OUTER_BOUND('',#5467,.F.);
#5470=CARTESIAN_POINT('',(0.E0,0.E0,0.E0));
#5471=DIRECTION('',(0.E0,1.E0,0.E0));
#5472=DIRECTION('',(1.E0,0.E0,0.E0));
#5473=AXIS2_PLACEMENT_3D('',#5470,#5471,#5472);
#5474=PLANE('',#5473);
#5475=ORIENTED_EDGE('',*,*,#5408,.F.);
#5476=ORIENTED_EDGE('',*,*,#5423,.F.);
#5477=ORIENTED_EDGE('',*,*,#5437,.F.);
#5478=ORIENTED_EDGE('',*,*,#5451,.F.);
#5479=ORIENTED_EDGE('',*,*,#5464,.F.);
#5480=EDGE_LOOP('',(#5475,#5476,#5477,#5478,#5479));
#5481=FACE_OUTER_BOUND('',#5480,.F.);
#5483=FILL_AREA_STYLE_COLOUR('',#26);
#5484=FILL_AREA_STYLE('',(#5483));
#5485=SURFACE_STYLE_FILL_AREA(#5484);
#5486=SURFACE_SIDE_STYLE('',(#5485));
#5487=SURFACE_STYLE_USAGE(.POSITIVE.,#5486);
#5488=FILL_AREA_STYLE_COLOUR('',#18);
#5489=FILL_AREA_STYLE('',(#5488));
#5490=SURFACE_STYLE_FILL_AREA(#5489);
#5491=SURFACE_SIDE_STYLE('',(#5490));
#5492=SURFACE_STYLE_USAGE(.NEGATIVE.,#5491);
#5493=PRESENTATION_STYLE_ASSIGNMENT((#5487,#5492));
#5494=OVER_RIDING_STYLED_ITEM('',(#5493),#5482,#4556);
#5495=CARTESIAN_POINT('',(7.E-1,1.E-1,2.25E0));
#5496=DIRECTION('',(-1.E0,0.E0,0.E0));
#5497=DIRECTION('',(0.E0,0.E0,-1.E0));
#5498=AXIS2_PLACEMENT_3D('',#5495,#5496,#5497);
#5499=PLANE('',#5498);
#5500=ORIENTED_EDGE('',*,*,#5354,.T.);
#5501=ORIENTED_EDGE('',*,*,#5324,.T.);
#5502=ORIENTED_EDGE('',*,*,#5256,.F.);
#5504=ORIENTED_EDGE('',*,*,#5503,.F.);
#5505=EDGE_LOOP('',(#5500,#5501,#5502,#5504));
#5506=FACE_OUTER_BOUND('',#5505,.F.);
#5508=CARTESIAN_POINT('',(9.E-1,1.E-1,2.25E0));
#5509=DIRECTION('',(0.E0,0.E0,1.E0));
#5510=DIRECTION('',(-1.E0,0.E0,0.E0));
#5511=AXIS2_PLACEMENT_3D('',#5508,#5509,#5510);
#5512=PLANE('',#5511);
#5513=ORIENTED_EDGE('',*,*,#5356,.T.);
#5514=ORIENTED_EDGE('',*,*,#5503,.T.);
#5515=ORIENTED_EDGE('',*,*,#5254,.F.);
#5517=ORIENTED_EDGE('',*,*,#5516,.F.);
#5518=EDGE_LOOP('',(#5513,#5514,#5515,#5517));
#5519=FACE_OUTER_BOUND('',#5518,.F.);
#5521=CARTESIAN_POINT('',(9.E-1,1.E-1,1.975E0));
#5522=DIRECTION('',(1.E0,0.E0,0.E0));
#5523=DIRECTION('',(0.E0,0.E0,1.E0));
#5524=AXIS2_PLACEMENT_3D('',#5521,#5522,#5523);
#5525=PLANE('',#5524);
#5526=ORIENTED_EDGE('',*,*,#5358,.T.);
#5527=ORIENTED_EDGE('',*,*,#5516,.T.);
#5528=ORIENTED_EDGE('',*,*,#5252,.F.);
#5529=ORIENTED_EDGE('',*,*,#5309,.F.);
#5530=EDGE_LOOP('',(#5526,#5527,#5528,#5529));
#5531=FACE_OUTER_BOUND('',#5530,.F.);
#5533=CARTESIAN_POINT('',(1.15E0,1.E-1,2.075E0));
#5534=DIRECTION('',(1.E0,0.E0,0.E0));
#5535=DIRECTION('',(0.E0,0.E0,-1.E0));
#5536=AXIS2_PLACEMENT_3D('',#5533,#5534,#5535);
#5537=PLANE('',#5536);
#5538=ORIENTED_EDGE('',*,*,#5361,.F.);
#5539=ORIENTED_EDGE('',*,*,#5312,.T.);
#5540=ORIENTED_EDGE('',*,*,#5284,.T.);
#5541=ORIENTED_EDGE('',*,*,#5222,.F.);
#5542=EDGE_LOOP('',(#5538,#5539,#5540,#5541));
#5543=FACE_OUTER_BOUND('',#5542,.F.);
#5545=CARTESIAN_POINT('',(9.E-1,1.E-1,-1.975E0));
#5546=DIRECTION('',(-1.E0,0.E0,0.E0));
#5547=DIRECTION('',(0.E0,0.E0,-1.E0));
#5548=AXIS2_PLACEMENT_3D('',#5545,#5546,#5547);
#5549=PLANE('',#5548);
#5550=ORIENTED_EDGE('',*,*,#5364,.F.);
#5551=ORIENTED_EDGE('',*,*,#5218,.T.);
#5552=ORIENTED_EDGE('',*,*,#5281,.T.);
#5554=ORIENTED_EDGE('',*,*,#5553,.F.);
#5555=EDGE_LOOP('',(#5550,#5551,#5552,#5554));
#5556=FACE_OUTER_BOUND('',#5555,.F.);
#5558=CARTESIAN_POINT('',(9.E-1,1.E-1,-2.25E0));
#5559=DIRECTION('',(0.E0,0.E0,1.E0));
#5560=DIRECTION('',(-1.E0,0.E0,0.E0));
#5561=AXIS2_PLACEMENT_3D('',#5558,#5559,#5560);
#5562=PLANE('',#5561);
#5563=ORIENTED_EDGE('',*,*,#5366,.F.);
#5564=ORIENTED_EDGE('',*,*,#5553,.T.);
#5565=ORIENTED_EDGE('',*,*,#5279,.T.);
#5567=ORIENTED_EDGE('',*,*,#5566,.F.);
#5568=EDGE_LOOP('',(#5563,#5564,#5565,#5567));
#5569=FACE_OUTER_BOUND('',#5568,.F.);
#5571=CARTESIAN_POINT('',(7.E-1,1.E-1,-2.25E0));
#5572=DIRECTION('',(1.E0,0.E0,0.E0));
#5573=DIRECTION('',(0.E0,0.E0,1.E0));
#5574=AXIS2_PLACEMENT_3D('',#5571,#5572,#5573);
#5575=PLANE('',#5574);
#5576=ORIENTED_EDGE('',*,*,#5368,.F.);
#5577=ORIENTED_EDGE('',*,*,#5566,.T.);
#5578=ORIENTED_EDGE('',*,*,#5277,.T.);
#5579=ORIENTED_EDGE('',*,*,#5234,.F.);
#5580=EDGE_LOOP('',(#5576,#5577,#5578,#5579));
#5581=FACE_OUTER_BOUND('',#5580,.F.);
#5583=CARTESIAN_POINT('',(-7.E-1,1.E-1,-2.25E0));
#5584=DIRECTION('',(1.E0,0.E0,0.E0));
#5585=DIRECTION('',(0.E0,0.E0,1.E0));
#5586=AXIS2_PLACEMENT_3D('',#5583,#5584,#5585);
#5587=PLANE('',#5586);
#5588=ORIENTED_EDGE('',*,*,#5238,.T.);
#5589=ORIENTED_EDGE('',*,*,#5274,.F.);
#5591=ORIENTED_EDGE('',*,*,#5590,.F.);
#5592=ORIENTED_EDGE('',*,*,#5371,.T.);
#5593=EDGE_LOOP('',(#5588,#5589,#5591,#5592));
#5594=FACE_OUTER_BOUND('',#5593,.F.);
#5596=CARTESIAN_POINT('',(-9.E-1,1.E-1,-2.25E0));
#5597=DIRECTION('',(0.E0,0.E0,-1.E0));
#5598=DIRECTION('',(1.E0,0.E0,0.E0));
#5599=AXIS2_PLACEMENT_3D('',#5596,#5597,#5598);
#5600=PLANE('',#5599);
#5601=ORIENTED_EDGE('',*,*,#5373,.T.);
#5602=ORIENTED_EDGE('',*,*,#5590,.T.);
#5603=ORIENTED_EDGE('',*,*,#5272,.F.);
#5604=ORIENTED_EDGE('',*,*,#5191,.F.);
#5605=EDGE_LOOP('',(#5601,#5602,#5603,#5604));
#5606=FACE_OUTER_BOUND('',#5605,.F.);
#5608=CARTESIAN_POINT('',(-1.15E0,1.E-1,-2.075E0));
#5609=DIRECTION('',(-1.E0,0.E0,0.E0));
#5610=DIRECTION('',(0.E0,0.E0,1.E0));
#5611=AXIS2_PLACEMENT_3D('',#5608,#5609,#5610);
#5612=PLANE('',#5611);
#5613=ORIENTED_EDGE('',*,*,#5377,.F.);
#5614=ORIENTED_EDGE('',*,*,#5206,.T.);
#5615=ORIENTED_EDGE('',*,*,#5268,.T.);
#5616=ORIENTED_EDGE('',*,*,#5298,.F.);
#5617=EDGE_LOOP('',(#5613,#5614,#5615,#5616));
#5618=FACE_OUTER_BOUND('',#5617,.F.);
#5620=CARTESIAN_POINT('',(-9.E-1,1.E-1,2.25E0));
#5621=DIRECTION('',(0.E0,0.E0,-1.E0));
#5622=DIRECTION('',(1.E0,0.E0,0.E0));
#5623=AXIS2_PLACEMENT_3D('',#5620,#5621,#5622);
#5624=PLANE('',#5623);
#5625=ORIENTED_EDGE('',*,*,#5381,.F.);
#5626=ORIENTED_EDGE('',*,*,#5343,.T.);
#5627=ORIENTED_EDGE('',*,*,#5262,.T.);
#5629=ORIENTED_EDGE('',*,*,#5628,.F.);
#5630=EDGE_LOOP('',(#5625,#5626,#5627,#5629));
#5631=FACE_OUTER_BOUND('',#5630,.F.);
#5633=CARTESIAN_POINT('',(-7.E-1,1.E-1,2.25E0));
#5634=DIRECTION('',(-1.E0,0.E0,0.E0));
#5635=DIRECTION('',(0.E0,0.E0,-1.E0));
#5636=AXIS2_PLACEMENT_3D('',#5633,#5634,#5635);
#5637=PLANE('',#5636);
#5638=ORIENTED_EDGE('',*,*,#5383,.F.);
#5639=ORIENTED_EDGE('',*,*,#5628,.T.);
#5640=ORIENTED_EDGE('',*,*,#5260,.T.);
#5641=ORIENTED_EDGE('',*,*,#5328,.F.);
#5642=EDGE_LOOP('',(#5638,#5639,#5640,#5641));
#5643=FACE_OUTER_BOUND('',#5642,.F.);
#5645=CLOSED_SHELL('',(#5197,#5212,#5228,#5244,#5288,#5303,#5318,#5333,#5347,
#5399,#5414,#5428,#5442,#5456,#5469,#5482,#5507,#5520,#5532,#5544,#5557,#5570,
#5582,#5595,#5607,#5619,#5632,#5644));
#5646=MANIFOLD_SOLID_BREP('',#5645);
#5647=FILL_AREA_STYLE_COLOUR('',#18);
#5648=FILL_AREA_STYLE('',(#5647));
#5649=SURFACE_STYLE_FILL_AREA(#5648);
#5650=SURFACE_SIDE_STYLE('',(#5649));
#5651=SURFACE_STYLE_USAGE(.BOTH.,#5650);
#5652=PRESENTATION_STYLE_ASSIGNMENT((#5651));
#4556=STYLED_ITEM('',(#5652),#5646);
#5654=DIRECTION('',(-1.E0,0.E0,0.E0));
#5655=VECTOR('',#5654,3.E-1);
#5656=CARTESIAN_POINT('',(1.75E0,0.E0,-1.7E0));
#5657=LINE('',#5656,#5655);
#5658=CURVE_STYLE('',#32,POSITIVE_LENGTH_MEASURE(2.E-2),#18);
#5659=PRESENTATION_STYLE_ASSIGNMENT((#5658));
#5660=STYLED_ITEM('',(#5659),#5657);
#5661=CARTESIAN_POINT('',(1.45E0,0.E0,-1.6E0));
#5662=DIRECTION('',(0.E0,1.E0,0.E0));
#5663=DIRECTION('',(0.E0,0.E0,-1.E0));
#5664=AXIS2_PLACEMENT_3D('',#5661,#5662,#5663);
#5666=CURVE_STYLE('',#32,POSITIVE_LENGTH_MEASURE(2.E-2),#18);
#5667=PRESENTATION_STYLE_ASSIGNMENT((#5666));
#5668=STYLED_ITEM('',(#5667),#5665);
#5669=DIRECTION('',(1.E0,0.E0,0.E0));
#5670=VECTOR('',#5669,3.E-1);
#5671=CARTESIAN_POINT('',(1.45E0,0.E0,-1.5E0));
#5672=LINE('',#5671,#5670);
#5673=CURVE_STYLE('',#32,POSITIVE_LENGTH_MEASURE(2.E-2),#18);
#5674=PRESENTATION_STYLE_ASSIGNMENT((#5673));
#5675=STYLED_ITEM('',(#5674),#5672);
#5676=DIRECTION('',(0.E0,0.E0,-1.E0));
#5677=VECTOR('',#5676,2.E-1);
#5678=CARTESIAN_POINT('',(1.75E0,0.E0,-1.5E0));
#5679=LINE('',#5678,#5677);
#5680=CURVE_STYLE('',#32,POSITIVE_LENGTH_MEASURE(2.E-2),#18);
#5681=PRESENTATION_STYLE_ASSIGNMENT((#5680));
#5682=STYLED_ITEM('',(#5681),#5679);
#5683=DIRECTION('',(0.E0,1.E0,0.E0));
#5684=VECTOR('',#5683,2.E-1);
#5685=CARTESIAN_POINT('',(1.75E0,0.E0,-1.7E0));
#5686=LINE('',#5685,#5684);
#5687=CURVE_STYLE('',#32,POSITIVE_LENGTH_MEASURE(2.E-2),#18);
#5688=PRESENTATION_STYLE_ASSIGNMENT((#5687));
#5689=STYLED_ITEM('',(#5688),#5686);
#5690=DIRECTION('',(0.E0,1.E0,0.E0));
#5691=VECTOR('',#5690,2.E-1);
#5692=CARTESIAN_POINT('',(1.75E0,0.E0,-1.5E0));
#5693=LINE('',#5692,#5691);
#5694=CURVE_STYLE('',#32,POSITIVE_LENGTH_MEASURE(2.E-2),#18);
#5695=PRESENTATION_STYLE_ASSIGNMENT((#5694));
#5696=STYLED_ITEM('',(#5695),#5693);
#5697=DIRECTION('',(0.E0,1.E0,0.E0));
#5698=VECTOR('',#5697,2.E-1);
#5699=CARTESIAN_POINT('',(1.45E0,0.E0,-1.5E0));
#5700=LINE('',#5699,#5698);
#5701=CURVE_STYLE('',#32,POSITIVE_LENGTH_MEASURE(2.E-2),#18);
#5702=PRESENTATION_STYLE_ASSIGNMENT((#5701));
#5703=STYLED_ITEM('',(#5702),#5700);
#5704=DIRECTION('',(0.E0,1.E0,0.E0));
#5705=VECTOR('',#5704,2.E-1);
#5706=CARTESIAN_POINT('',(1.45E0,0.E0,-1.7E0));
#5707=LINE('',#5706,#5705);
#5708=CURVE_STYLE('',#32,POSITIVE_LENGTH_MEASURE(2.E-2),#18);
#5709=PRESENTATION_STYLE_ASSIGNMENT((#5708));
#5710=STYLED_ITEM('',(#5709),#5707);
#5711=DIRECTION('',(-1.E0,0.E0,0.E0));
#5712=VECTOR('',#5711,3.E-1);
#5713=CARTESIAN_POINT('',(1.75E0,2.E-1,-1.7E0));
#5714=LINE('',#5713,#5712);
#5715=CURVE_STYLE('',#32,POSITIVE_LENGTH_MEASURE(2.E-2),#18);
#5716=PRESENTATION_STYLE_ASSIGNMENT((#5715));
#5717=STYLED_ITEM('',(#5716),#5714);
#5718=DIRECTION('',(0.E0,0.E0,-1.E0));
#5719=VECTOR('',#5718,2.E-1);
#5720=CARTESIAN_POINT('',(1.75E0,2.E-1,-1.5E0));
#5721=LINE('',#5720,#5719);
#5722=CURVE_STYLE('',#32,POSITIVE_LENGTH_MEASURE(2.E-2),#18);
#5723=PRESENTATION_STYLE_ASSIGNMENT((#5722));
#5724=STYLED_ITEM('',(#5723),#5721);
#5725=DIRECTION('',(1.E0,0.E0,0.E0));
#5726=VECTOR('',#5725,3.E-1);
#5727=CARTESIAN_POINT('',(1.45E0,2.E-1,-1.5E0));
#5728=LINE('',#5727,#5726);
#5729=CURVE_STYLE('',#32,POSITIVE_LENGTH_MEASURE(2.E-2),#18);
#5730=PRESENTATION_STYLE_ASSIGNMENT((#5729));
#5731=STYLED_ITEM('',(#5730),#5728);
#5732=CARTESIAN_POINT('',(1.45E0,2.E-1,-1.6E0));
#5733=DIRECTION('',(0.E0,1.E0,0.E0));
#5734=DIRECTION('',(0.E0,0.E0,-1.E0));
#5735=AXIS2_PLACEMENT_3D('',#5732,#5733,#5734);
#5737=CURVE_STYLE('',#32,POSITIVE_LENGTH_MEASURE(2.E-2),#18);
#5738=PRESENTATION_STYLE_ASSIGNMENT((#5737));
#5739=STYLED_ITEM('',(#5738),#5736);
#5740=CARTESIAN_POINT('',(1.75E0,0.E0,-1.7E0));
#5741=CARTESIAN_POINT('',(1.45E0,0.E0,-1.7E0));
#5742=VERTEX_POINT('',#5740);
#5743=VERTEX_POINT('',#5741);
#5744=CARTESIAN_POINT('',(1.45E0,0.E0,-1.5E0));
#5745=VERTEX_POINT('',#5744);
#5746=CARTESIAN_POINT('',(1.75E0,0.E0,-1.5E0));
#5747=VERTEX_POINT('',#5746);
#5748=CARTESIAN_POINT('',(1.75E0,2.E-1,-1.7E0));
#5749=CARTESIAN_POINT('',(1.45E0,2.E-1,-1.7E0));
#5750=VERTEX_POINT('',#5748);
#5751=VERTEX_POINT('',#5749);
#5752=CARTESIAN_POINT('',(1.45E0,2.E-1,-1.5E0));
#5753=VERTEX_POINT('',#5752);
#5754=CARTESIAN_POINT('',(1.75E0,2.E-1,-1.5E0));
#5755=VERTEX_POINT('',#5754);
#5756=CARTESIAN_POINT('',(0.E0,0.E0,0.E0));
#5757=DIRECTION('',(0.E0,1.E0,0.E0));
#5758=DIRECTION('',(1.E0,0.E0,0.E0));
#5759=AXIS2_PLACEMENT_3D('',#5756,#5757,#5758);
#5760=PLANE('',#5759);
#5762=ORIENTED_EDGE('',*,*,#5761,.T.);
#5764=ORIENTED_EDGE('',*,*,#5763,.T.);
#5766=ORIENTED_EDGE('',*,*,#5765,.T.);
#5768=ORIENTED_EDGE('',*,*,#5767,.T.);
#5769=EDGE_LOOP('',(#5762,#5764,#5766,#5768));
#5770=FACE_OUTER_BOUND('',#5769,.F.);
#5772=FILL_AREA_STYLE_COLOUR('',#26);
#5773=FILL_AREA_STYLE('',(#5772));
#5774=SURFACE_STYLE_FILL_AREA(#5773);
#5775=SURFACE_SIDE_STYLE('',(#5774));
#5776=SURFACE_STYLE_USAGE(.POSITIVE.,#5775);
#5777=PRESENTATION_STYLE_ASSIGNMENT((#5776));
#5778=OVER_RIDING_STYLED_ITEM('',(#5777),#5771,#5653);
#5779=CARTESIAN_POINT('',(1.75E0,0.E0,-1.7E0));
#5780=DIRECTION('',(0.E0,0.E0,-1.E0));
#5781=DIRECTION('',(-1.E0,0.E0,0.E0));
#5782=AXIS2_PLACEMENT_3D('',#5779,#5780,#5781);
#5783=PLANE('',#5782);
#5784=ORIENTED_EDGE('',*,*,#5761,.F.);
#5786=ORIENTED_EDGE('',*,*,#5785,.T.);
#5788=ORIENTED_EDGE('',*,*,#5787,.T.);
#5790=ORIENTED_EDGE('',*,*,#5789,.F.);
#5791=EDGE_LOOP('',(#5784,#5786,#5788,#5790));
#5792=FACE_OUTER_BOUND('',#5791,.F.);
#5794=CARTESIAN_POINT('',(1.75E0,0.E0,-1.5E0));
#5795=DIRECTION('',(1.E0,0.E0,0.E0));
#5796=DIRECTION('',(0.E0,0.E0,-1.E0));
#5797=AXIS2_PLACEMENT_3D('',#5794,#5795,#5796);
#5798=PLANE('',#5797);
#5799=ORIENTED_EDGE('',*,*,#5767,.F.);
#5801=ORIENTED_EDGE('',*,*,#5800,.T.);
#5803=ORIENTED_EDGE('',*,*,#5802,.T.);
#5804=ORIENTED_EDGE('',*,*,#5785,.F.);
#5805=EDGE_LOOP('',(#5799,#5801,#5803,#5804));
#5806=FACE_OUTER_BOUND('',#5805,.F.);
#5808=CARTESIAN_POINT('',(1.45E0,0.E0,-1.5E0));
#5809=DIRECTION('',(0.E0,0.E0,1.E0));
#5810=DIRECTION('',(1.E0,0.E0,0.E0));
#5811=AXIS2_PLACEMENT_3D('',#5808,#5809,#5810);
#5812=PLANE('',#5811);
#5813=ORIENTED_EDGE('',*,*,#5765,.F.);
#5815=ORIENTED_EDGE('',*,*,#5814,.T.);
#5817=ORIENTED_EDGE('',*,*,#5816,.T.);
#5818=ORIENTED_EDGE('',*,*,#5800,.F.);
#5819=EDGE_LOOP('',(#5813,#5815,#5817,#5818));
#5820=FACE_OUTER_BOUND('',#5819,.F.);
#5822=CARTESIAN_POINT('',(1.45E0,0.E0,-1.6E0));
#5823=DIRECTION('',(0.E0,1.E0,0.E0));
#5824=DIRECTION('',(1.E0,0.E0,0.E0));
#5825=AXIS2_PLACEMENT_3D('',#5822,#5823,#5824);
#5826=CYLINDRICAL_SURFACE('',#5825,1.E-1);
#5827=ORIENTED_EDGE('',*,*,#5763,.F.);
#5828=ORIENTED_EDGE('',*,*,#5789,.T.);
#5830=ORIENTED_EDGE('',*,*,#5829,.T.);
#5831=ORIENTED_EDGE('',*,*,#5814,.F.);
#5832=EDGE_LOOP('',(#5827,#5828,#5830,#5831));
#5833=FACE_OUTER_BOUND('',#5832,.F.);
#5835=CARTESIAN_POINT('',(0.E0,2.E-1,0.E0));
#5836=DIRECTION('',(0.E0,1.E0,0.E0));
#5837=DIRECTION('',(1.E0,0.E0,0.E0));
#5838=AXIS2_PLACEMENT_3D('',#5835,#5836,#5837);
#5839=PLANE('',#5838);
#5840=ORIENTED_EDGE('',*,*,#5787,.F.);
#5841=ORIENTED_EDGE('',*,*,#5802,.F.);
#5842=ORIENTED_EDGE('',*,*,#5816,.F.);
#5843=ORIENTED_EDGE('',*,*,#5829,.F.);
#5844=EDGE_LOOP('',(#5840,#5841,#5842,#5843));
#5845=FACE_OUTER_BOUND('',#5844,.F.);
#5847=CLOSED_SHELL('',(#5771,#5793,#5807,#5821,#5834,#5846));
#5848=MANIFOLD_SOLID_BREP('',#5847);
#5849=FILL_AREA_STYLE_COLOUR('',#18);
#5850=FILL_AREA_STYLE('',(#5849));
#5851=SURFACE_STYLE_FILL_AREA(#5850);
#5852=SURFACE_SIDE_STYLE('',(#5851));
#5853=SURFACE_STYLE_USAGE(.POSITIVE.,#5852);
#5854=PRESENTATION_STYLE_ASSIGNMENT((#5853));
#5653=STYLED_ITEM('',(#5854),#5848);
#5856=DIRECTION('',(-1.E0,0.E0,0.E0));
#5857=VECTOR('',#5856,3.E-1);
#5858=CARTESIAN_POINT('',(1.75E0,0.E0,-1.3E0));
#5859=LINE('',#5858,#5857);
#5860=CURVE_STYLE('',#32,POSITIVE_LENGTH_MEASURE(2.E-2),#18);
#5861=PRESENTATION_STYLE_ASSIGNMENT((#5860));
#5862=STYLED_ITEM('',(#5861),#5859);
#5863=CARTESIAN_POINT('',(1.45E0,0.E0,-1.2E0));
#5864=DIRECTION('',(0.E0,1.E0,0.E0));
#5865=DIRECTION('',(0.E0,0.E0,-1.E0));
#5866=AXIS2_PLACEMENT_3D('',#5863,#5864,#5865);
#5868=CURVE_STYLE('',#32,POSITIVE_LENGTH_MEASURE(2.E-2),#18);
#5869=PRESENTATION_STYLE_ASSIGNMENT((#5868));
#5870=STYLED_ITEM('',(#5869),#5867);
#5871=DIRECTION('',(1.E0,0.E0,0.E0));
#5872=VECTOR('',#5871,3.E-1);
#5873=CARTESIAN_POINT('',(1.45E0,0.E0,-1.1E0));
#5874=LINE('',#5873,#5872);
#5875=CURVE_STYLE('',#32,POSITIVE_LENGTH_MEASURE(2.E-2),#18);
#5876=PRESENTATION_STYLE_ASSIGNMENT((#5875));
#5877=STYLED_ITEM('',(#5876),#5874);
#5878=DIRECTION('',(0.E0,0.E0,-1.E0));
#5879=VECTOR('',#5878,2.E-1);
#5880=CARTESIAN_POINT('',(1.75E0,0.E0,-1.1E0));
#5881=LINE('',#5880,#5879);
#5882=CURVE_STYLE('',#32,POSITIVE_LENGTH_MEASURE(2.E-2),#18);
#5883=PRESENTATION_STYLE_ASSIGNMENT((#5882));
#5884=STYLED_ITEM('',(#5883),#5881);
#5885=DIRECTION('',(0.E0,1.E0,0.E0));
#5886=VECTOR('',#5885,2.E-1);
#5887=CARTESIAN_POINT('',(1.75E0,0.E0,-1.3E0));
#5888=LINE('',#5887,#5886);
#5889=CURVE_STYLE('',#32,POSITIVE_LENGTH_MEASURE(2.E-2),#18);
#5890=PRESENTATION_STYLE_ASSIGNMENT((#5889));
#5891=STYLED_ITEM('',(#5890),#5888);
#5892=DIRECTION('',(0.E0,1.E0,0.E0));
#5893=VECTOR('',#5892,2.E-1);
#5894=CARTESIAN_POINT('',(1.75E0,0.E0,-1.1E0));
#5895=LINE('',#5894,#5893);
#5896=CURVE_STYLE('',#32,POSITIVE_LENGTH_MEASURE(2.E-2),#18);
#5897=PRESENTATION_STYLE_ASSIGNMENT((#5896));
#5898=STYLED_ITEM('',(#5897),#5895);
#5899=DIRECTION('',(0.E0,1.E0,0.E0));
#5900=VECTOR('',#5899,2.E-1);
#5901=CARTESIAN_POINT('',(1.45E0,0.E0,-1.1E0));
#5902=LINE('',#5901,#5900);
#5903=CURVE_STYLE('',#32,POSITIVE_LENGTH_MEASURE(2.E-2),#18);
#5904=PRESENTATION_STYLE_ASSIGNMENT((#5903));
#5905=STYLED_ITEM('',(#5904),#5902);
#5906=DIRECTION('',(0.E0,1.E0,0.E0));
#5907=VECTOR('',#5906,2.E-1);
#5908=CARTESIAN_POINT('',(1.45E0,0.E0,-1.3E0));
#5909=LINE('',#5908,#5907);
#5910=CURVE_STYLE('',#32,POSITIVE_LENGTH_MEASURE(2.E-2),#18);
#5911=PRESENTATION_STYLE_ASSIGNMENT((#5910));
#5912=STYLED_ITEM('',(#5911),#5909);
#5913=DIRECTION('',(-1.E0,0.E0,0.E0));
#5914=VECTOR('',#5913,3.E-1);
#5915=CARTESIAN_POINT('',(1.75E0,2.E-1,-1.3E0));
#5916=LINE('',#5915,#5914);
#5917=CURVE_STYLE('',#32,POSITIVE_LENGTH_MEASURE(2.E-2),#18);
#5918=PRESENTATION_STYLE_ASSIGNMENT((#5917));
#5919=STYLED_ITEM('',(#5918),#5916);
#5920=DIRECTION('',(0.E0,0.E0,-1.E0));
#5921=VECTOR('',#5920,2.E-1);
#5922=CARTESIAN_POINT('',(1.75E0,2.E-1,-1.1E0));
#5923=LINE('',#5922,#5921);
#5924=CURVE_STYLE('',#32,POSITIVE_LENGTH_MEASURE(2.E-2),#18);
#5925=PRESENTATION_STYLE_ASSIGNMENT((#5924));
#5926=STYLED_ITEM('',(#5925),#5923);
#5927=DIRECTION('',(1.E0,0.E0,0.E0));
#5928=VECTOR('',#5927,3.E-1);
#5929=CARTESIAN_POINT('',(1.45E0,2.E-1,-1.1E0));
#5930=LINE('',#5929,#5928);
#5931=CURVE_STYLE('',#32,POSITIVE_LENGTH_MEASURE(2.E-2),#18);
#5932=PRESENTATION_STYLE_ASSIGNMENT((#5931));
#5933=STYLED_ITEM('',(#5932),#5930);
#5934=CARTESIAN_POINT('',(1.45E0,2.E-1,-1.2E0));
#5935=DIRECTION('',(0.E0,1.E0,0.E0));
#5936=DIRECTION('',(0.E0,0.E0,-1.E0));
#5937=AXIS2_PLACEMENT_3D('',#5934,#5935,#5936);
#5939=CURVE_STYLE('',#32,POSITIVE_LENGTH_MEASURE(2.E-2),#18);
#5940=PRESENTATION_STYLE_ASSIGNMENT((#5939));
#5941=STYLED_ITEM('',(#5940),#5938);
#5942=CARTESIAN_POINT('',(1.75E0,0.E0,-1.3E0));
#5943=CARTESIAN_POINT('',(1.45E0,0.E0,-1.3E0));
#5944=VERTEX_POINT('',#5942);
#5945=VERTEX_POINT('',#5943);
#5946=CARTESIAN_POINT('',(1.45E0,0.E0,-1.1E0));
#5947=VERTEX_POINT('',#5946);
#5948=CARTESIAN_POINT('',(1.75E0,0.E0,-1.1E0));
#5949=VERTEX_POINT('',#5948);
#5950=CARTESIAN_POINT('',(1.75E0,2.E-1,-1.3E0));
#5951=CARTESIAN_POINT('',(1.45E0,2.E-1,-1.3E0));
#5952=VERTEX_POINT('',#5950);
#5953=VERTEX_POINT('',#5951);
#5954=CARTESIAN_POINT('',(1.45E0,2.E-1,-1.1E0));
#5955=VERTEX_POINT('',#5954);
#5956=CARTESIAN_POINT('',(1.75E0,2.E-1,-1.1E0));
#5957=VERTEX_POINT('',#5956);
#5958=CARTESIAN_POINT('',(0.E0,0.E0,0.E0));
#5959=DIRECTION('',(0.E0,1.E0,0.E0));
#5960=DIRECTION('',(1.E0,0.E0,0.E0));
#5961=AXIS2_PLACEMENT_3D('',#5958,#5959,#5960);
#5962=PLANE('',#5961);
#5964=ORIENTED_EDGE('',*,*,#5963,.T.);
#5966=ORIENTED_EDGE('',*,*,#5965,.T.);
#5968=ORIENTED_EDGE('',*,*,#5967,.T.);
#5970=ORIENTED_EDGE('',*,*,#5969,.T.);
#5971=EDGE_LOOP('',(#5964,#5966,#5968,#5970));
#5972=FACE_OUTER_BOUND('',#5971,.F.);
#5974=FILL_AREA_STYLE_COLOUR('',#26);
#5975=FILL_AREA_STYLE('',(#5974));
#5976=SURFACE_STYLE_FILL_AREA(#5975);
#5977=SURFACE_SIDE_STYLE('',(#5976));
#5978=SURFACE_STYLE_USAGE(.POSITIVE.,#5977);
#5979=PRESENTATION_STYLE_ASSIGNMENT((#5978));
#5980=OVER_RIDING_STYLED_ITEM('',(#5979),#5973,#5855);
#5981=CARTESIAN_POINT('',(1.75E0,0.E0,-1.3E0));
#5982=DIRECTION('',(0.E0,0.E0,-1.E0));
#5983=DIRECTION('',(-1.E0,0.E0,0.E0));
#5984=AXIS2_PLACEMENT_3D('',#5981,#5982,#5983);
#5985=PLANE('',#5984);
#5986=ORIENTED_EDGE('',*,*,#5963,.F.);
#5988=ORIENTED_EDGE('',*,*,#5987,.T.);
#5990=ORIENTED_EDGE('',*,*,#5989,.T.);
#5992=ORIENTED_EDGE('',*,*,#5991,.F.);
#5993=EDGE_LOOP('',(#5986,#5988,#5990,#5992));
#5994=FACE_OUTER_BOUND('',#5993,.F.);
#5996=CARTESIAN_POINT('',(1.75E0,0.E0,-1.1E0));
#5997=DIRECTION('',(1.E0,0.E0,0.E0));
#5998=DIRECTION('',(0.E0,0.E0,-1.E0));
#5999=AXIS2_PLACEMENT_3D('',#5996,#5997,#5998);
#6000=PLANE('',#5999);
#6001=ORIENTED_EDGE('',*,*,#5969,.F.);
#6003=ORIENTED_EDGE('',*,*,#6002,.T.);
#6005=ORIENTED_EDGE('',*,*,#6004,.T.);
#6006=ORIENTED_EDGE('',*,*,#5987,.F.);
#6007=EDGE_LOOP('',(#6001,#6003,#6005,#6006));
#6008=FACE_OUTER_BOUND('',#6007,.F.);
#6010=CARTESIAN_POINT('',(1.45E0,0.E0,-1.1E0));
#6011=DIRECTION('',(0.E0,0.E0,1.E0));
#6012=DIRECTION('',(1.E0,0.E0,0.E0));
#6013=AXIS2_PLACEMENT_3D('',#6010,#6011,#6012);
#6014=PLANE('',#6013);
#6015=ORIENTED_EDGE('',*,*,#5967,.F.);
#6017=ORIENTED_EDGE('',*,*,#6016,.T.);
#6019=ORIENTED_EDGE('',*,*,#6018,.T.);
#6020=ORIENTED_EDGE('',*,*,#6002,.F.);
#6021=EDGE_LOOP('',(#6015,#6017,#6019,#6020));
#6022=FACE_OUTER_BOUND('',#6021,.F.);
#6024=CARTESIAN_POINT('',(1.45E0,0.E0,-1.2E0));
#6025=DIRECTION('',(0.E0,1.E0,0.E0));
#6026=DIRECTION('',(1.E0,0.E0,0.E0));
#6027=AXIS2_PLACEMENT_3D('',#6024,#6025,#6026);
#6028=CYLINDRICAL_SURFACE('',#6027,1.E-1);
#6029=ORIENTED_EDGE('',*,*,#5965,.F.);
#6030=ORIENTED_EDGE('',*,*,#5991,.T.);
#6032=ORIENTED_EDGE('',*,*,#6031,.T.);
#6033=ORIENTED_EDGE('',*,*,#6016,.F.);
#6034=EDGE_LOOP('',(#6029,#6030,#6032,#6033));
#6035=FACE_OUTER_BOUND('',#6034,.F.);
#6037=CARTESIAN_POINT('',(0.E0,2.E-1,0.E0));
#6038=DIRECTION('',(0.E0,1.E0,0.E0));
#6039=DIRECTION('',(1.E0,0.E0,0.E0));
#6040=AXIS2_PLACEMENT_3D('',#6037,#6038,#6039);
#6041=PLANE('',#6040);
#6042=ORIENTED_EDGE('',*,*,#5989,.F.);
#6043=ORIENTED_EDGE('',*,*,#6004,.F.);
#6044=ORIENTED_EDGE('',*,*,#6018,.F.);
#6045=ORIENTED_EDGE('',*,*,#6031,.F.);
#6046=EDGE_LOOP('',(#6042,#6043,#6044,#6045));
#6047=FACE_OUTER_BOUND('',#6046,.F.);
#6049=CLOSED_SHELL('',(#5973,#5995,#6009,#6023,#6036,#6048));
#6050=MANIFOLD_SOLID_BREP('',#6049);
#6051=FILL_AREA_STYLE_COLOUR('',#18);
#6052=FILL_AREA_STYLE('',(#6051));
#6053=SURFACE_STYLE_FILL_AREA(#6052);
#6054=SURFACE_SIDE_STYLE('',(#6053));
#6055=SURFACE_STYLE_USAGE(.POSITIVE.,#6054);
#6056=PRESENTATION_STYLE_ASSIGNMENT((#6055));
#5855=STYLED_ITEM('',(#6056),#6050);
#6058=DIRECTION('',(-1.E0,0.E0,0.E0));
#6059=VECTOR('',#6058,3.E-1);
#6060=CARTESIAN_POINT('',(1.75E0,0.E0,-9.E-1));
#6061=LINE('',#6060,#6059);
#6062=CURVE_STYLE('',#32,POSITIVE_LENGTH_MEASURE(2.E-2),#18);
#6063=PRESENTATION_STYLE_ASSIGNMENT((#6062));
#6064=STYLED_ITEM('',(#6063),#6061);
#6065=CARTESIAN_POINT('',(1.45E0,0.E0,-8.E-1));
#6066=DIRECTION('',(0.E0,1.E0,0.E0));
#6067=DIRECTION('',(0.E0,0.E0,-1.E0));
#6068=AXIS2_PLACEMENT_3D('',#6065,#6066,#6067);
#6070=CURVE_STYLE('',#32,POSITIVE_LENGTH_MEASURE(2.E-2),#18);
#6071=PRESENTATION_STYLE_ASSIGNMENT((#6070));
#6072=STYLED_ITEM('',(#6071),#6069);
#6073=DIRECTION('',(1.E0,0.E0,0.E0));
#6074=VECTOR('',#6073,3.E-1);
#6075=CARTESIAN_POINT('',(1.45E0,0.E0,-7.E-1));
#6076=LINE('',#6075,#6074);
#6077=CURVE_STYLE('',#32,POSITIVE_LENGTH_MEASURE(2.E-2),#18);
#6078=PRESENTATION_STYLE_ASSIGNMENT((#6077));
#6079=STYLED_ITEM('',(#6078),#6076);
#6080=DIRECTION('',(0.E0,0.E0,-1.E0));
#6081=VECTOR('',#6080,2.E-1);
#6082=CARTESIAN_POINT('',(1.75E0,0.E0,-7.E-1));
#6083=LINE('',#6082,#6081);
#6084=CURVE_STYLE('',#32,POSITIVE_LENGTH_MEASURE(2.E-2),#18);
#6085=PRESENTATION_STYLE_ASSIGNMENT((#6084));
#6086=STYLED_ITEM('',(#6085),#6083);
#6087=DIRECTION('',(0.E0,1.E0,0.E0));
#6088=VECTOR('',#6087,2.E-1);
#6089=CARTESIAN_POINT('',(1.75E0,0.E0,-9.E-1));
#6090=LINE('',#6089,#6088);
#6091=CURVE_STYLE('',#32,POSITIVE_LENGTH_MEASURE(2.E-2),#18);
#6092=PRESENTATION_STYLE_ASSIGNMENT((#6091));
#6093=STYLED_ITEM('',(#6092),#6090);
#6094=DIRECTION('',(0.E0,1.E0,0.E0));
#6095=VECTOR('',#6094,2.E-1);
#6096=CARTESIAN_POINT('',(1.75E0,0.E0,-7.E-1));
#6097=LINE('',#6096,#6095);
#6098=CURVE_STYLE('',#32,POSITIVE_LENGTH_MEASURE(2.E-2),#18);
#6099=PRESENTATION_STYLE_ASSIGNMENT((#6098));
#6100=STYLED_ITEM('',(#6099),#6097);
#6101=DIRECTION('',(0.E0,1.E0,0.E0));
#6102=VECTOR('',#6101,2.E-1);
#6103=CARTESIAN_POINT('',(1.45E0,0.E0,-7.E-1));
#6104=LINE('',#6103,#6102);
#6105=CURVE_STYLE('',#32,POSITIVE_LENGTH_MEASURE(2.E-2),#18);
#6106=PRESENTATION_STYLE_ASSIGNMENT((#6105));
#6107=STYLED_ITEM('',(#6106),#6104);
#6108=DIRECTION('',(0.E0,1.E0,0.E0));
#6109=VECTOR('',#6108,2.E-1);
#6110=CARTESIAN_POINT('',(1.45E0,0.E0,-9.E-1));
#6111=LINE('',#6110,#6109);
#6112=CURVE_STYLE('',#32,POSITIVE_LENGTH_MEASURE(2.E-2),#18);
#6113=PRESENTATION_STYLE_ASSIGNMENT((#6112));
#6114=STYLED_ITEM('',(#6113),#6111);
#6115=DIRECTION('',(-1.E0,0.E0,0.E0));
#6116=VECTOR('',#6115,3.E-1);
#6117=CARTESIAN_POINT('',(1.75E0,2.E-1,-9.E-1));
#6118=LINE('',#6117,#6116);
#6119=CURVE_STYLE('',#32,POSITIVE_LENGTH_MEASURE(2.E-2),#18);
#6120=PRESENTATION_STYLE_ASSIGNMENT((#6119));
#6121=STYLED_ITEM('',(#6120),#6118);
#6122=DIRECTION('',(0.E0,0.E0,-1.E0));
#6123=VECTOR('',#6122,2.E-1);
#6124=CARTESIAN_POINT('',(1.75E0,2.E-1,-7.E-1));
#6125=LINE('',#6124,#6123);
#6126=CURVE_STYLE('',#32,POSITIVE_LENGTH_MEASURE(2.E-2),#18);
#6127=PRESENTATION_STYLE_ASSIGNMENT((#6126));
#6128=STYLED_ITEM('',(#6127),#6125);
#6129=DIRECTION('',(1.E0,0.E0,0.E0));
#6130=VECTOR('',#6129,3.E-1);
#6131=CARTESIAN_POINT('',(1.45E0,2.E-1,-7.E-1));
#6132=LINE('',#6131,#6130);
#6133=CURVE_STYLE('',#32,POSITIVE_LENGTH_MEASURE(2.E-2),#18);
#6134=PRESENTATION_STYLE_ASSIGNMENT((#6133));
#6135=STYLED_ITEM('',(#6134),#6132);
#6136=CARTESIAN_POINT('',(1.45E0,2.E-1,-8.E-1));
#6137=DIRECTION('',(0.E0,1.E0,0.E0));
#6138=DIRECTION('',(0.E0,0.E0,-1.E0));
#6139=AXIS2_PLACEMENT_3D('',#6136,#6137,#6138);
#6141=CURVE_STYLE('',#32,POSITIVE_LENGTH_MEASURE(2.E-2),#18);
#6142=PRESENTATION_STYLE_ASSIGNMENT((#6141));
#6143=STYLED_ITEM('',(#6142),#6140);
#6144=CARTESIAN_POINT('',(1.75E0,0.E0,-9.E-1));
#6145=CARTESIAN_POINT('',(1.45E0,0.E0,-9.E-1));
#6146=VERTEX_POINT('',#6144);
#6147=VERTEX_POINT('',#6145);
#6148=CARTESIAN_POINT('',(1.45E0,0.E0,-7.E-1));
#6149=VERTEX_POINT('',#6148);
#6150=CARTESIAN_POINT('',(1.75E0,0.E0,-7.E-1));
#6151=VERTEX_POINT('',#6150);
#6152=CARTESIAN_POINT('',(1.75E0,2.E-1,-9.E-1));
#6153=CARTESIAN_POINT('',(1.45E0,2.E-1,-9.E-1));
#6154=VERTEX_POINT('',#6152);
#6155=VERTEX_POINT('',#6153);
#6156=CARTESIAN_POINT('',(1.45E0,2.E-1,-7.E-1));
#6157=VERTEX_POINT('',#6156);
#6158=CARTESIAN_POINT('',(1.75E0,2.E-1,-7.E-1));
#6159=VERTEX_POINT('',#6158);
#6160=CARTESIAN_POINT('',(0.E0,0.E0,0.E0));
#6161=DIRECTION('',(0.E0,1.E0,0.E0));
#6162=DIRECTION('',(1.E0,0.E0,0.E0));
#6163=AXIS2_PLACEMENT_3D('',#6160,#6161,#6162);
#6164=PLANE('',#6163);
#6166=ORIENTED_EDGE('',*,*,#6165,.T.);
#6168=ORIENTED_EDGE('',*,*,#6167,.T.);
#6170=ORIENTED_EDGE('',*,*,#6169,.T.);
#6172=ORIENTED_EDGE('',*,*,#6171,.T.);
#6173=EDGE_LOOP('',(#6166,#6168,#6170,#6172));
#6174=FACE_OUTER_BOUND('',#6173,.F.);
#6176=FILL_AREA_STYLE_COLOUR('',#26);
#6177=FILL_AREA_STYLE('',(#6176));
#6178=SURFACE_STYLE_FILL_AREA(#6177);
#6179=SURFACE_SIDE_STYLE('',(#6178));
#6180=SURFACE_STYLE_USAGE(.POSITIVE.,#6179);
#6181=PRESENTATION_STYLE_ASSIGNMENT((#6180));
#6182=OVER_RIDING_STYLED_ITEM('',(#6181),#6175,#6057);
#6183=CARTESIAN_POINT('',(1.75E0,0.E0,-9.E-1));
#6184=DIRECTION('',(0.E0,0.E0,-1.E0));
#6185=DIRECTION('',(-1.E0,0.E0,0.E0));
#6186=AXIS2_PLACEMENT_3D('',#6183,#6184,#6185);
#6187=PLANE('',#6186);
#6188=ORIENTED_EDGE('',*,*,#6165,.F.);
#6190=ORIENTED_EDGE('',*,*,#6189,.T.);
#6192=ORIENTED_EDGE('',*,*,#6191,.T.);
#6194=ORIENTED_EDGE('',*,*,#6193,.F.);
#6195=EDGE_LOOP('',(#6188,#6190,#6192,#6194));
#6196=FACE_OUTER_BOUND('',#6195,.F.);
#6198=CARTESIAN_POINT('',(1.75E0,0.E0,-7.E-1));
#6199=DIRECTION('',(1.E0,0.E0,0.E0));
#6200=DIRECTION('',(0.E0,0.E0,-1.E0));
#6201=AXIS2_PLACEMENT_3D('',#6198,#6199,#6200);
#6202=PLANE('',#6201);
#6203=ORIENTED_EDGE('',*,*,#6171,.F.);
#6205=ORIENTED_EDGE('',*,*,#6204,.T.);
#6207=ORIENTED_EDGE('',*,*,#6206,.T.);
#6208=ORIENTED_EDGE('',*,*,#6189,.F.);
#6209=EDGE_LOOP('',(#6203,#6205,#6207,#6208));
#6210=FACE_OUTER_BOUND('',#6209,.F.);
#6212=CARTESIAN_POINT('',(1.45E0,0.E0,-7.E-1));
#6213=DIRECTION('',(0.E0,0.E0,1.E0));
#6214=DIRECTION('',(1.E0,0.E0,0.E0));
#6215=AXIS2_PLACEMENT_3D('',#6212,#6213,#6214);
#6216=PLANE('',#6215);
#6217=ORIENTED_EDGE('',*,*,#6169,.F.);
#6219=ORIENTED_EDGE('',*,*,#6218,.T.);
#6221=ORIENTED_EDGE('',*,*,#6220,.T.);
#6222=ORIENTED_EDGE('',*,*,#6204,.F.);
#6223=EDGE_LOOP('',(#6217,#6219,#6221,#6222));
#6224=FACE_OUTER_BOUND('',#6223,.F.);
#6226=CARTESIAN_POINT('',(1.45E0,0.E0,-8.E-1));
#6227=DIRECTION('',(0.E0,1.E0,0.E0));
#6228=DIRECTION('',(1.E0,0.E0,0.E0));
#6229=AXIS2_PLACEMENT_3D('',#6226,#6227,#6228);
#6230=CYLINDRICAL_SURFACE('',#6229,1.E-1);
#6231=ORIENTED_EDGE('',*,*,#6167,.F.);
#6232=ORIENTED_EDGE('',*,*,#6193,.T.);
#6234=ORIENTED_EDGE('',*,*,#6233,.T.);
#6235=ORIENTED_EDGE('',*,*,#6218,.F.);
#6236=EDGE_LOOP('',(#6231,#6232,#6234,#6235));
#6237=FACE_OUTER_BOUND('',#6236,.F.);
#6239=CARTESIAN_POINT('',(0.E0,2.E-1,0.E0));
#6240=DIRECTION('',(0.E0,1.E0,0.E0));
#6241=DIRECTION('',(1.E0,0.E0,0.E0));
#6242=AXIS2_PLACEMENT_3D('',#6239,#6240,#6241);
#6243=PLANE('',#6242);
#6244=ORIENTED_EDGE('',*,*,#6191,.F.);
#6245=ORIENTED_EDGE('',*,*,#6206,.F.);
#6246=ORIENTED_EDGE('',*,*,#6220,.F.);
#6247=ORIENTED_EDGE('',*,*,#6233,.F.);
#6248=EDGE_LOOP('',(#6244,#6245,#6246,#6247));
#6249=FACE_OUTER_BOUND('',#6248,.F.);
#6251=CLOSED_SHELL('',(#6175,#6197,#6211,#6225,#6238,#6250));
#6252=MANIFOLD_SOLID_BREP('',#6251);
#6253=FILL_AREA_STYLE_COLOUR('',#18);
#6254=FILL_AREA_STYLE('',(#6253));
#6255=SURFACE_STYLE_FILL_AREA(#6254);
#6256=SURFACE_SIDE_STYLE('',(#6255));
#6257=SURFACE_STYLE_USAGE(.POSITIVE.,#6256);
#6258=PRESENTATION_STYLE_ASSIGNMENT((#6257));
#6057=STYLED_ITEM('',(#6258),#6252);
#6260=DIRECTION('',(0.E0,1.E0,0.E0));
#6261=VECTOR('',#6260,2.E-1);
#6262=CARTESIAN_POINT('',(1.75E0,0.E0,1.7E0));
#6263=LINE('',#6262,#6261);
#6264=CURVE_STYLE('',#32,POSITIVE_LENGTH_MEASURE(2.E-2),#18);
#6265=PRESENTATION_STYLE_ASSIGNMENT((#6264));
#6266=STYLED_ITEM('',(#6265),#6263);
#6267=DIRECTION('',(0.E0,0.E0,1.E0));
#6268=VECTOR('',#6267,2.E0);
#6269=CARTESIAN_POINT('',(1.35E0,0.E0,-4.E-1));
#6270=LINE('',#6269,#6268);
#6271=CURVE_STYLE('',#32,POSITIVE_LENGTH_MEASURE(2.E-2),#18);
#6272=PRESENTATION_STYLE_ASSIGNMENT((#6271));
#6273=STYLED_ITEM('',(#6272),#6270);
#6274=CARTESIAN_POINT('',(1.45E0,0.E0,1.6E0));
#6275=DIRECTION('',(0.E0,1.E0,0.E0));
#6276=DIRECTION('',(-1.E0,0.E0,0.E0));
#6277=AXIS2_PLACEMENT_3D('',#6274,#6275,#6276);
#6279=CURVE_STYLE('',#32,POSITIVE_LENGTH_MEASURE(2.E-2),#18);
#6280=PRESENTATION_STYLE_ASSIGNMENT((#6279));
#6281=STYLED_ITEM('',(#6280),#6278);
#6282=DIRECTION('',(1.E0,0.E0,0.E0));
#6283=VECTOR('',#6282,3.E-1);
#6284=CARTESIAN_POINT('',(1.45E0,0.E0,1.7E0));
#6285=LINE('',#6284,#6283);
#6286=CURVE_STYLE('',#32,POSITIVE_LENGTH_MEASURE(2.E-2),#18);
#6287=PRESENTATION_STYLE_ASSIGNMENT((#6286));
#6288=STYLED_ITEM('',(#6287),#6285);
#6289=DIRECTION('',(0.E0,0.E0,-1.E0));
#6290=VECTOR('',#6289,2.E-1);
#6291=CARTESIAN_POINT('',(1.75E0,0.E0,1.7E0));
#6292=LINE('',#6291,#6290);
#6293=CURVE_STYLE('',#32,POSITIVE_LENGTH_MEASURE(2.E-2),#18);
#6294=PRESENTATION_STYLE_ASSIGNMENT((#6293));
#6295=STYLED_ITEM('',(#6294),#6292);
#6296=DIRECTION('',(-1.E0,0.E0,0.E0));
#6297=VECTOR('',#6296,1.7E-1);
#6298=CARTESIAN_POINT('',(1.75E0,0.E0,1.5E0));
#6299=LINE('',#6298,#6297);
#6300=CURVE_STYLE('',#32,POSITIVE_LENGTH_MEASURE(2.E-2),#18);
#6301=PRESENTATION_STYLE_ASSIGNMENT((#6300));
#6302=STYLED_ITEM('',(#6301),#6299);
#6303=DIRECTION('',(0.E0,0.E0,-1.E0));
#6304=VECTOR('',#6303,2.E-1);
#6305=CARTESIAN_POINT('',(1.58E0,0.E0,1.5E0));
#6306=LINE('',#6305,#6304);
#6307=CURVE_STYLE('',#32,POSITIVE_LENGTH_MEASURE(2.E-2),#18);
#6308=PRESENTATION_STYLE_ASSIGNMENT((#6307));
#6309=STYLED_ITEM('',(#6308),#6306);
#6310=DIRECTION('',(1.E0,0.E0,0.E0));
#6311=VECTOR('',#6310,1.7E-1);
#6312=CARTESIAN_POINT('',(1.58E0,0.E0,1.3E0));
#6313=LINE('',#6312,#6311);
#6314=CURVE_STYLE('',#32,POSITIVE_LENGTH_MEASURE(2.E-2),#18);
#6315=PRESENTATION_STYLE_ASSIGNMENT((#6314));
#6316=STYLED_ITEM('',(#6315),#6313);
#6317=DIRECTION('',(0.E0,0.E0,-1.E0));
#6318=VECTOR('',#6317,2.E-1);
#6319=CARTESIAN_POINT('',(1.75E0,0.E0,1.3E0));
#6320=LINE('',#6319,#6318);
#6321=CURVE_STYLE('',#32,POSITIVE_LENGTH_MEASURE(2.E-2),#18);
#6322=PRESENTATION_STYLE_ASSIGNMENT((#6321));
#6323=STYLED_ITEM('',(#6322),#6320);
#6324=DIRECTION('',(-1.E0,0.E0,0.E0));
#6325=VECTOR('',#6324,1.7E-1);
#6326=CARTESIAN_POINT('',(1.75E0,0.E0,1.1E0));
#6327=LINE('',#6326,#6325);
#6328=CURVE_STYLE('',#32,POSITIVE_LENGTH_MEASURE(2.E-2),#18);
#6329=PRESENTATION_STYLE_ASSIGNMENT((#6328));
#6330=STYLED_ITEM('',(#6329),#6327);
#6331=DIRECTION('',(0.E0,0.E0,-1.E0));
#6332=VECTOR('',#6331,2.E-1);
#6333=CARTESIAN_POINT('',(1.58E0,0.E0,1.1E0));
#6334=LINE('',#6333,#6332);
#6335=CURVE_STYLE('',#32,POSITIVE_LENGTH_MEASURE(2.E-2),#18);
#6336=PRESENTATION_STYLE_ASSIGNMENT((#6335));
#6337=STYLED_ITEM('',(#6336),#6334);
#6338=DIRECTION('',(1.E0,0.E0,0.E0));
#6339=VECTOR('',#6338,1.7E-1);
#6340=CARTESIAN_POINT('',(1.58E0,0.E0,9.E-1));
#6341=LINE('',#6340,#6339);
#6342=CURVE_STYLE('',#32,POSITIVE_LENGTH_MEASURE(2.E-2),#18);
#6343=PRESENTATION_STYLE_ASSIGNMENT((#6342));
#6344=STYLED_ITEM('',(#6343),#6341);
#6345=DIRECTION('',(0.E0,0.E0,-1.E0));
#6346=VECTOR('',#6345,2.E-1);
#6347=CARTESIAN_POINT('',(1.75E0,0.E0,9.E-1));
#6348=LINE('',#6347,#6346);
#6349=CURVE_STYLE('',#32,POSITIVE_LENGTH_MEASURE(2.E-2),#18);
#6350=PRESENTATION_STYLE_ASSIGNMENT((#6349));
#6351=STYLED_ITEM('',(#6350),#6348);
#6352=DIRECTION('',(-1.E0,0.E0,0.E0));
#6353=VECTOR('',#6352,1.7E-1);
#6354=CARTESIAN_POINT('',(1.75E0,0.E0,7.E-1));
#6355=LINE('',#6354,#6353);
#6356=CURVE_STYLE('',#32,POSITIVE_LENGTH_MEASURE(2.E-2),#18);
#6357=PRESENTATION_STYLE_ASSIGNMENT((#6356));
#6358=STYLED_ITEM('',(#6357),#6355);
#6359=DIRECTION('',(0.E0,0.E0,-1.E0));
#6360=VECTOR('',#6359,2.E-1);
#6361=CARTESIAN_POINT('',(1.58E0,0.E0,7.E-1));
#6362=LINE('',#6361,#6360);
#6363=CURVE_STYLE('',#32,POSITIVE_LENGTH_MEASURE(2.E-2),#18);
#6364=PRESENTATION_STYLE_ASSIGNMENT((#6363));
#6365=STYLED_ITEM('',(#6364),#6362);
#6366=DIRECTION('',(1.E0,0.E0,0.E0));
#6367=VECTOR('',#6366,1.7E-1);
#6368=CARTESIAN_POINT('',(1.58E0,0.E0,5.E-1));
#6369=LINE('',#6368,#6367);
#6370=CURVE_STYLE('',#32,POSITIVE_LENGTH_MEASURE(2.E-2),#18);
#6371=PRESENTATION_STYLE_ASSIGNMENT((#6370));
#6372=STYLED_ITEM('',(#6371),#6369);
#6373=DIRECTION('',(0.E0,0.E0,-1.E0));
#6374=VECTOR('',#6373,2.E-1);
#6375=CARTESIAN_POINT('',(1.75E0,0.E0,5.E-1));
#6376=LINE('',#6375,#6374);
#6377=CURVE_STYLE('',#32,POSITIVE_LENGTH_MEASURE(2.E-2),#18);
#6378=PRESENTATION_STYLE_ASSIGNMENT((#6377));
#6379=STYLED_ITEM('',(#6378),#6376);
#6380=DIRECTION('',(-1.E0,0.E0,0.E0));
#6381=VECTOR('',#6380,1.7E-1);
#6382=CARTESIAN_POINT('',(1.75E0,0.E0,3.E-1));
#6383=LINE('',#6382,#6381);
#6384=CURVE_STYLE('',#32,POSITIVE_LENGTH_MEASURE(2.E-2),#18);
#6385=PRESENTATION_STYLE_ASSIGNMENT((#6384));
#6386=STYLED_ITEM('',(#6385),#6383);
#6387=DIRECTION('',(0.E0,0.E0,-1.E0));
#6388=VECTOR('',#6387,2.E-1);
#6389=CARTESIAN_POINT('',(1.58E0,0.E0,3.E-1));
#6390=LINE('',#6389,#6388);
#6391=CURVE_STYLE('',#32,POSITIVE_LENGTH_MEASURE(2.E-2),#18);
#6392=PRESENTATION_STYLE_ASSIGNMENT((#6391));
#6393=STYLED_ITEM('',(#6392),#6390);
#6394=DIRECTION('',(1.E0,0.E0,0.E0));
#6395=VECTOR('',#6394,1.7E-1);
#6396=CARTESIAN_POINT('',(1.58E0,0.E0,1.E-1));
#6397=LINE('',#6396,#6395);
#6398=CURVE_STYLE('',#32,POSITIVE_LENGTH_MEASURE(2.E-2),#18);
#6399=PRESENTATION_STYLE_ASSIGNMENT((#6398));
#6400=STYLED_ITEM('',(#6399),#6397);
#6401=DIRECTION('',(0.E0,0.E0,-1.E0));
#6402=VECTOR('',#6401,2.E-1);
#6403=CARTESIAN_POINT('',(1.75E0,0.E0,1.E-1));
#6404=LINE('',#6403,#6402);
#6405=CURVE_STYLE('',#32,POSITIVE_LENGTH_MEASURE(2.E-2),#18);
#6406=PRESENTATION_STYLE_ASSIGNMENT((#6405));
#6407=STYLED_ITEM('',(#6406),#6404);
#6408=DIRECTION('',(-1.E0,0.E0,0.E0));
#6409=VECTOR('',#6408,1.7E-1);
#6410=CARTESIAN_POINT('',(1.75E0,0.E0,-1.E-1));
#6411=LINE('',#6410,#6409);
#6412=CURVE_STYLE('',#32,POSITIVE_LENGTH_MEASURE(2.E-2),#18);
#6413=PRESENTATION_STYLE_ASSIGNMENT((#6412));
#6414=STYLED_ITEM('',(#6413),#6411);
#6415=DIRECTION('',(0.E0,0.E0,-1.E0));
#6416=VECTOR('',#6415,2.E-1);
#6417=CARTESIAN_POINT('',(1.58E0,0.E0,-1.E-1));
#6418=LINE('',#6417,#6416);
#6419=CURVE_STYLE('',#32,POSITIVE_LENGTH_MEASURE(2.E-2),#18);
#6420=PRESENTATION_STYLE_ASSIGNMENT((#6419));
#6421=STYLED_ITEM('',(#6420),#6418);
#6422=DIRECTION('',(1.E0,0.E0,0.E0));
#6423=VECTOR('',#6422,1.7E-1);
#6424=CARTESIAN_POINT('',(1.58E0,0.E0,-3.E-1));
#6425=LINE('',#6424,#6423);
#6426=CURVE_STYLE('',#32,POSITIVE_LENGTH_MEASURE(2.E-2),#18);
#6427=PRESENTATION_STYLE_ASSIGNMENT((#6426));
#6428=STYLED_ITEM('',(#6427),#6425);
#6429=DIRECTION('',(0.E0,0.E0,-1.E0));
#6430=VECTOR('',#6429,2.E-1);
#6431=CARTESIAN_POINT('',(1.75E0,0.E0,-3.E-1));
#6432=LINE('',#6431,#6430);
#6433=CURVE_STYLE('',#32,POSITIVE_LENGTH_MEASURE(2.E-2),#18);
#6434=PRESENTATION_STYLE_ASSIGNMENT((#6433));
#6435=STYLED_ITEM('',(#6434),#6432);
#6436=DIRECTION('',(-1.E0,0.E0,0.E0));
#6437=VECTOR('',#6436,3.E-1);
#6438=CARTESIAN_POINT('',(1.75E0,0.E0,-5.E-1));
#6439=LINE('',#6438,#6437);
#6440=CURVE_STYLE('',#32,POSITIVE_LENGTH_MEASURE(2.E-2),#18);
#6441=PRESENTATION_STYLE_ASSIGNMENT((#6440));
#6442=STYLED_ITEM('',(#6441),#6439);
#6443=CARTESIAN_POINT('',(1.45E0,0.E0,-4.E-1));
#6444=DIRECTION('',(0.E0,1.E0,0.E0));
#6445=DIRECTION('',(0.E0,0.E0,-1.E0));
#6446=AXIS2_PLACEMENT_3D('',#6443,#6444,#6445);
#6448=CURVE_STYLE('',#32,POSITIVE_LENGTH_MEASURE(2.E-2),#18);
#6449=PRESENTATION_STYLE_ASSIGNMENT((#6448));
#6450=STYLED_ITEM('',(#6449),#6447);
#6451=DIRECTION('',(0.E0,1.E0,0.E0));
#6452=VECTOR('',#6451,2.E-1);
#6453=CARTESIAN_POINT('',(1.35E0,0.E0,-4.E-1));
#6454=LINE('',#6453,#6452);
#6455=CURVE_STYLE('',#32,POSITIVE_LENGTH_MEASURE(2.E-2),#18);
#6456=PRESENTATION_STYLE_ASSIGNMENT((#6455));
#6457=STYLED_ITEM('',(#6456),#6454);
#6458=DIRECTION('',(0.E0,1.E0,0.E0));
#6459=VECTOR('',#6458,2.E-1);
#6460=CARTESIAN_POINT('',(1.45E0,0.E0,-5.E-1));
#6461=LINE('',#6460,#6459);
#6462=CURVE_STYLE('',#32,POSITIVE_LENGTH_MEASURE(2.E-2),#18);
#6463=PRESENTATION_STYLE_ASSIGNMENT((#6462));
#6464=STYLED_ITEM('',(#6463),#6461);
#6465=DIRECTION('',(0.E0,1.E0,0.E0));
#6466=VECTOR('',#6465,2.E-1);
#6467=CARTESIAN_POINT('',(1.75E0,0.E0,-5.E-1));
#6468=LINE('',#6467,#6466);
#6469=CURVE_STYLE('',#32,POSITIVE_LENGTH_MEASURE(2.E-2),#18);
#6470=PRESENTATION_STYLE_ASSIGNMENT((#6469));
#6471=STYLED_ITEM('',(#6470),#6468);
#6472=DIRECTION('',(0.E0,1.E0,0.E0));
#6473=VECTOR('',#6472,2.E-1);
#6474=CARTESIAN_POINT('',(1.75E0,0.E0,-3.E-1));
#6475=LINE('',#6474,#6473);
#6476=CURVE_STYLE('',#32,POSITIVE_LENGTH_MEASURE(2.E-2),#18);
#6477=PRESENTATION_STYLE_ASSIGNMENT((#6476));
#6478=STYLED_ITEM('',(#6477),#6475);
#6479=DIRECTION('',(0.E0,1.E0,0.E0));
#6480=VECTOR('',#6479,2.E-1);
#6481=CARTESIAN_POINT('',(1.58E0,0.E0,-3.E-1));
#6482=LINE('',#6481,#6480);
#6483=CURVE_STYLE('',#32,POSITIVE_LENGTH_MEASURE(2.E-2),#18);
#6484=PRESENTATION_STYLE_ASSIGNMENT((#6483));
#6485=STYLED_ITEM('',(#6484),#6482);
#6486=DIRECTION('',(0.E0,1.E0,0.E0));
#6487=VECTOR('',#6486,2.E-1);
#6488=CARTESIAN_POINT('',(1.58E0,0.E0,1.5E0));
#6489=LINE('',#6488,#6487);
#6490=CURVE_STYLE('',#32,POSITIVE_LENGTH_MEASURE(2.E-2),#18);
#6491=PRESENTATION_STYLE_ASSIGNMENT((#6490));
#6492=STYLED_ITEM('',(#6491),#6489);
#6493=DIRECTION('',(0.E0,1.E0,0.E0));
#6494=VECTOR('',#6493,2.E-1);
#6495=CARTESIAN_POINT('',(1.75E0,0.E0,1.5E0));
#6496=LINE('',#6495,#6494);
#6497=CURVE_STYLE('',#32,POSITIVE_LENGTH_MEASURE(2.E-2),#18);
#6498=PRESENTATION_STYLE_ASSIGNMENT((#6497));
#6499=STYLED_ITEM('',(#6498),#6496);
#6500=DIRECTION('',(0.E0,0.E0,-1.E0));
#6501=VECTOR('',#6500,2.E-1);
#6502=CARTESIAN_POINT('',(1.58E0,2.E-1,-1.E-1));
#6503=LINE('',#6502,#6501);
#6504=CURVE_STYLE('',#32,POSITIVE_LENGTH_MEASURE(2.E-2),#18);
#6505=PRESENTATION_STYLE_ASSIGNMENT((#6504));
#6506=STYLED_ITEM('',(#6505),#6503);
#6507=DIRECTION('',(-1.E0,0.E0,0.E0));
#6508=VECTOR('',#6507,1.7E-1);
#6509=CARTESIAN_POINT('',(1.75E0,2.E-1,-1.E-1));
#6510=LINE('',#6509,#6508);
#6511=CURVE_STYLE('',#32,POSITIVE_LENGTH_MEASURE(2.E-2),#18);
#6512=PRESENTATION_STYLE_ASSIGNMENT((#6511));
#6513=STYLED_ITEM('',(#6512),#6510);
#6514=DIRECTION('',(0.E0,0.E0,-1.E0));
#6515=VECTOR('',#6514,2.E-1);
#6516=CARTESIAN_POINT('',(1.75E0,2.E-1,1.E-1));
#6517=LINE('',#6516,#6515);
#6518=CURVE_STYLE('',#32,POSITIVE_LENGTH_MEASURE(2.E-2),#18);
#6519=PRESENTATION_STYLE_ASSIGNMENT((#6518));
#6520=STYLED_ITEM('',(#6519),#6517);
#6521=DIRECTION('',(1.E0,0.E0,0.E0));
#6522=VECTOR('',#6521,1.7E-1);
#6523=CARTESIAN_POINT('',(1.58E0,2.E-1,1.E-1));
#6524=LINE('',#6523,#6522);
#6525=CURVE_STYLE('',#32,POSITIVE_LENGTH_MEASURE(2.E-2),#18);
#6526=PRESENTATION_STYLE_ASSIGNMENT((#6525));
#6527=STYLED_ITEM('',(#6526),#6524);
#6528=DIRECTION('',(0.E0,0.E0,-1.E0));
#6529=VECTOR('',#6528,2.E-1);
#6530=CARTESIAN_POINT('',(1.58E0,2.E-1,3.E-1));
#6531=LINE('',#6530,#6529);
#6532=CURVE_STYLE('',#32,POSITIVE_LENGTH_MEASURE(2.E-2),#18);
#6533=PRESENTATION_STYLE_ASSIGNMENT((#6532));
#6534=STYLED_ITEM('',(#6533),#6531);
#6535=DIRECTION('',(-1.E0,0.E0,0.E0));
#6536=VECTOR('',#6535,1.7E-1);
#6537=CARTESIAN_POINT('',(1.75E0,2.E-1,3.E-1));
#6538=LINE('',#6537,#6536);
#6539=CURVE_STYLE('',#32,POSITIVE_LENGTH_MEASURE(2.E-2),#18);
#6540=PRESENTATION_STYLE_ASSIGNMENT((#6539));
#6541=STYLED_ITEM('',(#6540),#6538);
#6542=DIRECTION('',(0.E0,0.E0,-1.E0));
#6543=VECTOR('',#6542,2.E-1);
#6544=CARTESIAN_POINT('',(1.75E0,2.E-1,5.E-1));
#6545=LINE('',#6544,#6543);
#6546=CURVE_STYLE('',#32,POSITIVE_LENGTH_MEASURE(2.E-2),#18);
#6547=PRESENTATION_STYLE_ASSIGNMENT((#6546));
#6548=STYLED_ITEM('',(#6547),#6545);
#6549=DIRECTION('',(1.E0,0.E0,0.E0));
#6550=VECTOR('',#6549,1.7E-1);
#6551=CARTESIAN_POINT('',(1.58E0,2.E-1,5.E-1));
#6552=LINE('',#6551,#6550);
#6553=CURVE_STYLE('',#32,POSITIVE_LENGTH_MEASURE(2.E-2),#18);
#6554=PRESENTATION_STYLE_ASSIGNMENT((#6553));
#6555=STYLED_ITEM('',(#6554),#6552);
#6556=DIRECTION('',(0.E0,0.E0,-1.E0));
#6557=VECTOR('',#6556,2.E-1);
#6558=CARTESIAN_POINT('',(1.58E0,2.E-1,7.E-1));
#6559=LINE('',#6558,#6557);
#6560=CURVE_STYLE('',#32,POSITIVE_LENGTH_MEASURE(2.E-2),#18);
#6561=PRESENTATION_STYLE_ASSIGNMENT((#6560));
#6562=STYLED_ITEM('',(#6561),#6559);
#6563=DIRECTION('',(-1.E0,0.E0,0.E0));
#6564=VECTOR('',#6563,1.7E-1);
#6565=CARTESIAN_POINT('',(1.75E0,2.E-1,7.E-1));
#6566=LINE('',#6565,#6564);
#6567=CURVE_STYLE('',#32,POSITIVE_LENGTH_MEASURE(2.E-2),#18);
#6568=PRESENTATION_STYLE_ASSIGNMENT((#6567));
#6569=STYLED_ITEM('',(#6568),#6566);
#6570=DIRECTION('',(0.E0,0.E0,-1.E0));
#6571=VECTOR('',#6570,2.E-1);
#6572=CARTESIAN_POINT('',(1.75E0,2.E-1,9.E-1));
#6573=LINE('',#6572,#6571);
#6574=CURVE_STYLE('',#32,POSITIVE_LENGTH_MEASURE(2.E-2),#18);
#6575=PRESENTATION_STYLE_ASSIGNMENT((#6574));
#6576=STYLED_ITEM('',(#6575),#6573);
#6577=DIRECTION('',(1.E0,0.E0,0.E0));
#6578=VECTOR('',#6577,1.7E-1);
#6579=CARTESIAN_POINT('',(1.58E0,2.E-1,9.E-1));
#6580=LINE('',#6579,#6578);
#6581=CURVE_STYLE('',#32,POSITIVE_LENGTH_MEASURE(2.E-2),#18);
#6582=PRESENTATION_STYLE_ASSIGNMENT((#6581));
#6583=STYLED_ITEM('',(#6582),#6580);
#6584=DIRECTION('',(0.E0,0.E0,-1.E0));
#6585=VECTOR('',#6584,2.E-1);
#6586=CARTESIAN_POINT('',(1.58E0,2.E-1,1.1E0));
#6587=LINE('',#6586,#6585);
#6588=CURVE_STYLE('',#32,POSITIVE_LENGTH_MEASURE(2.E-2),#18);
#6589=PRESENTATION_STYLE_ASSIGNMENT((#6588));
#6590=STYLED_ITEM('',(#6589),#6587);
#6591=DIRECTION('',(-1.E0,0.E0,0.E0));
#6592=VECTOR('',#6591,1.7E-1);
#6593=CARTESIAN_POINT('',(1.75E0,2.E-1,1.1E0));
#6594=LINE('',#6593,#6592);
#6595=CURVE_STYLE('',#32,POSITIVE_LENGTH_MEASURE(2.E-2),#18);
#6596=PRESENTATION_STYLE_ASSIGNMENT((#6595));
#6597=STYLED_ITEM('',(#6596),#6594);
#6598=DIRECTION('',(0.E0,0.E0,-1.E0));
#6599=VECTOR('',#6598,2.E-1);
#6600=CARTESIAN_POINT('',(1.75E0,2.E-1,1.3E0));
#6601=LINE('',#6600,#6599);
#6602=CURVE_STYLE('',#32,POSITIVE_LENGTH_MEASURE(2.E-2),#18);
#6603=PRESENTATION_STYLE_ASSIGNMENT((#6602));
#6604=STYLED_ITEM('',(#6603),#6601);
#6605=DIRECTION('',(1.E0,0.E0,0.E0));
#6606=VECTOR('',#6605,1.7E-1);
#6607=CARTESIAN_POINT('',(1.58E0,2.E-1,1.3E0));
#6608=LINE('',#6607,#6606);
#6609=CURVE_STYLE('',#32,POSITIVE_LENGTH_MEASURE(2.E-2),#18);
#6610=PRESENTATION_STYLE_ASSIGNMENT((#6609));
#6611=STYLED_ITEM('',(#6610),#6608);
#6612=DIRECTION('',(0.E0,0.E0,-1.E0));
#6613=VECTOR('',#6612,2.E-1);
#6614=CARTESIAN_POINT('',(1.58E0,2.E-1,1.5E0));
#6615=LINE('',#6614,#6613);
#6616=CURVE_STYLE('',#32,POSITIVE_LENGTH_MEASURE(2.E-2),#18);
#6617=PRESENTATION_STYLE_ASSIGNMENT((#6616));
#6618=STYLED_ITEM('',(#6617),#6615);
#6619=DIRECTION('',(-1.E0,0.E0,0.E0));
#6620=VECTOR('',#6619,1.7E-1);
#6621=CARTESIAN_POINT('',(1.75E0,2.E-1,1.5E0));
#6622=LINE('',#6621,#6620);
#6623=CURVE_STYLE('',#32,POSITIVE_LENGTH_MEASURE(2.E-2),#18);
#6624=PRESENTATION_STYLE_ASSIGNMENT((#6623));
#6625=STYLED_ITEM('',(#6624),#6622);
#6626=DIRECTION('',(0.E0,0.E0,-1.E0));
#6627=VECTOR('',#6626,2.E-1);
#6628=CARTESIAN_POINT('',(1.75E0,2.E-1,1.7E0));
#6629=LINE('',#6628,#6627);
#6630=CURVE_STYLE('',#32,POSITIVE_LENGTH_MEASURE(2.E-2),#18);
#6631=PRESENTATION_STYLE_ASSIGNMENT((#6630));
#6632=STYLED_ITEM('',(#6631),#6629);
#6633=DIRECTION('',(1.E0,0.E0,0.E0));
#6634=VECTOR('',#6633,3.E-1);
#6635=CARTESIAN_POINT('',(1.45E0,2.E-1,1.7E0));
#6636=LINE('',#6635,#6634);
#6637=CURVE_STYLE('',#32,POSITIVE_LENGTH_MEASURE(2.E-2),#18);
#6638=PRESENTATION_STYLE_ASSIGNMENT((#6637));
#6639=STYLED_ITEM('',(#6638),#6636);
#6640=CARTESIAN_POINT('',(1.45E0,2.E-1,1.6E0));
#6641=DIRECTION('',(0.E0,1.E0,0.E0));
#6642=DIRECTION('',(-1.E0,0.E0,0.E0));
#6643=AXIS2_PLACEMENT_3D('',#6640,#6641,#6642);
#6645=CURVE_STYLE('',#32,POSITIVE_LENGTH_MEASURE(2.E-2),#18);
#6646=PRESENTATION_STYLE_ASSIGNMENT((#6645));
#6647=STYLED_ITEM('',(#6646),#6644);
#6648=DIRECTION('',(0.E0,0.E0,-1.E0));
#6649=VECTOR('',#6648,2.E0);
#6650=CARTESIAN_POINT('',(1.35E0,2.E-1,1.6E0));
#6651=LINE('',#6650,#6649);
#6652=CURVE_STYLE('',#32,POSITIVE_LENGTH_MEASURE(2.E-2),#18);
#6653=PRESENTATION_STYLE_ASSIGNMENT((#6652));
#6654=STYLED_ITEM('',(#6653),#6651);
#6655=CARTESIAN_POINT('',(1.45E0,2.E-1,-4.E-1));
#6656=DIRECTION('',(0.E0,1.E0,0.E0));
#6657=DIRECTION('',(0.E0,0.E0,-1.E0));
#6658=AXIS2_PLACEMENT_3D('',#6655,#6656,#6657);
#6660=CURVE_STYLE('',#32,POSITIVE_LENGTH_MEASURE(2.E-2),#18);
#6661=PRESENTATION_STYLE_ASSIGNMENT((#6660));
#6662=STYLED_ITEM('',(#6661),#6659);
#6663=DIRECTION('',(-1.E0,0.E0,0.E0));
#6664=VECTOR('',#6663,3.E-1);
#6665=CARTESIAN_POINT('',(1.75E0,2.E-1,-5.E-1));
#6666=LINE('',#6665,#6664);
#6667=CURVE_STYLE('',#32,POSITIVE_LENGTH_MEASURE(2.E-2),#18);
#6668=PRESENTATION_STYLE_ASSIGNMENT((#6667));
#6669=STYLED_ITEM('',(#6668),#6666);
#6670=DIRECTION('',(0.E0,0.E0,-1.E0));
#6671=VECTOR('',#6670,2.E-1);
#6672=CARTESIAN_POINT('',(1.75E0,2.E-1,-3.E-1));
#6673=LINE('',#6672,#6671);
#6674=CURVE_STYLE('',#32,POSITIVE_LENGTH_MEASURE(2.E-2),#18);
#6675=PRESENTATION_STYLE_ASSIGNMENT((#6674));
#6676=STYLED_ITEM('',(#6675),#6673);
#6677=DIRECTION('',(1.E0,0.E0,0.E0));
#6678=VECTOR('',#6677,1.7E-1);
#6679=CARTESIAN_POINT('',(1.58E0,2.E-1,-3.E-1));
#6680=LINE('',#6679,#6678);
#6681=CURVE_STYLE('',#32,POSITIVE_LENGTH_MEASURE(2.E-2),#18);
#6682=PRESENTATION_STYLE_ASSIGNMENT((#6681));
#6683=STYLED_ITEM('',(#6682),#6680);
#6684=DIRECTION('',(0.E0,1.E0,0.E0));
#6685=VECTOR('',#6684,2.E-1);
#6686=CARTESIAN_POINT('',(1.58E0,0.E0,-1.E-1));
#6687=LINE('',#6686,#6685);
#6688=CURVE_STYLE('',#32,POSITIVE_LENGTH_MEASURE(2.E-2),#18);
#6689=PRESENTATION_STYLE_ASSIGNMENT((#6688));
#6690=STYLED_ITEM('',(#6689),#6687);
#6691=DIRECTION('',(0.E0,1.E0,0.E0));
#6692=VECTOR('',#6691,2.E-1);
#6693=CARTESIAN_POINT('',(1.75E0,0.E0,-1.E-1));
#6694=LINE('',#6693,#6692);
#6695=CURVE_STYLE('',#32,POSITIVE_LENGTH_MEASURE(2.E-2),#18);
#6696=PRESENTATION_STYLE_ASSIGNMENT((#6695));
#6697=STYLED_ITEM('',(#6696),#6694);
#6698=DIRECTION('',(0.E0,1.E0,0.E0));
#6699=VECTOR('',#6698,2.E-1);
#6700=CARTESIAN_POINT('',(1.75E0,0.E0,1.E-1));
#6701=LINE('',#6700,#6699);
#6702=CURVE_STYLE('',#32,POSITIVE_LENGTH_MEASURE(2.E-2),#18);
#6703=PRESENTATION_STYLE_ASSIGNMENT((#6702));
#6704=STYLED_ITEM('',(#6703),#6701);
#6705=DIRECTION('',(0.E0,1.E0,0.E0));
#6706=VECTOR('',#6705,2.E-1);
#6707=CARTESIAN_POINT('',(1.58E0,0.E0,1.E-1));
#6708=LINE('',#6707,#6706);
#6709=CURVE_STYLE('',#32,POSITIVE_LENGTH_MEASURE(2.E-2),#18);
#6710=PRESENTATION_STYLE_ASSIGNMENT((#6709));
#6711=STYLED_ITEM('',(#6710),#6708);
#6712=DIRECTION('',(0.E0,1.E0,0.E0));
#6713=VECTOR('',#6712,2.E-1);
#6714=CARTESIAN_POINT('',(1.58E0,0.E0,3.E-1));
#6715=LINE('',#6714,#6713);
#6716=CURVE_STYLE('',#32,POSITIVE_LENGTH_MEASURE(2.E-2),#18);
#6717=PRESENTATION_STYLE_ASSIGNMENT((#6716));
#6718=STYLED_ITEM('',(#6717),#6715);
#6719=DIRECTION('',(0.E0,1.E0,0.E0));
#6720=VECTOR('',#6719,2.E-1);
#6721=CARTESIAN_POINT('',(1.75E0,0.E0,3.E-1));
#6722=LINE('',#6721,#6720);
#6723=CURVE_STYLE('',#32,POSITIVE_LENGTH_MEASURE(2.E-2),#18);
#6724=PRESENTATION_STYLE_ASSIGNMENT((#6723));
#6725=STYLED_ITEM('',(#6724),#6722);
#6726=DIRECTION('',(0.E0,1.E0,0.E0));
#6727=VECTOR('',#6726,2.E-1);
#6728=CARTESIAN_POINT('',(1.75E0,0.E0,5.E-1));
#6729=LINE('',#6728,#6727);
#6730=CURVE_STYLE('',#32,POSITIVE_LENGTH_MEASURE(2.E-2),#18);
#6731=PRESENTATION_STYLE_ASSIGNMENT((#6730));
#6732=STYLED_ITEM('',(#6731),#6729);
#6733=DIRECTION('',(0.E0,1.E0,0.E0));
#6734=VECTOR('',#6733,2.E-1);
#6735=CARTESIAN_POINT('',(1.58E0,0.E0,5.E-1));
#6736=LINE('',#6735,#6734);
#6737=CURVE_STYLE('',#32,POSITIVE_LENGTH_MEASURE(2.E-2),#18);
#6738=PRESENTATION_STYLE_ASSIGNMENT((#6737));
#6739=STYLED_ITEM('',(#6738),#6736);
#6740=DIRECTION('',(0.E0,1.E0,0.E0));
#6741=VECTOR('',#6740,2.E-1);
#6742=CARTESIAN_POINT('',(1.58E0,0.E0,7.E-1));
#6743=LINE('',#6742,#6741);
#6744=CURVE_STYLE('',#32,POSITIVE_LENGTH_MEASURE(2.E-2),#18);
#6745=PRESENTATION_STYLE_ASSIGNMENT((#6744));
#6746=STYLED_ITEM('',(#6745),#6743);
#6747=DIRECTION('',(0.E0,1.E0,0.E0));
#6748=VECTOR('',#6747,2.E-1);
#6749=CARTESIAN_POINT('',(1.75E0,0.E0,7.E-1));
#6750=LINE('',#6749,#6748);
#6751=CURVE_STYLE('',#32,POSITIVE_LENGTH_MEASURE(2.E-2),#18);
#6752=PRESENTATION_STYLE_ASSIGNMENT((#6751));
#6753=STYLED_ITEM('',(#6752),#6750);
#6754=DIRECTION('',(0.E0,1.E0,0.E0));
#6755=VECTOR('',#6754,2.E-1);
#6756=CARTESIAN_POINT('',(1.75E0,0.E0,9.E-1));
#6757=LINE('',#6756,#6755);
#6758=CURVE_STYLE('',#32,POSITIVE_LENGTH_MEASURE(2.E-2),#18);
#6759=PRESENTATION_STYLE_ASSIGNMENT((#6758));
#6760=STYLED_ITEM('',(#6759),#6757);
#6761=DIRECTION('',(0.E0,1.E0,0.E0));
#6762=VECTOR('',#6761,2.E-1);
#6763=CARTESIAN_POINT('',(1.58E0,0.E0,9.E-1));
#6764=LINE('',#6763,#6762);
#6765=CURVE_STYLE('',#32,POSITIVE_LENGTH_MEASURE(2.E-2),#18);
#6766=PRESENTATION_STYLE_ASSIGNMENT((#6765));
#6767=STYLED_ITEM('',(#6766),#6764);
#6768=DIRECTION('',(0.E0,1.E0,0.E0));
#6769=VECTOR('',#6768,2.E-1);
#6770=CARTESIAN_POINT('',(1.58E0,0.E0,1.1E0));
#6771=LINE('',#6770,#6769);
#6772=CURVE_STYLE('',#32,POSITIVE_LENGTH_MEASURE(2.E-2),#18);
#6773=PRESENTATION_STYLE_ASSIGNMENT((#6772));
#6774=STYLED_ITEM('',(#6773),#6771);
#6775=DIRECTION('',(0.E0,1.E0,0.E0));
#6776=VECTOR('',#6775,2.E-1);
#6777=CARTESIAN_POINT('',(1.75E0,0.E0,1.1E0));
#6778=LINE('',#6777,#6776);
#6779=CURVE_STYLE('',#32,POSITIVE_LENGTH_MEASURE(2.E-2),#18);
#6780=PRESENTATION_STYLE_ASSIGNMENT((#6779));
#6781=STYLED_ITEM('',(#6780),#6778);
#6782=DIRECTION('',(0.E0,1.E0,0.E0));
#6783=VECTOR('',#6782,2.E-1);
#6784=CARTESIAN_POINT('',(1.75E0,0.E0,1.3E0));
#6785=LINE('',#6784,#6783);
#6786=CURVE_STYLE('',#32,POSITIVE_LENGTH_MEASURE(2.E-2),#18);
#6787=PRESENTATION_STYLE_ASSIGNMENT((#6786));
#6788=STYLED_ITEM('',(#6787),#6785);
#6789=DIRECTION('',(0.E0,1.E0,0.E0));
#6790=VECTOR('',#6789,2.E-1);
#6791=CARTESIAN_POINT('',(1.58E0,0.E0,1.3E0));
#6792=LINE('',#6791,#6790);
#6793=CURVE_STYLE('',#32,POSITIVE_LENGTH_MEASURE(2.E-2),#18);
#6794=PRESENTATION_STYLE_ASSIGNMENT((#6793));
#6795=STYLED_ITEM('',(#6794),#6792);
#6796=DIRECTION('',(0.E0,1.E0,0.E0));
#6797=VECTOR('',#6796,2.E-1);
#6798=CARTESIAN_POINT('',(1.45E0,0.E0,1.7E0));
#6799=LINE('',#6798,#6797);
#6800=CURVE_STYLE('',#32,POSITIVE_LENGTH_MEASURE(2.E-2),#18);
#6801=PRESENTATION_STYLE_ASSIGNMENT((#6800));
#6802=STYLED_ITEM('',(#6801),#6799);
#6803=DIRECTION('',(0.E0,1.E0,0.E0));
#6804=VECTOR('',#6803,2.E-1);
#6805=CARTESIAN_POINT('',(1.35E0,0.E0,1.6E0));
#6806=LINE('',#6805,#6804);
#6807=CURVE_STYLE('',#32,POSITIVE_LENGTH_MEASURE(2.E-2),#18);
#6808=PRESENTATION_STYLE_ASSIGNMENT((#6807));
#6809=STYLED_ITEM('',(#6808),#6806);
#6810=CARTESIAN_POINT('',(1.75E0,0.E0,-5.E-1));
#6811=CARTESIAN_POINT('',(1.45E0,0.E0,-5.E-1));
#6812=VERTEX_POINT('',#6810);
#6813=VERTEX_POINT('',#6811);
#6814=CARTESIAN_POINT('',(1.75E0,0.E0,-3.E-1));
#6815=VERTEX_POINT('',#6814);
#6816=CARTESIAN_POINT('',(1.75E0,2.E-1,-5.E-1));
#6817=CARTESIAN_POINT('',(1.45E0,2.E-1,-5.E-1));
#6818=VERTEX_POINT('',#6816);
#6819=VERTEX_POINT('',#6817);
#6820=CARTESIAN_POINT('',(1.75E0,2.E-1,-3.E-1));
#6821=VERTEX_POINT('',#6820);
#6822=CARTESIAN_POINT('',(1.75E0,0.E0,1.E-1));
#6823=CARTESIAN_POINT('',(1.75E0,0.E0,-1.E-1));
#6824=VERTEX_POINT('',#6822);
#6825=VERTEX_POINT('',#6823);
#6826=CARTESIAN_POINT('',(1.75E0,2.E-1,1.E-1));
#6827=CARTESIAN_POINT('',(1.75E0,2.E-1,-1.E-1));
#6828=VERTEX_POINT('',#6826);
#6829=VERTEX_POINT('',#6827);
#6830=CARTESIAN_POINT('',(1.75E0,0.E0,5.E-1));
#6831=CARTESIAN_POINT('',(1.75E0,0.E0,3.E-1));
#6832=VERTEX_POINT('',#6830);
#6833=VERTEX_POINT('',#6831);
#6834=CARTESIAN_POINT('',(1.75E0,2.E-1,5.E-1));
#6835=CARTESIAN_POINT('',(1.75E0,2.E-1,3.E-1));
#6836=VERTEX_POINT('',#6834);
#6837=VERTEX_POINT('',#6835);
#6838=CARTESIAN_POINT('',(1.58E0,0.E0,1.5E0));
#6839=CARTESIAN_POINT('',(1.58E0,0.E0,1.3E0));
#6840=VERTEX_POINT('',#6838);
#6841=VERTEX_POINT('',#6839);
#6842=CARTESIAN_POINT('',(1.58E0,0.E0,1.1E0));
#6843=CARTESIAN_POINT('',(1.58E0,0.E0,9.E-1));
#6844=VERTEX_POINT('',#6842);
#6845=VERTEX_POINT('',#6843);
#6846=CARTESIAN_POINT('',(1.58E0,2.E-1,1.5E0));
#6847=CARTESIAN_POINT('',(1.58E0,2.E-1,1.3E0));
#6848=VERTEX_POINT('',#6846);
#6849=VERTEX_POINT('',#6847);
#6850=CARTESIAN_POINT('',(1.58E0,2.E-1,1.1E0));
#6851=CARTESIAN_POINT('',(1.58E0,2.E-1,9.E-1));
#6852=VERTEX_POINT('',#6850);
#6853=VERTEX_POINT('',#6851);
#6854=CARTESIAN_POINT('',(1.75E0,0.E0,9.E-1));
#6855=CARTESIAN_POINT('',(1.75E0,0.E0,7.E-1));
#6856=VERTEX_POINT('',#6854);
#6857=VERTEX_POINT('',#6855);
#6858=CARTESIAN_POINT('',(1.75E0,2.E-1,9.E-1));
#6859=CARTESIAN_POINT('',(1.75E0,2.E-1,7.E-1));
#6860=VERTEX_POINT('',#6858);
#6861=VERTEX_POINT('',#6859);
#6862=CARTESIAN_POINT('',(1.75E0,0.E0,1.3E0));
#6863=CARTESIAN_POINT('',(1.75E0,0.E0,1.1E0));
#6864=VERTEX_POINT('',#6862);
#6865=VERTEX_POINT('',#6863);
#6866=CARTESIAN_POINT('',(1.75E0,2.E-1,1.3E0));
#6867=CARTESIAN_POINT('',(1.75E0,2.E-1,1.1E0));
#6868=VERTEX_POINT('',#6866);
#6869=VERTEX_POINT('',#6867);
#6870=CARTESIAN_POINT('',(1.45E0,0.E0,1.7E0));
#6871=CARTESIAN_POINT('',(1.75E0,0.E0,1.7E0));
#6872=VERTEX_POINT('',#6870);
#6873=VERTEX_POINT('',#6871);
#6874=CARTESIAN_POINT('',(1.75E0,0.E0,1.5E0));
#6875=VERTEX_POINT('',#6874);
#6876=CARTESIAN_POINT('',(1.45E0,2.E-1,1.7E0));
#6877=CARTESIAN_POINT('',(1.75E0,2.E-1,1.7E0));
#6878=VERTEX_POINT('',#6876);
#6879=VERTEX_POINT('',#6877);
#6880=CARTESIAN_POINT('',(1.75E0,2.E-1,1.5E0));
#6881=VERTEX_POINT('',#6880);
#6882=CARTESIAN_POINT('',(1.35E0,0.E0,-4.E-1));
#6883=CARTESIAN_POINT('',(1.35E0,2.E-1,-4.E-1));
#6884=VERTEX_POINT('',#6882);
#6885=VERTEX_POINT('',#6883);
#6886=CARTESIAN_POINT('',(1.58E0,0.E0,5.E-1));
#6887=CARTESIAN_POINT('',(1.58E0,2.E-1,5.E-1));
#6888=VERTEX_POINT('',#6886);
#6889=VERTEX_POINT('',#6887);
#6890=CARTESIAN_POINT('',(1.58E0,0.E0,7.E-1));
#6891=CARTESIAN_POINT('',(1.58E0,2.E-1,7.E-1));
#6892=VERTEX_POINT('',#6890);
#6893=VERTEX_POINT('',#6891);
#6894=CARTESIAN_POINT('',(1.35E0,0.E0,1.6E0));
#6895=CARTESIAN_POINT('',(1.35E0,2.E-1,1.6E0));
#6896=VERTEX_POINT('',#6894);
#6897=VERTEX_POINT('',#6895);
#6898=CARTESIAN_POINT('',(1.58E0,0.E0,-3.E-1));
#6899=CARTESIAN_POINT('',(1.58E0,2.E-1,-3.E-1));
#6900=VERTEX_POINT('',#6898);
#6901=VERTEX_POINT('',#6899);
#6902=CARTESIAN_POINT('',(1.58E0,0.E0,-1.E-1));
#6903=CARTESIAN_POINT('',(1.58E0,2.E-1,-1.E-1));
#6904=VERTEX_POINT('',#6902);
#6905=VERTEX_POINT('',#6903);
#6906=CARTESIAN_POINT('',(1.58E0,0.E0,1.E-1));
#6907=CARTESIAN_POINT('',(1.58E0,2.E-1,1.E-1));
#6908=VERTEX_POINT('',#6906);
#6909=VERTEX_POINT('',#6907);
#6910=CARTESIAN_POINT('',(1.58E0,0.E0,3.E-1));
#6911=CARTESIAN_POINT('',(1.58E0,2.E-1,3.E-1));
#6912=VERTEX_POINT('',#6910);
#6913=VERTEX_POINT('',#6911);
#6914=CARTESIAN_POINT('',(1.75E0,0.E0,1.7E0));
#6915=DIRECTION('',(1.E0,0.E0,0.E0));
#6916=DIRECTION('',(0.E0,0.E0,-1.E0));
#6917=AXIS2_PLACEMENT_3D('',#6914,#6915,#6916);
#6918=PLANE('',#6917);
#6920=ORIENTED_EDGE('',*,*,#6919,.F.);
#6922=ORIENTED_EDGE('',*,*,#6921,.T.);
#6924=ORIENTED_EDGE('',*,*,#6923,.T.);
#6926=ORIENTED_EDGE('',*,*,#6925,.F.);
#6927=EDGE_LOOP('',(#6920,#6922,#6924,#6926));
#6928=FACE_OUTER_BOUND('',#6927,.F.);
#6930=CARTESIAN_POINT('',(0.E0,0.E0,0.E0));
#6931=DIRECTION('',(0.E0,1.E0,0.E0));
#6932=DIRECTION('',(1.E0,0.E0,0.E0));
#6933=AXIS2_PLACEMENT_3D('',#6930,#6931,#6932);
#6934=PLANE('',#6933);
#6936=ORIENTED_EDGE('',*,*,#6935,.T.);
#6938=ORIENTED_EDGE('',*,*,#6937,.T.);
#6940=ORIENTED_EDGE('',*,*,#6939,.T.);
#6941=ORIENTED_EDGE('',*,*,#6919,.T.);
#6943=ORIENTED_EDGE('',*,*,#6942,.T.);
#6945=ORIENTED_EDGE('',*,*,#6944,.T.);
#6947=ORIENTED_EDGE('',*,*,#6946,.T.);
#6949=ORIENTED_EDGE('',*,*,#6948,.T.);
#6951=ORIENTED_EDGE('',*,*,#6950,.T.);
#6953=ORIENTED_EDGE('',*,*,#6952,.T.);
#6955=ORIENTED_EDGE('',*,*,#6954,.T.);
#6957=ORIENTED_EDGE('',*,*,#6956,.T.);
#6959=ORIENTED_EDGE('',*,*,#6958,.T.);
#6961=ORIENTED_EDGE('',*,*,#6960,.T.);
#6963=ORIENTED_EDGE('',*,*,#6962,.T.);
#6965=ORIENTED_EDGE('',*,*,#6964,.T.);
#6967=ORIENTED_EDGE('',*,*,#6966,.T.);
#6969=ORIENTED_EDGE('',*,*,#6968,.T.);
#6971=ORIENTED_EDGE('',*,*,#6970,.T.);
#6973=ORIENTED_EDGE('',*,*,#6972,.T.);
#6975=ORIENTED_EDGE('',*,*,#6974,.T.);
#6977=ORIENTED_EDGE('',*,*,#6976,.T.);
#6979=ORIENTED_EDGE('',*,*,#6978,.T.);
#6981=ORIENTED_EDGE('',*,*,#6980,.T.);
#6983=ORIENTED_EDGE('',*,*,#6982,.T.);
#6985=ORIENTED_EDGE('',*,*,#6984,.T.);
#6986=EDGE_LOOP('',(#6936,#6938,#6940,#6941,#6943,#6945,#6947,#6949,#6951,#6953,
#6955,#6957,#6959,#6961,#6963,#6965,#6967,#6969,#6971,#6973,#6975,#6977,#6979,
#6981,#6983,#6985));
#6987=FACE_OUTER_BOUND('',#6986,.F.);
#6989=FILL_AREA_STYLE_COLOUR('',#26);
#6990=FILL_AREA_STYLE('',(#6989));
#6991=SURFACE_STYLE_FILL_AREA(#6990);
#6992=SURFACE_SIDE_STYLE('',(#6991));
#6993=SURFACE_STYLE_USAGE(.POSITIVE.,#6992);
#6994=PRESENTATION_STYLE_ASSIGNMENT((#6993));
#6995=OVER_RIDING_STYLED_ITEM('',(#6994),#6988,#6259);
#6996=CARTESIAN_POINT('',(1.35E0,0.E0,-4.E-1));
#6997=DIRECTION('',(-1.E0,0.E0,0.E0));
#6998=DIRECTION('',(0.E0,0.E0,1.E0));
#6999=AXIS2_PLACEMENT_3D('',#6996,#6997,#6998);
#7000=PLANE('',#6999);
#7001=ORIENTED_EDGE('',*,*,#6935,.F.);
#7003=ORIENTED_EDGE('',*,*,#7002,.T.);
#7005=ORIENTED_EDGE('',*,*,#7004,.F.);
#7007=ORIENTED_EDGE('',*,*,#7006,.F.);
#7008=EDGE_LOOP('',(#7001,#7003,#7005,#7007));
#7009=FACE_OUTER_BOUND('',#7008,.F.);
#7011=CARTESIAN_POINT('',(1.45E0,0.E0,-4.E-1));
#7012=DIRECTION('',(0.E0,1.E0,0.E0));
#7013=DIRECTION('',(1.E0,0.E0,0.E0));
#7014=AXIS2_PLACEMENT_3D('',#7011,#7012,#7013);
#7015=CYLINDRICAL_SURFACE('',#7014,1.E-1);
#7016=ORIENTED_EDGE('',*,*,#7002,.F.);
#7017=ORIENTED_EDGE('',*,*,#6984,.F.);
#7019=ORIENTED_EDGE('',*,*,#7018,.T.);
#7021=ORIENTED_EDGE('',*,*,#7020,.T.);
#7022=EDGE_LOOP('',(#7016,#7017,#7019,#7021));
#7023=FACE_OUTER_BOUND('',#7022,.F.);
#7025=CARTESIAN_POINT('',(1.75E0,0.E0,-5.E-1));
#7026=DIRECTION('',(0.E0,0.E0,-1.E0));
#7027=DIRECTION('',(-1.E0,0.E0,0.E0));
#7028=AXIS2_PLACEMENT_3D('',#7025,#7026,#7027);
#7029=PLANE('',#7028);
#7030=ORIENTED_EDGE('',*,*,#6982,.F.);
#7032=ORIENTED_EDGE('',*,*,#7031,.T.);
#7034=ORIENTED_EDGE('',*,*,#7033,.T.);
#7035=ORIENTED_EDGE('',*,*,#7018,.F.);
#7036=EDGE_LOOP('',(#7030,#7032,#7034,#7035));
#7037=FACE_OUTER_BOUND('',#7036,.F.);
#7039=CARTESIAN_POINT('',(1.75E0,0.E0,-3.E-1));
#7040=DIRECTION('',(1.E0,0.E0,0.E0));
#7041=DIRECTION('',(0.E0,0.E0,-1.E0));
#7042=AXIS2_PLACEMENT_3D('',#7039,#7040,#7041);
#7043=PLANE('',#7042);
#7044=ORIENTED_EDGE('',*,*,#6980,.F.);
#7046=ORIENTED_EDGE('',*,*,#7045,.T.);
#7048=ORIENTED_EDGE('',*,*,#7047,.T.);
#7049=ORIENTED_EDGE('',*,*,#7031,.F.);
#7050=EDGE_LOOP('',(#7044,#7046,#7048,#7049));
#7051=FACE_OUTER_BOUND('',#7050,.F.);
#7053=CARTESIAN_POINT('',(1.45E0,0.E0,-3.E-1));
#7054=DIRECTION('',(0.E0,0.E0,1.E0));
#7055=DIRECTION('',(1.E0,0.E0,0.E0));
#7056=AXIS2_PLACEMENT_3D('',#7053,#7054,#7055);
#7057=PLANE('',#7056);
#7059=ORIENTED_EDGE('',*,*,#7058,.T.);
#7061=ORIENTED_EDGE('',*,*,#7060,.T.);
#7062=ORIENTED_EDGE('',*,*,#7045,.F.);
#7063=ORIENTED_EDGE('',*,*,#6978,.F.);
#7064=EDGE_LOOP('',(#7059,#7061,#7062,#7063));
#7065=FACE_OUTER_BOUND('',#7064,.F.);
#7067=CARTESIAN_POINT('',(1.58E0,0.E0,1.6E0));
#7068=DIRECTION('',(1.E0,0.E0,0.E0));
#7069=DIRECTION('',(0.E0,0.E0,-1.E0));
#7070=AXIS2_PLACEMENT_3D('',#7067,#7068,#7069);
#7071=PLANE('',#7070);
#7072=ORIENTED_EDGE('',*,*,#6944,.F.);
#7074=ORIENTED_EDGE('',*,*,#7073,.T.);
#7076=ORIENTED_EDGE('',*,*,#7075,.T.);
#7078=ORIENTED_EDGE('',*,*,#7077,.F.);
#7079=EDGE_LOOP('',(#7072,#7074,#7076,#7078));
#7080=FACE_OUTER_BOUND('',#7079,.F.);
#7082=CARTESIAN_POINT('',(1.58E0,0.E0,1.6E0));
#7083=DIRECTION('',(1.E0,0.E0,0.E0));
#7084=DIRECTION('',(0.E0,0.E0,-1.E0));
#7085=AXIS2_PLACEMENT_3D('',#7082,#7083,#7084);
#7086=PLANE('',#7085);
#7087=ORIENTED_EDGE('',*,*,#6952,.F.);
#7089=ORIENTED_EDGE('',*,*,#7088,.T.);
#7091=ORIENTED_EDGE('',*,*,#7090,.T.);
#7093=ORIENTED_EDGE('',*,*,#7092,.F.);
#7094=EDGE_LOOP('',(#7087,#7089,#7091,#7093));
#7095=FACE_OUTER_BOUND('',#7094,.F.);
#7097=CARTESIAN_POINT('',(1.58E0,0.E0,1.6E0));
#7098=DIRECTION('',(1.E0,0.E0,0.E0));
#7099=DIRECTION('',(0.E0,0.E0,-1.E0));
#7100=AXIS2_PLACEMENT_3D('',#7097,#7098,#7099);
#7101=PLANE('',#7100);
#7103=ORIENTED_EDGE('',*,*,#7102,.F.);
#7104=ORIENTED_EDGE('',*,*,#6960,.F.);
#7106=ORIENTED_EDGE('',*,*,#7105,.T.);
#7108=ORIENTED_EDGE('',*,*,#7107,.T.);
#7109=EDGE_LOOP('',(#7103,#7104,#7106,#7108));
#7110=FACE_OUTER_BOUND('',#7109,.F.);
#7112=CARTESIAN_POINT('',(1.58E0,0.E0,1.6E0));
#7113=DIRECTION('',(1.E0,0.E0,0.E0));
#7114=DIRECTION('',(0.E0,0.E0,-1.E0));
#7115=AXIS2_PLACEMENT_3D('',#7112,#7113,#7114);
#7116=PLANE('',#7115);
#7117=ORIENTED_EDGE('',*,*,#7058,.F.);
#7118=ORIENTED_EDGE('',*,*,#6976,.F.);
#7120=ORIENTED_EDGE('',*,*,#7119,.T.);
#7122=ORIENTED_EDGE('',*,*,#7121,.T.);
#7123=EDGE_LOOP('',(#7117,#7118,#7120,#7122));
#7124=FACE_OUTER_BOUND('',#7123,.F.);
#7126=CARTESIAN_POINT('',(1.58E0,0.E0,1.6E0));
#7127=DIRECTION('',(1.E0,0.E0,0.E0));
#7128=DIRECTION('',(0.E0,0.E0,-1.E0));
#7129=AXIS2_PLACEMENT_3D('',#7126,#7127,#7128);
#7130=PLANE('',#7129);
#7132=ORIENTED_EDGE('',*,*,#7131,.F.);
#7133=ORIENTED_EDGE('',*,*,#6968,.F.);
#7135=ORIENTED_EDGE('',*,*,#7134,.T.);
#7137=ORIENTED_EDGE('',*,*,#7136,.T.);
#7138=EDGE_LOOP('',(#7132,#7133,#7135,#7137));
#7139=FACE_OUTER_BOUND('',#7138,.F.);
#7141=CARTESIAN_POINT('',(1.75E0,0.E0,1.5E0));
#7142=DIRECTION('',(0.E0,0.E0,-1.E0));
#7143=DIRECTION('',(-1.E0,0.E0,0.E0));
#7144=AXIS2_PLACEMENT_3D('',#7141,#7142,#7143);
#7145=PLANE('',#7144);
#7146=ORIENTED_EDGE('',*,*,#7073,.F.);
#7147=ORIENTED_EDGE('',*,*,#6942,.F.);
#7148=ORIENTED_EDGE('',*,*,#6925,.T.);
#7150=ORIENTED_EDGE('',*,*,#7149,.T.);
#7151=EDGE_LOOP('',(#7146,#7147,#7148,#7150));
#7152=FACE_OUTER_BOUND('',#7151,.F.);
#7154=CARTESIAN_POINT('',(0.E0,2.E-1,0.E0));
#7155=DIRECTION('',(0.E0,1.E0,0.E0));
#7156=DIRECTION('',(1.E0,0.E0,0.E0));
#7157=AXIS2_PLACEMENT_3D('',#7154,#7155,#7156);
#7158=PLANE('',#7157);
#7159=ORIENTED_EDGE('',*,*,#7121,.F.);
#7161=ORIENTED_EDGE('',*,*,#7160,.F.);
#7163=ORIENTED_EDGE('',*,*,#7162,.F.);
#7165=ORIENTED_EDGE('',*,*,#7164,.F.);
#7166=ORIENTED_EDGE('',*,*,#7136,.F.);
#7168=ORIENTED_EDGE('',*,*,#7167,.F.);
#7170=ORIENTED_EDGE('',*,*,#7169,.F.);
#7172=ORIENTED_EDGE('',*,*,#7171,.F.);
#7173=ORIENTED_EDGE('',*,*,#7107,.F.);
#7175=ORIENTED_EDGE('',*,*,#7174,.F.);
#7177=ORIENTED_EDGE('',*,*,#7176,.F.);
#7179=ORIENTED_EDGE('',*,*,#7178,.F.);
#7180=ORIENTED_EDGE('',*,*,#7090,.F.);
#7182=ORIENTED_EDGE('',*,*,#7181,.F.);
#7184=ORIENTED_EDGE('',*,*,#7183,.F.);
#7186=ORIENTED_EDGE('',*,*,#7185,.F.);
#7187=ORIENTED_EDGE('',*,*,#7075,.F.);
#7188=ORIENTED_EDGE('',*,*,#7149,.F.);
#7189=ORIENTED_EDGE('',*,*,#6923,.F.);
#7191=ORIENTED_EDGE('',*,*,#7190,.F.);
#7193=ORIENTED_EDGE('',*,*,#7192,.F.);
#7194=ORIENTED_EDGE('',*,*,#7004,.T.);
#7195=ORIENTED_EDGE('',*,*,#7020,.F.);
#7196=ORIENTED_EDGE('',*,*,#7033,.F.);
#7197=ORIENTED_EDGE('',*,*,#7047,.F.);
#7198=ORIENTED_EDGE('',*,*,#7060,.F.);
#7199=EDGE_LOOP('',(#7159,#7161,#7163,#7165,#7166,#7168,#7170,#7172,#7173,#7175,
#7177,#7179,#7180,#7182,#7184,#7186,#7187,#7188,#7189,#7191,#7193,#7194,#7195,
#7196,#7197,#7198));
#7200=FACE_OUTER_BOUND('',#7199,.F.);
#7202=CARTESIAN_POINT('',(1.75E0,0.E0,-1.E-1));
#7203=DIRECTION('',(0.E0,0.E0,-1.E0));
#7204=DIRECTION('',(-1.E0,0.E0,0.E0));
#7205=AXIS2_PLACEMENT_3D('',#7202,#7203,#7204);
#7206=PLANE('',#7205);
#7207=ORIENTED_EDGE('',*,*,#7119,.F.);
#7208=ORIENTED_EDGE('',*,*,#6974,.F.);
#7210=ORIENTED_EDGE('',*,*,#7209,.T.);
#7211=ORIENTED_EDGE('',*,*,#7160,.T.);
#7212=EDGE_LOOP('',(#7207,#7208,#7210,#7211));
#7213=FACE_OUTER_BOUND('',#7212,.F.);
#7215=CARTESIAN_POINT('',(1.75E0,0.E0,1.E-1));
#7216=DIRECTION('',(1.E0,0.E0,0.E0));
#7217=DIRECTION('',(0.E0,0.E0,-1.E0));
#7218=AXIS2_PLACEMENT_3D('',#7215,#7216,#7217);
#7219=PLANE('',#7218);
#7220=ORIENTED_EDGE('',*,*,#6972,.F.);
#7222=ORIENTED_EDGE('',*,*,#7221,.T.);
#7223=ORIENTED_EDGE('',*,*,#7162,.T.);
#7224=ORIENTED_EDGE('',*,*,#7209,.F.);
#7225=EDGE_LOOP('',(#7220,#7222,#7223,#7224));
#7226=FACE_OUTER_BOUND('',#7225,.F.);
#7228=CARTESIAN_POINT('',(1.45E0,0.E0,1.E-1));
#7229=DIRECTION('',(0.E0,0.E0,1.E0));
#7230=DIRECTION('',(1.E0,0.E0,0.E0));
#7231=AXIS2_PLACEMENT_3D('',#7228,#7229,#7230);
#7232=PLANE('',#7231);
#7233=ORIENTED_EDGE('',*,*,#7131,.T.);
#7234=ORIENTED_EDGE('',*,*,#7164,.T.);
#7235=ORIENTED_EDGE('',*,*,#7221,.F.);
#7236=ORIENTED_EDGE('',*,*,#6970,.F.);
#7237=EDGE_LOOP('',(#7233,#7234,#7235,#7236));
#7238=FACE_OUTER_BOUND('',#7237,.F.);
#7240=CARTESIAN_POINT('',(1.75E0,0.E0,3.E-1));
#7241=DIRECTION('',(0.E0,0.E0,-1.E0));
#7242=DIRECTION('',(-1.E0,0.E0,0.E0));
#7243=AXIS2_PLACEMENT_3D('',#7240,#7241,#7242);
#7244=PLANE('',#7243);
#7245=ORIENTED_EDGE('',*,*,#7134,.F.);
#7246=ORIENTED_EDGE('',*,*,#6966,.F.);
#7248=ORIENTED_EDGE('',*,*,#7247,.T.);
#7249=ORIENTED_EDGE('',*,*,#7167,.T.);
#7250=EDGE_LOOP('',(#7245,#7246,#7248,#7249));
#7251=FACE_OUTER_BOUND('',#7250,.F.);
#7253=CARTESIAN_POINT('',(1.75E0,0.E0,5.E-1));
#7254=DIRECTION('',(1.E0,0.E0,0.E0));
#7255=DIRECTION('',(0.E0,0.E0,-1.E0));
#7256=AXIS2_PLACEMENT_3D('',#7253,#7254,#7255);
#7257=PLANE('',#7256);
#7258=ORIENTED_EDGE('',*,*,#6964,.F.);
#7260=ORIENTED_EDGE('',*,*,#7259,.T.);
#7261=ORIENTED_EDGE('',*,*,#7169,.T.);
#7262=ORIENTED_EDGE('',*,*,#7247,.F.);
#7263=EDGE_LOOP('',(#7258,#7260,#7261,#7262));
#7264=FACE_OUTER_BOUND('',#7263,.F.);
#7266=CARTESIAN_POINT('',(1.45E0,0.E0,5.E-1));
#7267=DIRECTION('',(0.E0,0.E0,1.E0));
#7268=DIRECTION('',(1.E0,0.E0,0.E0));
#7269=AXIS2_PLACEMENT_3D('',#7266,#7267,#7268);
#7270=PLANE('',#7269);
#7271=ORIENTED_EDGE('',*,*,#7102,.T.);
#7272=ORIENTED_EDGE('',*,*,#7171,.T.);
#7273=ORIENTED_EDGE('',*,*,#7259,.F.);
#7274=ORIENTED_EDGE('',*,*,#6962,.F.);
#7275=EDGE_LOOP('',(#7271,#7272,#7273,#7274));
#7276=FACE_OUTER_BOUND('',#7275,.F.);
#7278=CARTESIAN_POINT('',(1.75E0,0.E0,7.E-1));
#7279=DIRECTION('',(0.E0,0.E0,-1.E0));
#7280=DIRECTION('',(-1.E0,0.E0,0.E0));
#7281=AXIS2_PLACEMENT_3D('',#7278,#7279,#7280);
#7282=PLANE('',#7281);
#7283=ORIENTED_EDGE('',*,*,#7105,.F.);
#7284=ORIENTED_EDGE('',*,*,#6958,.F.);
#7286=ORIENTED_EDGE('',*,*,#7285,.T.);
#7287=ORIENTED_EDGE('',*,*,#7174,.T.);
#7288=EDGE_LOOP('',(#7283,#7284,#7286,#7287));
#7289=FACE_OUTER_BOUND('',#7288,.F.);
#7291=CARTESIAN_POINT('',(1.75E0,0.E0,9.E-1));
#7292=DIRECTION('',(1.E0,0.E0,0.E0));
#7293=DIRECTION('',(0.E0,0.E0,-1.E0));
#7294=AXIS2_PLACEMENT_3D('',#7291,#7292,#7293);
#7295=PLANE('',#7294);
#7296=ORIENTED_EDGE('',*,*,#6956,.F.);
#7298=ORIENTED_EDGE('',*,*,#7297,.T.);
#7299=ORIENTED_EDGE('',*,*,#7176,.T.);
#7300=ORIENTED_EDGE('',*,*,#7285,.F.);
#7301=EDGE_LOOP('',(#7296,#7298,#7299,#7300));
#7302=FACE_OUTER_BOUND('',#7301,.F.);
#7304=CARTESIAN_POINT('',(1.45E0,0.E0,9.E-1));
#7305=DIRECTION('',(0.E0,0.E0,1.E0));
#7306=DIRECTION('',(1.E0,0.E0,0.E0));
#7307=AXIS2_PLACEMENT_3D('',#7304,#7305,#7306);
#7308=PLANE('',#7307);
#7309=ORIENTED_EDGE('',*,*,#7092,.T.);
#7310=ORIENTED_EDGE('',*,*,#7178,.T.);
#7311=ORIENTED_EDGE('',*,*,#7297,.F.);
#7312=ORIENTED_EDGE('',*,*,#6954,.F.);
#7313=EDGE_LOOP('',(#7309,#7310,#7311,#7312));
#7314=FACE_OUTER_BOUND('',#7313,.F.);
#7316=CARTESIAN_POINT('',(1.75E0,0.E0,1.1E0));
#7317=DIRECTION('',(0.E0,0.E0,-1.E0));
#7318=DIRECTION('',(-1.E0,0.E0,0.E0));
#7319=AXIS2_PLACEMENT_3D('',#7316,#7317,#7318);
#7320=PLANE('',#7319);
#7321=ORIENTED_EDGE('',*,*,#7088,.F.);
#7322=ORIENTED_EDGE('',*,*,#6950,.F.);
#7324=ORIENTED_EDGE('',*,*,#7323,.T.);
#7325=ORIENTED_EDGE('',*,*,#7181,.T.);
#7326=EDGE_LOOP('',(#7321,#7322,#7324,#7325));
#7327=FACE_OUTER_BOUND('',#7326,.F.);
#7329=CARTESIAN_POINT('',(1.75E0,0.E0,1.3E0));
#7330=DIRECTION('',(1.E0,0.E0,0.E0));
#7331=DIRECTION('',(0.E0,0.E0,-1.E0));
#7332=AXIS2_PLACEMENT_3D('',#7329,#7330,#7331);
#7333=PLANE('',#7332);
#7334=ORIENTED_EDGE('',*,*,#6948,.F.);
#7336=ORIENTED_EDGE('',*,*,#7335,.T.);
#7337=ORIENTED_EDGE('',*,*,#7183,.T.);
#7338=ORIENTED_EDGE('',*,*,#7323,.F.);
#7339=EDGE_LOOP('',(#7334,#7336,#7337,#7338));
#7340=FACE_OUTER_BOUND('',#7339,.F.);
#7342=CARTESIAN_POINT('',(1.45E0,0.E0,1.3E0));
#7343=DIRECTION('',(0.E0,0.E0,1.E0));
#7344=DIRECTION('',(1.E0,0.E0,0.E0));
#7345=AXIS2_PLACEMENT_3D('',#7342,#7343,#7344);
#7346=PLANE('',#7345);
#7347=ORIENTED_EDGE('',*,*,#7077,.T.);
#7348=ORIENTED_EDGE('',*,*,#7185,.T.);
#7349=ORIENTED_EDGE('',*,*,#7335,.F.);
#7350=ORIENTED_EDGE('',*,*,#6946,.F.);
#7351=EDGE_LOOP('',(#7347,#7348,#7349,#7350));
#7352=FACE_OUTER_BOUND('',#7351,.F.);
#7354=CARTESIAN_POINT('',(1.45E0,0.E0,1.7E0));
#7355=DIRECTION('',(0.E0,0.E0,1.E0));
#7356=DIRECTION('',(1.E0,0.E0,0.E0));
#7357=AXIS2_PLACEMENT_3D('',#7354,#7355,#7356);
#7358=PLANE('',#7357);
#7359=ORIENTED_EDGE('',*,*,#6939,.F.);
#7361=ORIENTED_EDGE('',*,*,#7360,.T.);
#7362=ORIENTED_EDGE('',*,*,#7190,.T.);
#7363=ORIENTED_EDGE('',*,*,#6921,.F.);
#7364=EDGE_LOOP('',(#7359,#7361,#7362,#7363));
#7365=FACE_OUTER_BOUND('',#7364,.F.);
#7367=CARTESIAN_POINT('',(1.45E0,0.E0,1.6E0));
#7368=DIRECTION('',(0.E0,1.E0,0.E0));
#7369=DIRECTION('',(1.E0,0.E0,0.E0));
#7370=AXIS2_PLACEMENT_3D('',#7367,#7368,#7369);
#7371=CYLINDRICAL_SURFACE('',#7370,1.E-1);
#7372=ORIENTED_EDGE('',*,*,#7006,.T.);
#7373=ORIENTED_EDGE('',*,*,#7192,.T.);
#7374=ORIENTED_EDGE('',*,*,#7360,.F.);
#7375=ORIENTED_EDGE('',*,*,#6937,.F.);
#7376=EDGE_LOOP('',(#7372,#7373,#7374,#7375));
#7377=FACE_OUTER_BOUND('',#7376,.F.);
#7379=CLOSED_SHELL('',(#6929,#6988,#7010,#7024,#7038,#7052,#7066,#7081,#7096,
#7111,#7125,#7140,#7153,#7201,#7214,#7227,#7239,#7252,#7265,#7277,#7290,#7303,
#7315,#7328,#7341,#7353,#7366,#7378));
#7380=MANIFOLD_SOLID_BREP('',#7379);
#7381=FILL_AREA_STYLE_COLOUR('',#18);
#7382=FILL_AREA_STYLE('',(#7381));
#7383=SURFACE_STYLE_FILL_AREA(#7382);
#7384=SURFACE_SIDE_STYLE('',(#7383));
#7385=SURFACE_STYLE_USAGE(.POSITIVE.,#7384);
#7386=PRESENTATION_STYLE_ASSIGNMENT((#7385));
#6259=STYLED_ITEM('',(#7386),#7380);
#7388=DIRECTION('',(1.E0,0.E0,0.E0));
#7389=VECTOR('',#7388,3.E-1);
#7390=CARTESIAN_POINT('',(-1.75E0,0.E0,-1.7E0));
#7391=LINE('',#7390,#7389);
#7392=CURVE_STYLE('',#32,POSITIVE_LENGTH_MEASURE(2.E-2),#18);
#7393=PRESENTATION_STYLE_ASSIGNMENT((#7392));
#7394=STYLED_ITEM('',(#7393),#7391);
#7395=DIRECTION('',(0.E0,0.E0,-1.E0));
#7396=VECTOR('',#7395,2.E-1);
#7397=CARTESIAN_POINT('',(-1.75E0,0.E0,-1.5E0));
#7398=LINE('',#7397,#7396);
#7399=CURVE_STYLE('',#32,POSITIVE_LENGTH_MEASURE(2.E-2),#18);
#7400=PRESENTATION_STYLE_ASSIGNMENT((#7399));
#7401=STYLED_ITEM('',(#7400),#7398);
#7402=DIRECTION('',(-1.E0,0.E0,0.E0));
#7403=VECTOR('',#7402,3.E-1);
#7404=CARTESIAN_POINT('',(-1.45E0,0.E0,-1.5E0));
#7405=LINE('',#7404,#7403);
#7406=CURVE_STYLE('',#32,POSITIVE_LENGTH_MEASURE(2.E-2),#18);
#7407=PRESENTATION_STYLE_ASSIGNMENT((#7406));
#7408=STYLED_ITEM('',(#7407),#7405);
#7409=CARTESIAN_POINT('',(-1.45E0,0.E0,-1.6E0));
#7410=DIRECTION('',(0.E0,-1.E0,0.E0));
#7411=DIRECTION('',(0.E0,0.E0,-1.E0));
#7412=AXIS2_PLACEMENT_3D('',#7409,#7410,#7411);
#7414=CURVE_STYLE('',#32,POSITIVE_LENGTH_MEASURE(2.E-2),#18);
#7415=PRESENTATION_STYLE_ASSIGNMENT((#7414));
#7416=STYLED_ITEM('',(#7415),#7413);
#7417=DIRECTION('',(0.E0,1.E0,0.E0));
#7418=VECTOR('',#7417,2.E-1);
#7419=CARTESIAN_POINT('',(-1.75E0,0.E0,-1.7E0));
#7420=LINE('',#7419,#7418);
#7421=CURVE_STYLE('',#32,POSITIVE_LENGTH_MEASURE(2.E-2),#18);
#7422=PRESENTATION_STYLE_ASSIGNMENT((#7421));
#7423=STYLED_ITEM('',(#7422),#7420);
#7424=DIRECTION('',(0.E0,1.E0,0.E0));
#7425=VECTOR('',#7424,2.E-1);
#7426=CARTESIAN_POINT('',(-1.45E0,0.E0,-1.7E0));
#7427=LINE('',#7426,#7425);
#7428=CURVE_STYLE('',#32,POSITIVE_LENGTH_MEASURE(2.E-2),#18);
#7429=PRESENTATION_STYLE_ASSIGNMENT((#7428));
#7430=STYLED_ITEM('',(#7429),#7427);
#7431=DIRECTION('',(0.E0,1.E0,0.E0));
#7432=VECTOR('',#7431,2.E-1);
#7433=CARTESIAN_POINT('',(-1.45E0,0.E0,-1.5E0));
#7434=LINE('',#7433,#7432);
#7435=CURVE_STYLE('',#32,POSITIVE_LENGTH_MEASURE(2.E-2),#18);
#7436=PRESENTATION_STYLE_ASSIGNMENT((#7435));
#7437=STYLED_ITEM('',(#7436),#7434);
#7438=DIRECTION('',(0.E0,1.E0,0.E0));
#7439=VECTOR('',#7438,2.E-1);
#7440=CARTESIAN_POINT('',(-1.75E0,0.E0,-1.5E0));
#7441=LINE('',#7440,#7439);
#7442=CURVE_STYLE('',#32,POSITIVE_LENGTH_MEASURE(2.E-2),#18);
#7443=PRESENTATION_STYLE_ASSIGNMENT((#7442));
#7444=STYLED_ITEM('',(#7443),#7441);
#7445=DIRECTION('',(1.E0,0.E0,0.E0));
#7446=VECTOR('',#7445,3.E-1);
#7447=CARTESIAN_POINT('',(-1.75E0,2.E-1,-1.7E0));
#7448=LINE('',#7447,#7446);
#7449=CURVE_STYLE('',#32,POSITIVE_LENGTH_MEASURE(2.E-2),#18);
#7450=PRESENTATION_STYLE_ASSIGNMENT((#7449));
#7451=STYLED_ITEM('',(#7450),#7448);
#7452=CARTESIAN_POINT('',(-1.45E0,2.E-1,-1.6E0));
#7453=DIRECTION('',(0.E0,-1.E0,0.E0));
#7454=DIRECTION('',(0.E0,0.E0,-1.E0));
#7455=AXIS2_PLACEMENT_3D('',#7452,#7453,#7454);
#7457=CURVE_STYLE('',#32,POSITIVE_LENGTH_MEASURE(2.E-2),#18);
#7458=PRESENTATION_STYLE_ASSIGNMENT((#7457));
#7459=STYLED_ITEM('',(#7458),#7456);
#7460=DIRECTION('',(-1.E0,0.E0,0.E0));
#7461=VECTOR('',#7460,3.E-1);
#7462=CARTESIAN_POINT('',(-1.45E0,2.E-1,-1.5E0));
#7463=LINE('',#7462,#7461);
#7464=CURVE_STYLE('',#32,POSITIVE_LENGTH_MEASURE(2.E-2),#18);
#7465=PRESENTATION_STYLE_ASSIGNMENT((#7464));
#7466=STYLED_ITEM('',(#7465),#7463);
#7467=DIRECTION('',(0.E0,0.E0,-1.E0));
#7468=VECTOR('',#7467,2.E-1);
#7469=CARTESIAN_POINT('',(-1.75E0,2.E-1,-1.5E0));
#7470=LINE('',#7469,#7468);
#7471=CURVE_STYLE('',#32,POSITIVE_LENGTH_MEASURE(2.E-2),#18);
#7472=PRESENTATION_STYLE_ASSIGNMENT((#7471));
#7473=STYLED_ITEM('',(#7472),#7470);
#7474=CARTESIAN_POINT('',(-1.75E0,0.E0,-1.7E0));
#7475=CARTESIAN_POINT('',(-1.45E0,0.E0,-1.7E0));
#7476=VERTEX_POINT('',#7474);
#7477=VERTEX_POINT('',#7475);
#7478=CARTESIAN_POINT('',(-1.45E0,0.E0,-1.5E0));
#7479=VERTEX_POINT('',#7478);
#7480=CARTESIAN_POINT('',(-1.75E0,0.E0,-1.5E0));
#7481=VERTEX_POINT('',#7480);
#7482=CARTESIAN_POINT('',(-1.75E0,2.E-1,-1.7E0));
#7483=CARTESIAN_POINT('',(-1.45E0,2.E-1,-1.7E0));
#7484=VERTEX_POINT('',#7482);
#7485=VERTEX_POINT('',#7483);
#7486=CARTESIAN_POINT('',(-1.45E0,2.E-1,-1.5E0));
#7487=VERTEX_POINT('',#7486);
#7488=CARTESIAN_POINT('',(-1.75E0,2.E-1,-1.5E0));
#7489=VERTEX_POINT('',#7488);
#7490=CARTESIAN_POINT('',(0.E0,0.E0,0.E0));
#7491=DIRECTION('',(0.E0,-1.E0,0.E0));
#7492=DIRECTION('',(-1.E0,0.E0,0.E0));
#7493=AXIS2_PLACEMENT_3D('',#7490,#7491,#7492);
#7494=PLANE('',#7493);
#7496=ORIENTED_EDGE('',*,*,#7495,.F.);
#7498=ORIENTED_EDGE('',*,*,#7497,.F.);
#7500=ORIENTED_EDGE('',*,*,#7499,.F.);
#7502=ORIENTED_EDGE('',*,*,#7501,.F.);
#7503=EDGE_LOOP('',(#7496,#7498,#7500,#7502));
#7504=FACE_OUTER_BOUND('',#7503,.F.);
#7506=FILL_AREA_STYLE_COLOUR('',#26);
#7507=FILL_AREA_STYLE('',(#7506));
#7508=SURFACE_STYLE_FILL_AREA(#7507);
#7509=SURFACE_SIDE_STYLE('',(#7508));
#7510=SURFACE_STYLE_USAGE(.POSITIVE.,#7509);
#7511=PRESENTATION_STYLE_ASSIGNMENT((#7510));
#7512=OVER_RIDING_STYLED_ITEM('',(#7511),#7505,#7387);
#7513=CARTESIAN_POINT('',(-1.75E0,0.E0,-1.7E0));
#7514=DIRECTION('',(0.E0,0.E0,1.E0));
#7515=DIRECTION('',(1.E0,0.E0,0.E0));
#7516=AXIS2_PLACEMENT_3D('',#7513,#7514,#7515);
#7517=PLANE('',#7516);
#7518=ORIENTED_EDGE('',*,*,#7495,.T.);
#7520=ORIENTED_EDGE('',*,*,#7519,.T.);
#7522=ORIENTED_EDGE('',*,*,#7521,.F.);
#7524=ORIENTED_EDGE('',*,*,#7523,.F.);
#7525=EDGE_LOOP('',(#7518,#7520,#7522,#7524));
#7526=FACE_OUTER_BOUND('',#7525,.F.);
#7528=CARTESIAN_POINT('',(-1.45E0,0.E0,-1.6E0));
#7529=DIRECTION('',(0.E0,-1.E0,0.E0));
#7530=DIRECTION('',(-1.E0,0.E0,0.E0));
#7531=AXIS2_PLACEMENT_3D('',#7528,#7529,#7530);
#7532=CYLINDRICAL_SURFACE('',#7531,1.E-1);
#7533=ORIENTED_EDGE('',*,*,#7501,.T.);
#7535=ORIENTED_EDGE('',*,*,#7534,.T.);
#7537=ORIENTED_EDGE('',*,*,#7536,.F.);
#7538=ORIENTED_EDGE('',*,*,#7519,.F.);
#7539=EDGE_LOOP('',(#7533,#7535,#7537,#7538));
#7540=FACE_OUTER_BOUND('',#7539,.F.);
#7542=CARTESIAN_POINT('',(-1.45E0,0.E0,-1.5E0));
#7543=DIRECTION('',(0.E0,0.E0,-1.E0));
#7544=DIRECTION('',(-1.E0,0.E0,0.E0));
#7545=AXIS2_PLACEMENT_3D('',#7542,#7543,#7544);
#7546=PLANE('',#7545);
#7547=ORIENTED_EDGE('',*,*,#7499,.T.);
#7549=ORIENTED_EDGE('',*,*,#7548,.T.);
#7551=ORIENTED_EDGE('',*,*,#7550,.F.);
#7552=ORIENTED_EDGE('',*,*,#7534,.F.);
#7553=EDGE_LOOP('',(#7547,#7549,#7551,#7552));
#7554=FACE_OUTER_BOUND('',#7553,.F.);
#7556=CARTESIAN_POINT('',(-1.75E0,0.E0,-1.5E0));
#7557=DIRECTION('',(1.E0,0.E0,0.E0));
#7558=DIRECTION('',(0.E0,0.E0,-1.E0));
#7559=AXIS2_PLACEMENT_3D('',#7556,#7557,#7558);
#7560=PLANE('',#7559);
#7561=ORIENTED_EDGE('',*,*,#7497,.T.);
#7562=ORIENTED_EDGE('',*,*,#7523,.T.);
#7564=ORIENTED_EDGE('',*,*,#7563,.F.);
#7565=ORIENTED_EDGE('',*,*,#7548,.F.);
#7566=EDGE_LOOP('',(#7561,#7562,#7564,#7565));
#7567=FACE_OUTER_BOUND('',#7566,.F.);
#7569=CARTESIAN_POINT('',(0.E0,2.E-1,0.E0));
#7570=DIRECTION('',(0.E0,-1.E0,0.E0));
#7571=DIRECTION('',(-1.E0,0.E0,0.E0));
#7572=AXIS2_PLACEMENT_3D('',#7569,#7570,#7571);
#7573=PLANE('',#7572);
#7574=ORIENTED_EDGE('',*,*,#7521,.T.);
#7575=ORIENTED_EDGE('',*,*,#7536,.T.);
#7576=ORIENTED_EDGE('',*,*,#7550,.T.);
#7577=ORIENTED_EDGE('',*,*,#7563,.T.);
#7578=EDGE_LOOP('',(#7574,#7575,#7576,#7577));
#7579=FACE_OUTER_BOUND('',#7578,.F.);
#7581=CLOSED_SHELL('',(#7505,#7527,#7541,#7555,#7568,#7580));
#7582=MANIFOLD_SOLID_BREP('',#7581);
#7583=FILL_AREA_STYLE_COLOUR('',#18);
#7584=FILL_AREA_STYLE('',(#7583));
#7585=SURFACE_STYLE_FILL_AREA(#7584);
#7586=SURFACE_SIDE_STYLE('',(#7585));
#7587=SURFACE_STYLE_USAGE(.POSITIVE.,#7586);
#7588=PRESENTATION_STYLE_ASSIGNMENT((#7587));
#7387=STYLED_ITEM('',(#7588),#7582);
#7590=DIRECTION('',(1.E0,0.E0,0.E0));
#7591=VECTOR('',#7590,3.E-1);
#7592=CARTESIAN_POINT('',(-1.75E0,0.E0,-1.3E0));
#7593=LINE('',#7592,#7591);
#7594=CURVE_STYLE('',#32,POSITIVE_LENGTH_MEASURE(2.E-2),#18);
#7595=PRESENTATION_STYLE_ASSIGNMENT((#7594));
#7596=STYLED_ITEM('',(#7595),#7593);
#7597=DIRECTION('',(0.E0,0.E0,-1.E0));
#7598=VECTOR('',#7597,2.E-1);
#7599=CARTESIAN_POINT('',(-1.75E0,0.E0,-1.1E0));
#7600=LINE('',#7599,#7598);
#7601=CURVE_STYLE('',#32,POSITIVE_LENGTH_MEASURE(2.E-2),#18);
#7602=PRESENTATION_STYLE_ASSIGNMENT((#7601));
#7603=STYLED_ITEM('',(#7602),#7600);
#7604=DIRECTION('',(-1.E0,0.E0,0.E0));
#7605=VECTOR('',#7604,3.E-1);
#7606=CARTESIAN_POINT('',(-1.45E0,0.E0,-1.1E0));
#7607=LINE('',#7606,#7605);
#7608=CURVE_STYLE('',#32,POSITIVE_LENGTH_MEASURE(2.E-2),#18);
#7609=PRESENTATION_STYLE_ASSIGNMENT((#7608));
#7610=STYLED_ITEM('',(#7609),#7607);
#7611=CARTESIAN_POINT('',(-1.45E0,0.E0,-1.2E0));
#7612=DIRECTION('',(0.E0,-1.E0,0.E0));
#7613=DIRECTION('',(0.E0,0.E0,-1.E0));
#7614=AXIS2_PLACEMENT_3D('',#7611,#7612,#7613);
#7616=CURVE_STYLE('',#32,POSITIVE_LENGTH_MEASURE(2.E-2),#18);
#7617=PRESENTATION_STYLE_ASSIGNMENT((#7616));
#7618=STYLED_ITEM('',(#7617),#7615);
#7619=DIRECTION('',(0.E0,1.E0,0.E0));
#7620=VECTOR('',#7619,2.E-1);
#7621=CARTESIAN_POINT('',(-1.75E0,0.E0,-1.3E0));
#7622=LINE('',#7621,#7620);
#7623=CURVE_STYLE('',#32,POSITIVE_LENGTH_MEASURE(2.E-2),#18);
#7624=PRESENTATION_STYLE_ASSIGNMENT((#7623));
#7625=STYLED_ITEM('',(#7624),#7622);
#7626=DIRECTION('',(0.E0,1.E0,0.E0));
#7627=VECTOR('',#7626,2.E-1);
#7628=CARTESIAN_POINT('',(-1.45E0,0.E0,-1.3E0));
#7629=LINE('',#7628,#7627);
#7630=CURVE_STYLE('',#32,POSITIVE_LENGTH_MEASURE(2.E-2),#18);
#7631=PRESENTATION_STYLE_ASSIGNMENT((#7630));
#7632=STYLED_ITEM('',(#7631),#7629);
#7633=DIRECTION('',(0.E0,1.E0,0.E0));
#7634=VECTOR('',#7633,2.E-1);
#7635=CARTESIAN_POINT('',(-1.45E0,0.E0,-1.1E0));
#7636=LINE('',#7635,#7634);
#7637=CURVE_STYLE('',#32,POSITIVE_LENGTH_MEASURE(2.E-2),#18);
#7638=PRESENTATION_STYLE_ASSIGNMENT((#7637));
#7639=STYLED_ITEM('',(#7638),#7636);
#7640=DIRECTION('',(0.E0,1.E0,0.E0));
#7641=VECTOR('',#7640,2.E-1);
#7642=CARTESIAN_POINT('',(-1.75E0,0.E0,-1.1E0));
#7643=LINE('',#7642,#7641);
#7644=CURVE_STYLE('',#32,POSITIVE_LENGTH_MEASURE(2.E-2),#18);
#7645=PRESENTATION_STYLE_ASSIGNMENT((#7644));
#7646=STYLED_ITEM('',(#7645),#7643);
#7647=DIRECTION('',(1.E0,0.E0,0.E0));
#7648=VECTOR('',#7647,3.E-1);
#7649=CARTESIAN_POINT('',(-1.75E0,2.E-1,-1.3E0));
#7650=LINE('',#7649,#7648);
#7651=CURVE_STYLE('',#32,POSITIVE_LENGTH_MEASURE(2.E-2),#18);
#7652=PRESENTATION_STYLE_ASSIGNMENT((#7651));
#7653=STYLED_ITEM('',(#7652),#7650);
#7654=CARTESIAN_POINT('',(-1.45E0,2.E-1,-1.2E0));
#7655=DIRECTION('',(0.E0,-1.E0,0.E0));
#7656=DIRECTION('',(0.E0,0.E0,-1.E0));
#7657=AXIS2_PLACEMENT_3D('',#7654,#7655,#7656);
#7659=CURVE_STYLE('',#32,POSITIVE_LENGTH_MEASURE(2.E-2),#18);
#7660=PRESENTATION_STYLE_ASSIGNMENT((#7659));
#7661=STYLED_ITEM('',(#7660),#7658);
#7662=DIRECTION('',(-1.E0,0.E0,0.E0));
#7663=VECTOR('',#7662,3.E-1);
#7664=CARTESIAN_POINT('',(-1.45E0,2.E-1,-1.1E0));
#7665=LINE('',#7664,#7663);
#7666=CURVE_STYLE('',#32,POSITIVE_LENGTH_MEASURE(2.E-2),#18);
#7667=PRESENTATION_STYLE_ASSIGNMENT((#7666));
#7668=STYLED_ITEM('',(#7667),#7665);
#7669=DIRECTION('',(0.E0,0.E0,-1.E0));
#7670=VECTOR('',#7669,2.E-1);
#7671=CARTESIAN_POINT('',(-1.75E0,2.E-1,-1.1E0));
#7672=LINE('',#7671,#7670);
#7673=CURVE_STYLE('',#32,POSITIVE_LENGTH_MEASURE(2.E-2),#18);
#7674=PRESENTATION_STYLE_ASSIGNMENT((#7673));
#7675=STYLED_ITEM('',(#7674),#7672);
#7676=CARTESIAN_POINT('',(-1.75E0,0.E0,-1.3E0));
#7677=CARTESIAN_POINT('',(-1.45E0,0.E0,-1.3E0));
#7678=VERTEX_POINT('',#7676);
#7679=VERTEX_POINT('',#7677);
#7680=CARTESIAN_POINT('',(-1.45E0,0.E0,-1.1E0));
#7681=VERTEX_POINT('',#7680);
#7682=CARTESIAN_POINT('',(-1.75E0,0.E0,-1.1E0));
#7683=VERTEX_POINT('',#7682);
#7684=CARTESIAN_POINT('',(-1.75E0,2.E-1,-1.3E0));
#7685=CARTESIAN_POINT('',(-1.45E0,2.E-1,-1.3E0));
#7686=VERTEX_POINT('',#7684);
#7687=VERTEX_POINT('',#7685);
#7688=CARTESIAN_POINT('',(-1.45E0,2.E-1,-1.1E0));
#7689=VERTEX_POINT('',#7688);
#7690=CARTESIAN_POINT('',(-1.75E0,2.E-1,-1.1E0));
#7691=VERTEX_POINT('',#7690);
#7692=CARTESIAN_POINT('',(0.E0,0.E0,0.E0));
#7693=DIRECTION('',(0.E0,-1.E0,0.E0));
#7694=DIRECTION('',(-1.E0,0.E0,0.E0));
#7695=AXIS2_PLACEMENT_3D('',#7692,#7693,#7694);
#7696=PLANE('',#7695);
#7698=ORIENTED_EDGE('',*,*,#7697,.F.);
#7700=ORIENTED_EDGE('',*,*,#7699,.F.);
#7702=ORIENTED_EDGE('',*,*,#7701,.F.);
#7704=ORIENTED_EDGE('',*,*,#7703,.F.);
#7705=EDGE_LOOP('',(#7698,#7700,#7702,#7704));
#7706=FACE_OUTER_BOUND('',#7705,.F.);
#7708=FILL_AREA_STYLE_COLOUR('',#26);
#7709=FILL_AREA_STYLE('',(#7708));
#7710=SURFACE_STYLE_FILL_AREA(#7709);
#7711=SURFACE_SIDE_STYLE('',(#7710));
#7712=SURFACE_STYLE_USAGE(.POSITIVE.,#7711);
#7713=PRESENTATION_STYLE_ASSIGNMENT((#7712));
#7714=OVER_RIDING_STYLED_ITEM('',(#7713),#7707,#7589);
#7715=CARTESIAN_POINT('',(-1.75E0,0.E0,-1.3E0));
#7716=DIRECTION('',(0.E0,0.E0,1.E0));
#7717=DIRECTION('',(1.E0,0.E0,0.E0));
#7718=AXIS2_PLACEMENT_3D('',#7715,#7716,#7717);
#7719=PLANE('',#7718);
#7720=ORIENTED_EDGE('',*,*,#7697,.T.);
#7722=ORIENTED_EDGE('',*,*,#7721,.T.);
#7724=ORIENTED_EDGE('',*,*,#7723,.F.);
#7726=ORIENTED_EDGE('',*,*,#7725,.F.);
#7727=EDGE_LOOP('',(#7720,#7722,#7724,#7726));
#7728=FACE_OUTER_BOUND('',#7727,.F.);
#7730=CARTESIAN_POINT('',(-1.45E0,0.E0,-1.2E0));
#7731=DIRECTION('',(0.E0,-1.E0,0.E0));
#7732=DIRECTION('',(-1.E0,0.E0,0.E0));
#7733=AXIS2_PLACEMENT_3D('',#7730,#7731,#7732);
#7734=CYLINDRICAL_SURFACE('',#7733,1.E-1);
#7735=ORIENTED_EDGE('',*,*,#7703,.T.);
#7737=ORIENTED_EDGE('',*,*,#7736,.T.);
#7739=ORIENTED_EDGE('',*,*,#7738,.F.);
#7740=ORIENTED_EDGE('',*,*,#7721,.F.);
#7741=EDGE_LOOP('',(#7735,#7737,#7739,#7740));
#7742=FACE_OUTER_BOUND('',#7741,.F.);
#7744=CARTESIAN_POINT('',(-1.45E0,0.E0,-1.1E0));
#7745=DIRECTION('',(0.E0,0.E0,-1.E0));
#7746=DIRECTION('',(-1.E0,0.E0,0.E0));
#7747=AXIS2_PLACEMENT_3D('',#7744,#7745,#7746);
#7748=PLANE('',#7747);
#7749=ORIENTED_EDGE('',*,*,#7701,.T.);
#7751=ORIENTED_EDGE('',*,*,#7750,.T.);
#7753=ORIENTED_EDGE('',*,*,#7752,.F.);
#7754=ORIENTED_EDGE('',*,*,#7736,.F.);
#7755=EDGE_LOOP('',(#7749,#7751,#7753,#7754));
#7756=FACE_OUTER_BOUND('',#7755,.F.);
#7758=CARTESIAN_POINT('',(-1.75E0,0.E0,-1.1E0));
#7759=DIRECTION('',(1.E0,0.E0,0.E0));
#7760=DIRECTION('',(0.E0,0.E0,-1.E0));
#7761=AXIS2_PLACEMENT_3D('',#7758,#7759,#7760);
#7762=PLANE('',#7761);
#7763=ORIENTED_EDGE('',*,*,#7699,.T.);
#7764=ORIENTED_EDGE('',*,*,#7725,.T.);
#7766=ORIENTED_EDGE('',*,*,#7765,.F.);
#7767=ORIENTED_EDGE('',*,*,#7750,.F.);
#7768=EDGE_LOOP('',(#7763,#7764,#7766,#7767));
#7769=FACE_OUTER_BOUND('',#7768,.F.);
#7771=CARTESIAN_POINT('',(0.E0,2.E-1,0.E0));
#7772=DIRECTION('',(0.E0,-1.E0,0.E0));
#7773=DIRECTION('',(-1.E0,0.E0,0.E0));
#7774=AXIS2_PLACEMENT_3D('',#7771,#7772,#7773);
#7775=PLANE('',#7774);
#7776=ORIENTED_EDGE('',*,*,#7723,.T.);
#7777=ORIENTED_EDGE('',*,*,#7738,.T.);
#7778=ORIENTED_EDGE('',*,*,#7752,.T.);
#7779=ORIENTED_EDGE('',*,*,#7765,.T.);
#7780=EDGE_LOOP('',(#7776,#7777,#7778,#7779));
#7781=FACE_OUTER_BOUND('',#7780,.F.);
#7783=CLOSED_SHELL('',(#7707,#7729,#7743,#7757,#7770,#7782));
#7784=MANIFOLD_SOLID_BREP('',#7783);
#7785=FILL_AREA_STYLE_COLOUR('',#18);
#7786=FILL_AREA_STYLE('',(#7785));
#7787=SURFACE_STYLE_FILL_AREA(#7786);
#7788=SURFACE_SIDE_STYLE('',(#7787));
#7789=SURFACE_STYLE_USAGE(.POSITIVE.,#7788);
#7790=PRESENTATION_STYLE_ASSIGNMENT((#7789));
#7589=STYLED_ITEM('',(#7790),#7784);
#7792=DIRECTION('',(1.E0,0.E0,0.E0));
#7793=VECTOR('',#7792,3.E-1);
#7794=CARTESIAN_POINT('',(-1.75E0,0.E0,-9.E-1));
#7795=LINE('',#7794,#7793);
#7796=CURVE_STYLE('',#32,POSITIVE_LENGTH_MEASURE(2.E-2),#18);
#7797=PRESENTATION_STYLE_ASSIGNMENT((#7796));
#7798=STYLED_ITEM('',(#7797),#7795);
#7799=DIRECTION('',(0.E0,0.E0,-1.E0));
#7800=VECTOR('',#7799,2.E-1);
#7801=CARTESIAN_POINT('',(-1.75E0,0.E0,-7.E-1));
#7802=LINE('',#7801,#7800);
#7803=CURVE_STYLE('',#32,POSITIVE_LENGTH_MEASURE(2.E-2),#18);
#7804=PRESENTATION_STYLE_ASSIGNMENT((#7803));
#7805=STYLED_ITEM('',(#7804),#7802);
#7806=DIRECTION('',(-1.E0,0.E0,0.E0));
#7807=VECTOR('',#7806,3.E-1);
#7808=CARTESIAN_POINT('',(-1.45E0,0.E0,-7.E-1));
#7809=LINE('',#7808,#7807);
#7810=CURVE_STYLE('',#32,POSITIVE_LENGTH_MEASURE(2.E-2),#18);
#7811=PRESENTATION_STYLE_ASSIGNMENT((#7810));
#7812=STYLED_ITEM('',(#7811),#7809);
#7813=CARTESIAN_POINT('',(-1.45E0,0.E0,-8.E-1));
#7814=DIRECTION('',(0.E0,-1.E0,0.E0));
#7815=DIRECTION('',(0.E0,0.E0,-1.E0));
#7816=AXIS2_PLACEMENT_3D('',#7813,#7814,#7815);
#7818=CURVE_STYLE('',#32,POSITIVE_LENGTH_MEASURE(2.E-2),#18);
#7819=PRESENTATION_STYLE_ASSIGNMENT((#7818));
#7820=STYLED_ITEM('',(#7819),#7817);
#7821=DIRECTION('',(0.E0,1.E0,0.E0));
#7822=VECTOR('',#7821,2.E-1);
#7823=CARTESIAN_POINT('',(-1.75E0,0.E0,-9.E-1));
#7824=LINE('',#7823,#7822);
#7825=CURVE_STYLE('',#32,POSITIVE_LENGTH_MEASURE(2.E-2),#18);
#7826=PRESENTATION_STYLE_ASSIGNMENT((#7825));
#7827=STYLED_ITEM('',(#7826),#7824);
#7828=DIRECTION('',(0.E0,1.E0,0.E0));
#7829=VECTOR('',#7828,2.E-1);
#7830=CARTESIAN_POINT('',(-1.45E0,0.E0,-9.E-1));
#7831=LINE('',#7830,#7829);
#7832=CURVE_STYLE('',#32,POSITIVE_LENGTH_MEASURE(2.E-2),#18);
#7833=PRESENTATION_STYLE_ASSIGNMENT((#7832));
#7834=STYLED_ITEM('',(#7833),#7831);
#7835=DIRECTION('',(0.E0,1.E0,0.E0));
#7836=VECTOR('',#7835,2.E-1);
#7837=CARTESIAN_POINT('',(-1.45E0,0.E0,-7.E-1));
#7838=LINE('',#7837,#7836);
#7839=CURVE_STYLE('',#32,POSITIVE_LENGTH_MEASURE(2.E-2),#18);
#7840=PRESENTATION_STYLE_ASSIGNMENT((#7839));
#7841=STYLED_ITEM('',(#7840),#7838);
#7842=DIRECTION('',(0.E0,1.E0,0.E0));
#7843=VECTOR('',#7842,2.E-1);
#7844=CARTESIAN_POINT('',(-1.75E0,0.E0,-7.E-1));
#7845=LINE('',#7844,#7843);
#7846=CURVE_STYLE('',#32,POSITIVE_LENGTH_MEASURE(2.E-2),#18);
#7847=PRESENTATION_STYLE_ASSIGNMENT((#7846));
#7848=STYLED_ITEM('',(#7847),#7845);
#7849=DIRECTION('',(1.E0,0.E0,0.E0));
#7850=VECTOR('',#7849,3.E-1);
#7851=CARTESIAN_POINT('',(-1.75E0,2.E-1,-9.E-1));
#7852=LINE('',#7851,#7850);
#7853=CURVE_STYLE('',#32,POSITIVE_LENGTH_MEASURE(2.E-2),#18);
#7854=PRESENTATION_STYLE_ASSIGNMENT((#7853));
#7855=STYLED_ITEM('',(#7854),#7852);
#7856=CARTESIAN_POINT('',(-1.45E0,2.E-1,-8.E-1));
#7857=DIRECTION('',(0.E0,-1.E0,0.E0));
#7858=DIRECTION('',(0.E0,0.E0,-1.E0));
#7859=AXIS2_PLACEMENT_3D('',#7856,#7857,#7858);
#7861=CURVE_STYLE('',#32,POSITIVE_LENGTH_MEASURE(2.E-2),#18);
#7862=PRESENTATION_STYLE_ASSIGNMENT((#7861));
#7863=STYLED_ITEM('',(#7862),#7860);
#7864=DIRECTION('',(-1.E0,0.E0,0.E0));
#7865=VECTOR('',#7864,3.E-1);
#7866=CARTESIAN_POINT('',(-1.45E0,2.E-1,-7.E-1));
#7867=LINE('',#7866,#7865);
#7868=CURVE_STYLE('',#32,POSITIVE_LENGTH_MEASURE(2.E-2),#18);
#7869=PRESENTATION_STYLE_ASSIGNMENT((#7868));
#7870=STYLED_ITEM('',(#7869),#7867);
#7871=DIRECTION('',(0.E0,0.E0,-1.E0));
#7872=VECTOR('',#7871,2.E-1);
#7873=CARTESIAN_POINT('',(-1.75E0,2.E-1,-7.E-1));
#7874=LINE('',#7873,#7872);
#7875=CURVE_STYLE('',#32,POSITIVE_LENGTH_MEASURE(2.E-2),#18);
#7876=PRESENTATION_STYLE_ASSIGNMENT((#7875));
#7877=STYLED_ITEM('',(#7876),#7874);
#7878=CARTESIAN_POINT('',(-1.75E0,0.E0,-9.E-1));
#7879=CARTESIAN_POINT('',(-1.45E0,0.E0,-9.E-1));
#7880=VERTEX_POINT('',#7878);
#7881=VERTEX_POINT('',#7879);
#7882=CARTESIAN_POINT('',(-1.45E0,0.E0,-7.E-1));
#7883=VERTEX_POINT('',#7882);
#7884=CARTESIAN_POINT('',(-1.75E0,0.E0,-7.E-1));
#7885=VERTEX_POINT('',#7884);
#7886=CARTESIAN_POINT('',(-1.75E0,2.E-1,-9.E-1));
#7887=CARTESIAN_POINT('',(-1.45E0,2.E-1,-9.E-1));
#7888=VERTEX_POINT('',#7886);
#7889=VERTEX_POINT('',#7887);
#7890=CARTESIAN_POINT('',(-1.45E0,2.E-1,-7.E-1));
#7891=VERTEX_POINT('',#7890);
#7892=CARTESIAN_POINT('',(-1.75E0,2.E-1,-7.E-1));
#7893=VERTEX_POINT('',#7892);
#7894=CARTESIAN_POINT('',(0.E0,0.E0,0.E0));
#7895=DIRECTION('',(0.E0,-1.E0,0.E0));
#7896=DIRECTION('',(-1.E0,0.E0,0.E0));
#7897=AXIS2_PLACEMENT_3D('',#7894,#7895,#7896);
#7898=PLANE('',#7897);
#7900=ORIENTED_EDGE('',*,*,#7899,.F.);
#7902=ORIENTED_EDGE('',*,*,#7901,.F.);
#7904=ORIENTED_EDGE('',*,*,#7903,.F.);
#7906=ORIENTED_EDGE('',*,*,#7905,.F.);
#7907=EDGE_LOOP('',(#7900,#7902,#7904,#7906));
#7908=FACE_OUTER_BOUND('',#7907,.F.);
#7910=FILL_AREA_STYLE_COLOUR('',#26);
#7911=FILL_AREA_STYLE('',(#7910));
#7912=SURFACE_STYLE_FILL_AREA(#7911);
#7913=SURFACE_SIDE_STYLE('',(#7912));
#7914=SURFACE_STYLE_USAGE(.POSITIVE.,#7913);
#7915=PRESENTATION_STYLE_ASSIGNMENT((#7914));
#7916=OVER_RIDING_STYLED_ITEM('',(#7915),#7909,#7791);
#7917=CARTESIAN_POINT('',(-1.75E0,0.E0,-9.E-1));
#7918=DIRECTION('',(0.E0,0.E0,1.E0));
#7919=DIRECTION('',(1.E0,0.E0,0.E0));
#7920=AXIS2_PLACEMENT_3D('',#7917,#7918,#7919);
#7921=PLANE('',#7920);
#7922=ORIENTED_EDGE('',*,*,#7899,.T.);
#7924=ORIENTED_EDGE('',*,*,#7923,.T.);
#7926=ORIENTED_EDGE('',*,*,#7925,.F.);
#7928=ORIENTED_EDGE('',*,*,#7927,.F.);
#7929=EDGE_LOOP('',(#7922,#7924,#7926,#7928));
#7930=FACE_OUTER_BOUND('',#7929,.F.);
#7932=CARTESIAN_POINT('',(-1.45E0,0.E0,-8.E-1));
#7933=DIRECTION('',(0.E0,-1.E0,0.E0));
#7934=DIRECTION('',(-1.E0,0.E0,0.E0));
#7935=AXIS2_PLACEMENT_3D('',#7932,#7933,#7934);
#7936=CYLINDRICAL_SURFACE('',#7935,1.E-1);
#7937=ORIENTED_EDGE('',*,*,#7905,.T.);
#7939=ORIENTED_EDGE('',*,*,#7938,.T.);
#7941=ORIENTED_EDGE('',*,*,#7940,.F.);
#7942=ORIENTED_EDGE('',*,*,#7923,.F.);
#7943=EDGE_LOOP('',(#7937,#7939,#7941,#7942));
#7944=FACE_OUTER_BOUND('',#7943,.F.);
#7946=CARTESIAN_POINT('',(-1.45E0,0.E0,-7.E-1));
#7947=DIRECTION('',(0.E0,0.E0,-1.E0));
#7948=DIRECTION('',(-1.E0,0.E0,0.E0));
#7949=AXIS2_PLACEMENT_3D('',#7946,#7947,#7948);
#7950=PLANE('',#7949);
#7951=ORIENTED_EDGE('',*,*,#7903,.T.);
#7953=ORIENTED_EDGE('',*,*,#7952,.T.);
#7955=ORIENTED_EDGE('',*,*,#7954,.F.);
#7956=ORIENTED_EDGE('',*,*,#7938,.F.);
#7957=EDGE_LOOP('',(#7951,#7953,#7955,#7956));
#7958=FACE_OUTER_BOUND('',#7957,.F.);
#7960=CARTESIAN_POINT('',(-1.75E0,0.E0,-7.E-1));
#7961=DIRECTION('',(1.E0,0.E0,0.E0));
#7962=DIRECTION('',(0.E0,0.E0,-1.E0));
#7963=AXIS2_PLACEMENT_3D('',#7960,#7961,#7962);
#7964=PLANE('',#7963);
#7965=ORIENTED_EDGE('',*,*,#7901,.T.);
#7966=ORIENTED_EDGE('',*,*,#7927,.T.);
#7968=ORIENTED_EDGE('',*,*,#7967,.F.);
#7969=ORIENTED_EDGE('',*,*,#7952,.F.);
#7970=EDGE_LOOP('',(#7965,#7966,#7968,#7969));
#7971=FACE_OUTER_BOUND('',#7970,.F.);
#7973=CARTESIAN_POINT('',(0.E0,2.E-1,0.E0));
#7974=DIRECTION('',(0.E0,-1.E0,0.E0));
#7975=DIRECTION('',(-1.E0,0.E0,0.E0));
#7976=AXIS2_PLACEMENT_3D('',#7973,#7974,#7975);
#7977=PLANE('',#7976);
#7978=ORIENTED_EDGE('',*,*,#7925,.T.);
#7979=ORIENTED_EDGE('',*,*,#7940,.T.);
#7980=ORIENTED_EDGE('',*,*,#7954,.T.);
#7981=ORIENTED_EDGE('',*,*,#7967,.T.);
#7982=EDGE_LOOP('',(#7978,#7979,#7980,#7981));
#7983=FACE_OUTER_BOUND('',#7982,.F.);
#7985=CLOSED_SHELL('',(#7909,#7931,#7945,#7959,#7972,#7984));
#7986=MANIFOLD_SOLID_BREP('',#7985);
#7987=FILL_AREA_STYLE_COLOUR('',#18);
#7988=FILL_AREA_STYLE('',(#7987));
#7989=SURFACE_STYLE_FILL_AREA(#7988);
#7990=SURFACE_SIDE_STYLE('',(#7989));
#7991=SURFACE_STYLE_USAGE(.POSITIVE.,#7990);
#7992=PRESENTATION_STYLE_ASSIGNMENT((#7991));
#7791=STYLED_ITEM('',(#7992),#7986);
#7994=DIRECTION('',(0.E0,1.E0,0.E0));
#7995=VECTOR('',#7994,2.E-1);
#7996=CARTESIAN_POINT('',(-1.75E0,0.E0,1.7E0));
#7997=LINE('',#7996,#7995);
#7998=CURVE_STYLE('',#32,POSITIVE_LENGTH_MEASURE(2.E-2),#18);
#7999=PRESENTATION_STYLE_ASSIGNMENT((#7998));
#8000=STYLED_ITEM('',(#7999),#7997);
#8001=DIRECTION('',(0.E0,0.E0,-1.E0));
#8002=VECTOR('',#8001,2.E-1);
#8003=CARTESIAN_POINT('',(-1.58E0,0.E0,-1.E-1));
#8004=LINE('',#8003,#8002);
#8005=CURVE_STYLE('',#32,POSITIVE_LENGTH_MEASURE(2.E-2),#18);
#8006=PRESENTATION_STYLE_ASSIGNMENT((#8005));
#8007=STYLED_ITEM('',(#8006),#8004);
#8008=DIRECTION('',(1.E0,0.E0,0.E0));
#8009=VECTOR('',#8008,1.7E-1);
#8010=CARTESIAN_POINT('',(-1.75E0,0.E0,-1.E-1));
#8011=LINE('',#8010,#8009);
#8012=CURVE_STYLE('',#32,POSITIVE_LENGTH_MEASURE(2.E-2),#18);
#8013=PRESENTATION_STYLE_ASSIGNMENT((#8012));
#8014=STYLED_ITEM('',(#8013),#8011);
#8015=DIRECTION('',(0.E0,0.E0,-1.E0));
#8016=VECTOR('',#8015,2.E-1);
#8017=CARTESIAN_POINT('',(-1.75E0,0.E0,1.E-1));
#8018=LINE('',#8017,#8016);
#8019=CURVE_STYLE('',#32,POSITIVE_LENGTH_MEASURE(2.E-2),#18);
#8020=PRESENTATION_STYLE_ASSIGNMENT((#8019));
#8021=STYLED_ITEM('',(#8020),#8018);
#8022=DIRECTION('',(-1.E0,0.E0,0.E0));
#8023=VECTOR('',#8022,1.7E-1);
#8024=CARTESIAN_POINT('',(-1.58E0,0.E0,1.E-1));
#8025=LINE('',#8024,#8023);
#8026=CURVE_STYLE('',#32,POSITIVE_LENGTH_MEASURE(2.E-2),#18);
#8027=PRESENTATION_STYLE_ASSIGNMENT((#8026));
#8028=STYLED_ITEM('',(#8027),#8025);
#8029=DIRECTION('',(0.E0,0.E0,-1.E0));
#8030=VECTOR('',#8029,2.E-1);
#8031=CARTESIAN_POINT('',(-1.58E0,0.E0,3.E-1));
#8032=LINE('',#8031,#8030);
#8033=CURVE_STYLE('',#32,POSITIVE_LENGTH_MEASURE(2.E-2),#18);
#8034=PRESENTATION_STYLE_ASSIGNMENT((#8033));
#8035=STYLED_ITEM('',(#8034),#8032);
#8036=DIRECTION('',(1.E0,0.E0,0.E0));
#8037=VECTOR('',#8036,1.7E-1);
#8038=CARTESIAN_POINT('',(-1.75E0,0.E0,3.E-1));
#8039=LINE('',#8038,#8037);
#8040=CURVE_STYLE('',#32,POSITIVE_LENGTH_MEASURE(2.E-2),#18);
#8041=PRESENTATION_STYLE_ASSIGNMENT((#8040));
#8042=STYLED_ITEM('',(#8041),#8039);
#8043=DIRECTION('',(0.E0,0.E0,-1.E0));
#8044=VECTOR('',#8043,2.E-1);
#8045=CARTESIAN_POINT('',(-1.75E0,0.E0,5.E-1));
#8046=LINE('',#8045,#8044);
#8047=CURVE_STYLE('',#32,POSITIVE_LENGTH_MEASURE(2.E-2),#18);
#8048=PRESENTATION_STYLE_ASSIGNMENT((#8047));
#8049=STYLED_ITEM('',(#8048),#8046);
#8050=DIRECTION('',(-1.E0,0.E0,0.E0));
#8051=VECTOR('',#8050,1.7E-1);
#8052=CARTESIAN_POINT('',(-1.58E0,0.E0,5.E-1));
#8053=LINE('',#8052,#8051);
#8054=CURVE_STYLE('',#32,POSITIVE_LENGTH_MEASURE(2.E-2),#18);
#8055=PRESENTATION_STYLE_ASSIGNMENT((#8054));
#8056=STYLED_ITEM('',(#8055),#8053);
#8057=DIRECTION('',(0.E0,0.E0,-1.E0));
#8058=VECTOR('',#8057,2.E-1);
#8059=CARTESIAN_POINT('',(-1.58E0,0.E0,7.E-1));
#8060=LINE('',#8059,#8058);
#8061=CURVE_STYLE('',#32,POSITIVE_LENGTH_MEASURE(2.E-2),#18);
#8062=PRESENTATION_STYLE_ASSIGNMENT((#8061));
#8063=STYLED_ITEM('',(#8062),#8060);
#8064=DIRECTION('',(1.E0,0.E0,0.E0));
#8065=VECTOR('',#8064,1.7E-1);
#8066=CARTESIAN_POINT('',(-1.75E0,0.E0,7.E-1));
#8067=LINE('',#8066,#8065);
#8068=CURVE_STYLE('',#32,POSITIVE_LENGTH_MEASURE(2.E-2),#18);
#8069=PRESENTATION_STYLE_ASSIGNMENT((#8068));
#8070=STYLED_ITEM('',(#8069),#8067);
#8071=DIRECTION('',(0.E0,0.E0,-1.E0));
#8072=VECTOR('',#8071,2.E-1);
#8073=CARTESIAN_POINT('',(-1.75E0,0.E0,9.E-1));
#8074=LINE('',#8073,#8072);
#8075=CURVE_STYLE('',#32,POSITIVE_LENGTH_MEASURE(2.E-2),#18);
#8076=PRESENTATION_STYLE_ASSIGNMENT((#8075));
#8077=STYLED_ITEM('',(#8076),#8074);
#8078=DIRECTION('',(-1.E0,0.E0,0.E0));
#8079=VECTOR('',#8078,1.7E-1);
#8080=CARTESIAN_POINT('',(-1.58E0,0.E0,9.E-1));
#8081=LINE('',#8080,#8079);
#8082=CURVE_STYLE('',#32,POSITIVE_LENGTH_MEASURE(2.E-2),#18);
#8083=PRESENTATION_STYLE_ASSIGNMENT((#8082));
#8084=STYLED_ITEM('',(#8083),#8081);
#8085=DIRECTION('',(0.E0,0.E0,-1.E0));
#8086=VECTOR('',#8085,2.E-1);
#8087=CARTESIAN_POINT('',(-1.58E0,0.E0,1.1E0));
#8088=LINE('',#8087,#8086);
#8089=CURVE_STYLE('',#32,POSITIVE_LENGTH_MEASURE(2.E-2),#18);
#8090=PRESENTATION_STYLE_ASSIGNMENT((#8089));
#8091=STYLED_ITEM('',(#8090),#8088);
#8092=DIRECTION('',(1.E0,0.E0,0.E0));
#8093=VECTOR('',#8092,1.7E-1);
#8094=CARTESIAN_POINT('',(-1.75E0,0.E0,1.1E0));
#8095=LINE('',#8094,#8093);
#8096=CURVE_STYLE('',#32,POSITIVE_LENGTH_MEASURE(2.E-2),#18);
#8097=PRESENTATION_STYLE_ASSIGNMENT((#8096));
#8098=STYLED_ITEM('',(#8097),#8095);
#8099=DIRECTION('',(0.E0,0.E0,-1.E0));
#8100=VECTOR('',#8099,2.E-1);
#8101=CARTESIAN_POINT('',(-1.75E0,0.E0,1.3E0));
#8102=LINE('',#8101,#8100);
#8103=CURVE_STYLE('',#32,POSITIVE_LENGTH_MEASURE(2.E-2),#18);
#8104=PRESENTATION_STYLE_ASSIGNMENT((#8103));
#8105=STYLED_ITEM('',(#8104),#8102);
#8106=DIRECTION('',(-1.E0,0.E0,0.E0));
#8107=VECTOR('',#8106,1.7E-1);
#8108=CARTESIAN_POINT('',(-1.58E0,0.E0,1.3E0));
#8109=LINE('',#8108,#8107);
#8110=CURVE_STYLE('',#32,POSITIVE_LENGTH_MEASURE(2.E-2),#18);
#8111=PRESENTATION_STYLE_ASSIGNMENT((#8110));
#8112=STYLED_ITEM('',(#8111),#8109);
#8113=DIRECTION('',(0.E0,0.E0,-1.E0));
#8114=VECTOR('',#8113,2.E-1);
#8115=CARTESIAN_POINT('',(-1.58E0,0.E0,1.5E0));
#8116=LINE('',#8115,#8114);
#8117=CURVE_STYLE('',#32,POSITIVE_LENGTH_MEASURE(2.E-2),#18);
#8118=PRESENTATION_STYLE_ASSIGNMENT((#8117));
#8119=STYLED_ITEM('',(#8118),#8116);
#8120=DIRECTION('',(1.E0,0.E0,0.E0));
#8121=VECTOR('',#8120,1.7E-1);
#8122=CARTESIAN_POINT('',(-1.75E0,0.E0,1.5E0));
#8123=LINE('',#8122,#8121);
#8124=CURVE_STYLE('',#32,POSITIVE_LENGTH_MEASURE(2.E-2),#18);
#8125=PRESENTATION_STYLE_ASSIGNMENT((#8124));
#8126=STYLED_ITEM('',(#8125),#8123);
#8127=DIRECTION('',(0.E0,0.E0,-1.E0));
#8128=VECTOR('',#8127,2.E-1);
#8129=CARTESIAN_POINT('',(-1.75E0,0.E0,1.7E0));
#8130=LINE('',#8129,#8128);
#8131=CURVE_STYLE('',#32,POSITIVE_LENGTH_MEASURE(2.E-2),#18);
#8132=PRESENTATION_STYLE_ASSIGNMENT((#8131));
#8133=STYLED_ITEM('',(#8132),#8130);
#8134=DIRECTION('',(-1.E0,0.E0,0.E0));
#8135=VECTOR('',#8134,3.E-1);
#8136=CARTESIAN_POINT('',(-1.45E0,0.E0,1.7E0));
#8137=LINE('',#8136,#8135);
#8138=CURVE_STYLE('',#32,POSITIVE_LENGTH_MEASURE(2.E-2),#18);
#8139=PRESENTATION_STYLE_ASSIGNMENT((#8138));
#8140=STYLED_ITEM('',(#8139),#8137);
#8141=CARTESIAN_POINT('',(-1.45E0,0.E0,1.6E0));
#8142=DIRECTION('',(0.E0,-1.E0,0.E0));
#8143=DIRECTION('',(1.E0,0.E0,0.E0));
#8144=AXIS2_PLACEMENT_3D('',#8141,#8142,#8143);
#8146=CURVE_STYLE('',#32,POSITIVE_LENGTH_MEASURE(2.E-2),#18);
#8147=PRESENTATION_STYLE_ASSIGNMENT((#8146));
#8148=STYLED_ITEM('',(#8147),#8145);
#8149=DIRECTION('',(0.E0,0.E0,-1.E0));
#8150=VECTOR('',#8149,2.E0);
#8151=CARTESIAN_POINT('',(-1.35E0,0.E0,1.6E0));
#8152=LINE('',#8151,#8150);
#8153=CURVE_STYLE('',#32,POSITIVE_LENGTH_MEASURE(2.E-2),#18);
#8154=PRESENTATION_STYLE_ASSIGNMENT((#8153));
#8155=STYLED_ITEM('',(#8154),#8152);
#8156=CARTESIAN_POINT('',(-1.45E0,0.E0,-4.E-1));
#8157=DIRECTION('',(0.E0,-1.E0,0.E0));
#8158=DIRECTION('',(0.E0,0.E0,-1.E0));
#8159=AXIS2_PLACEMENT_3D('',#8156,#8157,#8158);
#8161=CURVE_STYLE('',#32,POSITIVE_LENGTH_MEASURE(2.E-2),#18);
#8162=PRESENTATION_STYLE_ASSIGNMENT((#8161));
#8163=STYLED_ITEM('',(#8162),#8160);
#8164=DIRECTION('',(1.E0,0.E0,0.E0));
#8165=VECTOR('',#8164,3.E-1);
#8166=CARTESIAN_POINT('',(-1.75E0,0.E0,-5.E-1));
#8167=LINE('',#8166,#8165);
#8168=CURVE_STYLE('',#32,POSITIVE_LENGTH_MEASURE(2.E-2),#18);
#8169=PRESENTATION_STYLE_ASSIGNMENT((#8168));
#8170=STYLED_ITEM('',(#8169),#8167);
#8171=DIRECTION('',(0.E0,0.E0,-1.E0));
#8172=VECTOR('',#8171,2.E-1);
#8173=CARTESIAN_POINT('',(-1.75E0,0.E0,-3.E-1));
#8174=LINE('',#8173,#8172);
#8175=CURVE_STYLE('',#32,POSITIVE_LENGTH_MEASURE(2.E-2),#18);
#8176=PRESENTATION_STYLE_ASSIGNMENT((#8175));
#8177=STYLED_ITEM('',(#8176),#8174);
#8178=DIRECTION('',(-1.E0,0.E0,0.E0));
#8179=VECTOR('',#8178,1.7E-1);
#8180=CARTESIAN_POINT('',(-1.58E0,0.E0,-3.E-1));
#8181=LINE('',#8180,#8179);
#8182=CURVE_STYLE('',#32,POSITIVE_LENGTH_MEASURE(2.E-2),#18);
#8183=PRESENTATION_STYLE_ASSIGNMENT((#8182));
#8184=STYLED_ITEM('',(#8183),#8181);
#8185=DIRECTION('',(0.E0,1.E0,0.E0));
#8186=VECTOR('',#8185,2.E-1);
#8187=CARTESIAN_POINT('',(-1.58E0,0.E0,1.3E0));
#8188=LINE('',#8187,#8186);
#8189=CURVE_STYLE('',#32,POSITIVE_LENGTH_MEASURE(2.E-2),#18);
#8190=PRESENTATION_STYLE_ASSIGNMENT((#8189));
#8191=STYLED_ITEM('',(#8190),#8188);
#8192=DIRECTION('',(0.E0,1.E0,0.E0));
#8193=VECTOR('',#8192,2.E-1);
#8194=CARTESIAN_POINT('',(-1.75E0,0.E0,1.3E0));
#8195=LINE('',#8194,#8193);
#8196=CURVE_STYLE('',#32,POSITIVE_LENGTH_MEASURE(2.E-2),#18);
#8197=PRESENTATION_STYLE_ASSIGNMENT((#8196));
#8198=STYLED_ITEM('',(#8197),#8195);
#8199=DIRECTION('',(0.E0,1.E0,0.E0));
#8200=VECTOR('',#8199,2.E-1);
#8201=CARTESIAN_POINT('',(-1.58E0,0.E0,1.1E0));
#8202=LINE('',#8201,#8200);
#8203=CURVE_STYLE('',#32,POSITIVE_LENGTH_MEASURE(2.E-2),#18);
#8204=PRESENTATION_STYLE_ASSIGNMENT((#8203));
#8205=STYLED_ITEM('',(#8204),#8202);
#8206=DIRECTION('',(0.E0,1.E0,0.E0));
#8207=VECTOR('',#8206,2.E-1);
#8208=CARTESIAN_POINT('',(-1.75E0,0.E0,1.1E0));
#8209=LINE('',#8208,#8207);
#8210=CURVE_STYLE('',#32,POSITIVE_LENGTH_MEASURE(2.E-2),#18);
#8211=PRESENTATION_STYLE_ASSIGNMENT((#8210));
#8212=STYLED_ITEM('',(#8211),#8209);
#8213=DIRECTION('',(0.E0,0.E0,1.E0));
#8214=VECTOR('',#8213,2.E0);
#8215=CARTESIAN_POINT('',(-1.35E0,2.E-1,-4.E-1));
#8216=LINE('',#8215,#8214);
#8217=CURVE_STYLE('',#32,POSITIVE_LENGTH_MEASURE(2.E-2),#18);
#8218=PRESENTATION_STYLE_ASSIGNMENT((#8217));
#8219=STYLED_ITEM('',(#8218),#8216);
#8220=CARTESIAN_POINT('',(-1.45E0,2.E-1,1.6E0));
#8221=DIRECTION('',(0.E0,-1.E0,0.E0));
#8222=DIRECTION('',(1.E0,0.E0,0.E0));
#8223=AXIS2_PLACEMENT_3D('',#8220,#8221,#8222);
#8225=CURVE_STYLE('',#32,POSITIVE_LENGTH_MEASURE(2.E-2),#18);
#8226=PRESENTATION_STYLE_ASSIGNMENT((#8225));
#8227=STYLED_ITEM('',(#8226),#8224);
#8228=DIRECTION('',(-1.E0,0.E0,0.E0));
#8229=VECTOR('',#8228,3.E-1);
#8230=CARTESIAN_POINT('',(-1.45E0,2.E-1,1.7E0));
#8231=LINE('',#8230,#8229);
#8232=CURVE_STYLE('',#32,POSITIVE_LENGTH_MEASURE(2.E-2),#18);
#8233=PRESENTATION_STYLE_ASSIGNMENT((#8232));
#8234=STYLED_ITEM('',(#8233),#8231);
#8235=DIRECTION('',(0.E0,0.E0,-1.E0));
#8236=VECTOR('',#8235,2.E-1);
#8237=CARTESIAN_POINT('',(-1.75E0,2.E-1,1.7E0));
#8238=LINE('',#8237,#8236);
#8239=CURVE_STYLE('',#32,POSITIVE_LENGTH_MEASURE(2.E-2),#18);
#8240=PRESENTATION_STYLE_ASSIGNMENT((#8239));
#8241=STYLED_ITEM('',(#8240),#8238);
#8242=DIRECTION('',(1.E0,0.E0,0.E0));
#8243=VECTOR('',#8242,1.7E-1);
#8244=CARTESIAN_POINT('',(-1.75E0,2.E-1,1.5E0));
#8245=LINE('',#8244,#8243);
#8246=CURVE_STYLE('',#32,POSITIVE_LENGTH_MEASURE(2.E-2),#18);
#8247=PRESENTATION_STYLE_ASSIGNMENT((#8246));
#8248=STYLED_ITEM('',(#8247),#8245);
#8249=DIRECTION('',(0.E0,0.E0,-1.E0));
#8250=VECTOR('',#8249,2.E-1);
#8251=CARTESIAN_POINT('',(-1.58E0,2.E-1,1.5E0));
#8252=LINE('',#8251,#8250);
#8253=CURVE_STYLE('',#32,POSITIVE_LENGTH_MEASURE(2.E-2),#18);
#8254=PRESENTATION_STYLE_ASSIGNMENT((#8253));
#8255=STYLED_ITEM('',(#8254),#8252);
#8256=DIRECTION('',(-1.E0,0.E0,0.E0));
#8257=VECTOR('',#8256,1.7E-1);
#8258=CARTESIAN_POINT('',(-1.58E0,2.E-1,1.3E0));
#8259=LINE('',#8258,#8257);
#8260=CURVE_STYLE('',#32,POSITIVE_LENGTH_MEASURE(2.E-2),#18);
#8261=PRESENTATION_STYLE_ASSIGNMENT((#8260));
#8262=STYLED_ITEM('',(#8261),#8259);
#8263=DIRECTION('',(0.E0,0.E0,-1.E0));
#8264=VECTOR('',#8263,2.E-1);
#8265=CARTESIAN_POINT('',(-1.75E0,2.E-1,1.3E0));
#8266=LINE('',#8265,#8264);
#8267=CURVE_STYLE('',#32,POSITIVE_LENGTH_MEASURE(2.E-2),#18);
#8268=PRESENTATION_STYLE_ASSIGNMENT((#8267));
#8269=STYLED_ITEM('',(#8268),#8266);
#8270=DIRECTION('',(1.E0,0.E0,0.E0));
#8271=VECTOR('',#8270,1.7E-1);
#8272=CARTESIAN_POINT('',(-1.75E0,2.E-1,1.1E0));
#8273=LINE('',#8272,#8271);
#8274=CURVE_STYLE('',#32,POSITIVE_LENGTH_MEASURE(2.E-2),#18);
#8275=PRESENTATION_STYLE_ASSIGNMENT((#8274));
#8276=STYLED_ITEM('',(#8275),#8273);
#8277=DIRECTION('',(0.E0,0.E0,-1.E0));
#8278=VECTOR('',#8277,2.E-1);
#8279=CARTESIAN_POINT('',(-1.58E0,2.E-1,1.1E0));
#8280=LINE('',#8279,#8278);
#8281=CURVE_STYLE('',#32,POSITIVE_LENGTH_MEASURE(2.E-2),#18);
#8282=PRESENTATION_STYLE_ASSIGNMENT((#8281));
#8283=STYLED_ITEM('',(#8282),#8280);
#8284=DIRECTION('',(-1.E0,0.E0,0.E0));
#8285=VECTOR('',#8284,1.7E-1);
#8286=CARTESIAN_POINT('',(-1.58E0,2.E-1,9.E-1));
#8287=LINE('',#8286,#8285);
#8288=CURVE_STYLE('',#32,POSITIVE_LENGTH_MEASURE(2.E-2),#18);
#8289=PRESENTATION_STYLE_ASSIGNMENT((#8288));
#8290=STYLED_ITEM('',(#8289),#8287);
#8291=DIRECTION('',(0.E0,0.E0,-1.E0));
#8292=VECTOR('',#8291,2.E-1);
#8293=CARTESIAN_POINT('',(-1.75E0,2.E-1,9.E-1));
#8294=LINE('',#8293,#8292);
#8295=CURVE_STYLE('',#32,POSITIVE_LENGTH_MEASURE(2.E-2),#18);
#8296=PRESENTATION_STYLE_ASSIGNMENT((#8295));
#8297=STYLED_ITEM('',(#8296),#8294);
#8298=DIRECTION('',(1.E0,0.E0,0.E0));
#8299=VECTOR('',#8298,1.7E-1);
#8300=CARTESIAN_POINT('',(-1.75E0,2.E-1,7.E-1));
#8301=LINE('',#8300,#8299);
#8302=CURVE_STYLE('',#32,POSITIVE_LENGTH_MEASURE(2.E-2),#18);
#8303=PRESENTATION_STYLE_ASSIGNMENT((#8302));
#8304=STYLED_ITEM('',(#8303),#8301);
#8305=DIRECTION('',(0.E0,0.E0,-1.E0));
#8306=VECTOR('',#8305,2.E-1);
#8307=CARTESIAN_POINT('',(-1.58E0,2.E-1,7.E-1));
#8308=LINE('',#8307,#8306);
#8309=CURVE_STYLE('',#32,POSITIVE_LENGTH_MEASURE(2.E-2),#18);
#8310=PRESENTATION_STYLE_ASSIGNMENT((#8309));
#8311=STYLED_ITEM('',(#8310),#8308);
#8312=DIRECTION('',(-1.E0,0.E0,0.E0));
#8313=VECTOR('',#8312,1.7E-1);
#8314=CARTESIAN_POINT('',(-1.58E0,2.E-1,5.E-1));
#8315=LINE('',#8314,#8313);
#8316=CURVE_STYLE('',#32,POSITIVE_LENGTH_MEASURE(2.E-2),#18);
#8317=PRESENTATION_STYLE_ASSIGNMENT((#8316));
#8318=STYLED_ITEM('',(#8317),#8315);
#8319=DIRECTION('',(0.E0,0.E0,-1.E0));
#8320=VECTOR('',#8319,2.E-1);
#8321=CARTESIAN_POINT('',(-1.75E0,2.E-1,5.E-1));
#8322=LINE('',#8321,#8320);
#8323=CURVE_STYLE('',#32,POSITIVE_LENGTH_MEASURE(2.E-2),#18);
#8324=PRESENTATION_STYLE_ASSIGNMENT((#8323));
#8325=STYLED_ITEM('',(#8324),#8322);
#8326=DIRECTION('',(1.E0,0.E0,0.E0));
#8327=VECTOR('',#8326,1.7E-1);
#8328=CARTESIAN_POINT('',(-1.75E0,2.E-1,3.E-1));
#8329=LINE('',#8328,#8327);
#8330=CURVE_STYLE('',#32,POSITIVE_LENGTH_MEASURE(2.E-2),#18);
#8331=PRESENTATION_STYLE_ASSIGNMENT((#8330));
#8332=STYLED_ITEM('',(#8331),#8329);
#8333=DIRECTION('',(0.E0,0.E0,-1.E0));
#8334=VECTOR('',#8333,2.E-1);
#8335=CARTESIAN_POINT('',(-1.58E0,2.E-1,3.E-1));
#8336=LINE('',#8335,#8334);
#8337=CURVE_STYLE('',#32,POSITIVE_LENGTH_MEASURE(2.E-2),#18);
#8338=PRESENTATION_STYLE_ASSIGNMENT((#8337));
#8339=STYLED_ITEM('',(#8338),#8336);
#8340=DIRECTION('',(-1.E0,0.E0,0.E0));
#8341=VECTOR('',#8340,1.7E-1);
#8342=CARTESIAN_POINT('',(-1.58E0,2.E-1,1.E-1));
#8343=LINE('',#8342,#8341);
#8344=CURVE_STYLE('',#32,POSITIVE_LENGTH_MEASURE(2.E-2),#18);
#8345=PRESENTATION_STYLE_ASSIGNMENT((#8344));
#8346=STYLED_ITEM('',(#8345),#8343);
#8347=DIRECTION('',(0.E0,0.E0,-1.E0));
#8348=VECTOR('',#8347,2.E-1);
#8349=CARTESIAN_POINT('',(-1.75E0,2.E-1,1.E-1));
#8350=LINE('',#8349,#8348);
#8351=CURVE_STYLE('',#32,POSITIVE_LENGTH_MEASURE(2.E-2),#18);
#8352=PRESENTATION_STYLE_ASSIGNMENT((#8351));
#8353=STYLED_ITEM('',(#8352),#8350);
#8354=DIRECTION('',(1.E0,0.E0,0.E0));
#8355=VECTOR('',#8354,1.7E-1);
#8356=CARTESIAN_POINT('',(-1.75E0,2.E-1,-1.E-1));
#8357=LINE('',#8356,#8355);
#8358=CURVE_STYLE('',#32,POSITIVE_LENGTH_MEASURE(2.E-2),#18);
#8359=PRESENTATION_STYLE_ASSIGNMENT((#8358));
#8360=STYLED_ITEM('',(#8359),#8357);
#8361=DIRECTION('',(0.E0,0.E0,-1.E0));
#8362=VECTOR('',#8361,2.E-1);
#8363=CARTESIAN_POINT('',(-1.58E0,2.E-1,-1.E-1));
#8364=LINE('',#8363,#8362);
#8365=CURVE_STYLE('',#32,POSITIVE_LENGTH_MEASURE(2.E-2),#18);
#8366=PRESENTATION_STYLE_ASSIGNMENT((#8365));
#8367=STYLED_ITEM('',(#8366),#8364);
#8368=DIRECTION('',(-1.E0,0.E0,0.E0));
#8369=VECTOR('',#8368,1.7E-1);
#8370=CARTESIAN_POINT('',(-1.58E0,2.E-1,-3.E-1));
#8371=LINE('',#8370,#8369);
#8372=CURVE_STYLE('',#32,POSITIVE_LENGTH_MEASURE(2.E-2),#18);
#8373=PRESENTATION_STYLE_ASSIGNMENT((#8372));
#8374=STYLED_ITEM('',(#8373),#8371);
#8375=DIRECTION('',(0.E0,0.E0,-1.E0));
#8376=VECTOR('',#8375,2.E-1);
#8377=CARTESIAN_POINT('',(-1.75E0,2.E-1,-3.E-1));
#8378=LINE('',#8377,#8376);
#8379=CURVE_STYLE('',#32,POSITIVE_LENGTH_MEASURE(2.E-2),#18);
#8380=PRESENTATION_STYLE_ASSIGNMENT((#8379));
#8381=STYLED_ITEM('',(#8380),#8378);
#8382=DIRECTION('',(1.E0,0.E0,0.E0));
#8383=VECTOR('',#8382,3.E-1);
#8384=CARTESIAN_POINT('',(-1.75E0,2.E-1,-5.E-1));
#8385=LINE('',#8384,#8383);
#8386=CURVE_STYLE('',#32,POSITIVE_LENGTH_MEASURE(2.E-2),#18);
#8387=PRESENTATION_STYLE_ASSIGNMENT((#8386));
#8388=STYLED_ITEM('',(#8387),#8385);
#8389=CARTESIAN_POINT('',(-1.45E0,2.E-1,-4.E-1));
#8390=DIRECTION('',(0.E0,-1.E0,0.E0));
#8391=DIRECTION('',(0.E0,0.E0,-1.E0));
#8392=AXIS2_PLACEMENT_3D('',#8389,#8390,#8391);
#8394=CURVE_STYLE('',#32,POSITIVE_LENGTH_MEASURE(2.E-2),#18);
#8395=PRESENTATION_STYLE_ASSIGNMENT((#8394));
#8396=STYLED_ITEM('',(#8395),#8393);
#8397=DIRECTION('',(0.E0,-1.E0,0.E0));
#8398=VECTOR('',#8397,2.E-1);
#8399=CARTESIAN_POINT('',(-1.35E0,2.E-1,1.6E0));
#8400=LINE('',#8399,#8398);
#8401=CURVE_STYLE('',#32,POSITIVE_LENGTH_MEASURE(2.E-2),#18);
#8402=PRESENTATION_STYLE_ASSIGNMENT((#8401));
#8403=STYLED_ITEM('',(#8402),#8400);
#8404=DIRECTION('',(0.E0,1.E0,0.E0));
#8405=VECTOR('',#8404,2.E-1);
#8406=CARTESIAN_POINT('',(-1.45E0,0.E0,1.7E0));
#8407=LINE('',#8406,#8405);
#8408=CURVE_STYLE('',#32,POSITIVE_LENGTH_MEASURE(2.E-2),#18);
#8409=PRESENTATION_STYLE_ASSIGNMENT((#8408));
#8410=STYLED_ITEM('',(#8409),#8407);
#8411=DIRECTION('',(0.E0,-1.E0,0.E0));
#8412=VECTOR('',#8411,2.E-1);
#8413=CARTESIAN_POINT('',(-1.35E0,2.E-1,-4.E-1));
#8414=LINE('',#8413,#8412);
#8415=CURVE_STYLE('',#32,POSITIVE_LENGTH_MEASURE(2.E-2),#18);
#8416=PRESENTATION_STYLE_ASSIGNMENT((#8415));
#8417=STYLED_ITEM('',(#8416),#8414);
#8418=DIRECTION('',(0.E0,1.E0,0.E0));
#8419=VECTOR('',#8418,2.E-1);
#8420=CARTESIAN_POINT('',(-1.45E0,0.E0,-5.E-1));
#8421=LINE('',#8420,#8419);
#8422=CURVE_STYLE('',#32,POSITIVE_LENGTH_MEASURE(2.E-2),#18);
#8423=PRESENTATION_STYLE_ASSIGNMENT((#8422));
#8424=STYLED_ITEM('',(#8423),#8421);
#8425=DIRECTION('',(0.E0,1.E0,0.E0));
#8426=VECTOR('',#8425,2.E-1);
#8427=CARTESIAN_POINT('',(-1.75E0,0.E0,-5.E-1));
#8428=LINE('',#8427,#8426);
#8429=CURVE_STYLE('',#32,POSITIVE_LENGTH_MEASURE(2.E-2),#18);
#8430=PRESENTATION_STYLE_ASSIGNMENT((#8429));
#8431=STYLED_ITEM('',(#8430),#8428);
#8432=DIRECTION('',(0.E0,1.E0,0.E0));
#8433=VECTOR('',#8432,2.E-1);
#8434=CARTESIAN_POINT('',(-1.75E0,0.E0,-3.E-1));
#8435=LINE('',#8434,#8433);
#8436=CURVE_STYLE('',#32,POSITIVE_LENGTH_MEASURE(2.E-2),#18);
#8437=PRESENTATION_STYLE_ASSIGNMENT((#8436));
#8438=STYLED_ITEM('',(#8437),#8435);
#8439=DIRECTION('',(0.E0,1.E0,0.E0));
#8440=VECTOR('',#8439,2.E-1);
#8441=CARTESIAN_POINT('',(-1.58E0,0.E0,-3.E-1));
#8442=LINE('',#8441,#8440);
#8443=CURVE_STYLE('',#32,POSITIVE_LENGTH_MEASURE(2.E-2),#18);
#8444=PRESENTATION_STYLE_ASSIGNMENT((#8443));
#8445=STYLED_ITEM('',(#8444),#8442);
#8446=DIRECTION('',(0.E0,1.E0,0.E0));
#8447=VECTOR('',#8446,2.E-1);
#8448=CARTESIAN_POINT('',(-1.58E0,0.E0,1.5E0));
#8449=LINE('',#8448,#8447);
#8450=CURVE_STYLE('',#32,POSITIVE_LENGTH_MEASURE(2.E-2),#18);
#8451=PRESENTATION_STYLE_ASSIGNMENT((#8450));
#8452=STYLED_ITEM('',(#8451),#8449);
#8453=DIRECTION('',(0.E0,1.E0,0.E0));
#8454=VECTOR('',#8453,2.E-1);
#8455=CARTESIAN_POINT('',(-1.75E0,0.E0,1.5E0));
#8456=LINE('',#8455,#8454);
#8457=CURVE_STYLE('',#32,POSITIVE_LENGTH_MEASURE(2.E-2),#18);
#8458=PRESENTATION_STYLE_ASSIGNMENT((#8457));
#8459=STYLED_ITEM('',(#8458),#8456);
#8460=DIRECTION('',(0.E0,1.E0,0.E0));
#8461=VECTOR('',#8460,2.E-1);
#8462=CARTESIAN_POINT('',(-1.58E0,0.E0,9.E-1));
#8463=LINE('',#8462,#8461);
#8464=CURVE_STYLE('',#32,POSITIVE_LENGTH_MEASURE(2.E-2),#18);
#8465=PRESENTATION_STYLE_ASSIGNMENT((#8464));
#8466=STYLED_ITEM('',(#8465),#8463);
#8467=DIRECTION('',(0.E0,1.E0,0.E0));
#8468=VECTOR('',#8467,2.E-1);
#8469=CARTESIAN_POINT('',(-1.75E0,0.E0,9.E-1));
#8470=LINE('',#8469,#8468);
#8471=CURVE_STYLE('',#32,POSITIVE_LENGTH_MEASURE(2.E-2),#18);
#8472=PRESENTATION_STYLE_ASSIGNMENT((#8471));
#8473=STYLED_ITEM('',(#8472),#8470);
#8474=DIRECTION('',(0.E0,1.E0,0.E0));
#8475=VECTOR('',#8474,2.E-1);
#8476=CARTESIAN_POINT('',(-1.58E0,0.E0,7.E-1));
#8477=LINE('',#8476,#8475);
#8478=CURVE_STYLE('',#32,POSITIVE_LENGTH_MEASURE(2.E-2),#18);
#8479=PRESENTATION_STYLE_ASSIGNMENT((#8478));
#8480=STYLED_ITEM('',(#8479),#8477);
#8481=DIRECTION('',(0.E0,1.E0,0.E0));
#8482=VECTOR('',#8481,2.E-1);
#8483=CARTESIAN_POINT('',(-1.75E0,0.E0,7.E-1));
#8484=LINE('',#8483,#8482);
#8485=CURVE_STYLE('',#32,POSITIVE_LENGTH_MEASURE(2.E-2),#18);
#8486=PRESENTATION_STYLE_ASSIGNMENT((#8485));
#8487=STYLED_ITEM('',(#8486),#8484);
#8488=DIRECTION('',(0.E0,1.E0,0.E0));
#8489=VECTOR('',#8488,2.E-1);
#8490=CARTESIAN_POINT('',(-1.58E0,0.E0,5.E-1));
#8491=LINE('',#8490,#8489);
#8492=CURVE_STYLE('',#32,POSITIVE_LENGTH_MEASURE(2.E-2),#18);
#8493=PRESENTATION_STYLE_ASSIGNMENT((#8492));
#8494=STYLED_ITEM('',(#8493),#8491);
#8495=DIRECTION('',(0.E0,1.E0,0.E0));
#8496=VECTOR('',#8495,2.E-1);
#8497=CARTESIAN_POINT('',(-1.75E0,0.E0,5.E-1));
#8498=LINE('',#8497,#8496);
#8499=CURVE_STYLE('',#32,POSITIVE_LENGTH_MEASURE(2.E-2),#18);
#8500=PRESENTATION_STYLE_ASSIGNMENT((#8499));
#8501=STYLED_ITEM('',(#8500),#8498);
#8502=DIRECTION('',(0.E0,1.E0,0.E0));
#8503=VECTOR('',#8502,2.E-1);
#8504=CARTESIAN_POINT('',(-1.58E0,0.E0,3.E-1));
#8505=LINE('',#8504,#8503);
#8506=CURVE_STYLE('',#32,POSITIVE_LENGTH_MEASURE(2.E-2),#18);
#8507=PRESENTATION_STYLE_ASSIGNMENT((#8506));
#8508=STYLED_ITEM('',(#8507),#8505);
#8509=DIRECTION('',(0.E0,1.E0,0.E0));
#8510=VECTOR('',#8509,2.E-1);
#8511=CARTESIAN_POINT('',(-1.75E0,0.E0,3.E-1));
#8512=LINE('',#8511,#8510);
#8513=CURVE_STYLE('',#32,POSITIVE_LENGTH_MEASURE(2.E-2),#18);
#8514=PRESENTATION_STYLE_ASSIGNMENT((#8513));
#8515=STYLED_ITEM('',(#8514),#8512);
#8516=DIRECTION('',(0.E0,1.E0,0.E0));
#8517=VECTOR('',#8516,2.E-1);
#8518=CARTESIAN_POINT('',(-1.58E0,0.E0,1.E-1));
#8519=LINE('',#8518,#8517);
#8520=CURVE_STYLE('',#32,POSITIVE_LENGTH_MEASURE(2.E-2),#18);
#8521=PRESENTATION_STYLE_ASSIGNMENT((#8520));
#8522=STYLED_ITEM('',(#8521),#8519);
#8523=DIRECTION('',(0.E0,1.E0,0.E0));
#8524=VECTOR('',#8523,2.E-1);
#8525=CARTESIAN_POINT('',(-1.75E0,0.E0,1.E-1));
#8526=LINE('',#8525,#8524);
#8527=CURVE_STYLE('',#32,POSITIVE_LENGTH_MEASURE(2.E-2),#18);
#8528=PRESENTATION_STYLE_ASSIGNMENT((#8527));
#8529=STYLED_ITEM('',(#8528),#8526);
#8530=DIRECTION('',(0.E0,1.E0,0.E0));
#8531=VECTOR('',#8530,2.E-1);
#8532=CARTESIAN_POINT('',(-1.58E0,0.E0,-1.E-1));
#8533=LINE('',#8532,#8531);
#8534=CURVE_STYLE('',#32,POSITIVE_LENGTH_MEASURE(2.E-2),#18);
#8535=PRESENTATION_STYLE_ASSIGNMENT((#8534));
#8536=STYLED_ITEM('',(#8535),#8533);
#8537=DIRECTION('',(0.E0,1.E0,0.E0));
#8538=VECTOR('',#8537,2.E-1);
#8539=CARTESIAN_POINT('',(-1.75E0,0.E0,-1.E-1));
#8540=LINE('',#8539,#8538);
#8541=CURVE_STYLE('',#32,POSITIVE_LENGTH_MEASURE(2.E-2),#18);
#8542=PRESENTATION_STYLE_ASSIGNMENT((#8541));
#8543=STYLED_ITEM('',(#8542),#8540);
#8544=CARTESIAN_POINT('',(-1.75E0,0.E0,-5.E-1));
#8545=CARTESIAN_POINT('',(-1.45E0,0.E0,-5.E-1));
#8546=VERTEX_POINT('',#8544);
#8547=VERTEX_POINT('',#8545);
#8548=CARTESIAN_POINT('',(-1.75E0,0.E0,-3.E-1));
#8549=VERTEX_POINT('',#8548);
#8550=CARTESIAN_POINT('',(-1.75E0,2.E-1,-5.E-1));
#8551=CARTESIAN_POINT('',(-1.45E0,2.E-1,-5.E-1));
#8552=VERTEX_POINT('',#8550);
#8553=VERTEX_POINT('',#8551);
#8554=CARTESIAN_POINT('',(-1.75E0,2.E-1,-3.E-1));
#8555=VERTEX_POINT('',#8554);
#8556=CARTESIAN_POINT('',(-1.75E0,0.E0,1.E-1));
#8557=CARTESIAN_POINT('',(-1.75E0,0.E0,-1.E-1));
#8558=VERTEX_POINT('',#8556);
#8559=VERTEX_POINT('',#8557);
#8560=CARTESIAN_POINT('',(-1.75E0,2.E-1,1.E-1));
#8561=CARTESIAN_POINT('',(-1.75E0,2.E-1,-1.E-1));
#8562=VERTEX_POINT('',#8560);
#8563=VERTEX_POINT('',#8561);
#8564=CARTESIAN_POINT('',(-1.75E0,0.E0,5.E-1));
#8565=CARTESIAN_POINT('',(-1.75E0,0.E0,3.E-1));
#8566=VERTEX_POINT('',#8564);
#8567=VERTEX_POINT('',#8565);
#8568=CARTESIAN_POINT('',(-1.75E0,2.E-1,5.E-1));
#8569=CARTESIAN_POINT('',(-1.75E0,2.E-1,3.E-1));
#8570=VERTEX_POINT('',#8568);
#8571=VERTEX_POINT('',#8569);
#8572=CARTESIAN_POINT('',(-1.75E0,0.E0,9.E-1));
#8573=CARTESIAN_POINT('',(-1.75E0,0.E0,7.E-1));
#8574=VERTEX_POINT('',#8572);
#8575=VERTEX_POINT('',#8573);
#8576=CARTESIAN_POINT('',(-1.75E0,2.E-1,9.E-1));
#8577=CARTESIAN_POINT('',(-1.75E0,2.E-1,7.E-1));
#8578=VERTEX_POINT('',#8576);
#8579=VERTEX_POINT('',#8577);
#8580=CARTESIAN_POINT('',(-1.75E0,0.E0,1.3E0));
#8581=CARTESIAN_POINT('',(-1.75E0,0.E0,1.1E0));
#8582=VERTEX_POINT('',#8580);
#8583=VERTEX_POINT('',#8581);
#8584=CARTESIAN_POINT('',(-1.75E0,2.E-1,1.3E0));
#8585=CARTESIAN_POINT('',(-1.75E0,2.E-1,1.1E0));
#8586=VERTEX_POINT('',#8584);
#8587=VERTEX_POINT('',#8585);
#8588=CARTESIAN_POINT('',(-1.45E0,0.E0,1.7E0));
#8589=CARTESIAN_POINT('',(-1.75E0,0.E0,1.7E0));
#8590=VERTEX_POINT('',#8588);
#8591=VERTEX_POINT('',#8589);
#8592=CARTESIAN_POINT('',(-1.75E0,0.E0,1.5E0));
#8593=VERTEX_POINT('',#8592);
#8594=CARTESIAN_POINT('',(-1.45E0,2.E-1,1.7E0));
#8595=CARTESIAN_POINT('',(-1.75E0,2.E-1,1.7E0));
#8596=VERTEX_POINT('',#8594);
#8597=VERTEX_POINT('',#8595);
#8598=CARTESIAN_POINT('',(-1.75E0,2.E-1,1.5E0));
#8599=VERTEX_POINT('',#8598);
#8600=CARTESIAN_POINT('',(-1.58E0,0.E0,1.5E0));
#8601=CARTESIAN_POINT('',(-1.58E0,0.E0,1.3E0));
#8602=VERTEX_POINT('',#8600);
#8603=VERTEX_POINT('',#8601);
#8604=CARTESIAN_POINT('',(-1.58E0,0.E0,1.1E0));
#8605=CARTESIAN_POINT('',(-1.58E0,0.E0,9.E-1));
#8606=VERTEX_POINT('',#8604);
#8607=VERTEX_POINT('',#8605);
#8608=CARTESIAN_POINT('',(-1.58E0,2.E-1,1.5E0));
#8609=CARTESIAN_POINT('',(-1.58E0,2.E-1,1.3E0));
#8610=VERTEX_POINT('',#8608);
#8611=VERTEX_POINT('',#8609);
#8612=CARTESIAN_POINT('',(-1.58E0,2.E-1,1.1E0));
#8613=CARTESIAN_POINT('',(-1.58E0,2.E-1,9.E-1));
#8614=VERTEX_POINT('',#8612);
#8615=VERTEX_POINT('',#8613);
#8616=CARTESIAN_POINT('',(-1.58E0,0.E0,7.E-1));
#8617=CARTESIAN_POINT('',(-1.58E0,0.E0,5.E-1));
#8618=VERTEX_POINT('',#8616);
#8619=VERTEX_POINT('',#8617);
#8620=CARTESIAN_POINT('',(-1.58E0,2.E-1,7.E-1));
#8621=CARTESIAN_POINT('',(-1.58E0,2.E-1,5.E-1));
#8622=VERTEX_POINT('',#8620);
#8623=VERTEX_POINT('',#8621);
#8624=CARTESIAN_POINT('',(-1.35E0,2.E-1,1.6E0));
#8625=CARTESIAN_POINT('',(-1.35E0,0.E0,1.6E0));
#8626=VERTEX_POINT('',#8624);
#8627=VERTEX_POINT('',#8625);
#8628=CARTESIAN_POINT('',(-1.35E0,2.E-1,-4.E-1));
#8629=CARTESIAN_POINT('',(-1.35E0,0.E0,-4.E-1));
#8630=VERTEX_POINT('',#8628);
#8631=VERTEX_POINT('',#8629);
#8632=CARTESIAN_POINT('',(-1.58E0,0.E0,-3.E-1));
#8633=CARTESIAN_POINT('',(-1.58E0,2.E-1,-3.E-1));
#8634=VERTEX_POINT('',#8632);
#8635=VERTEX_POINT('',#8633);
#8636=CARTESIAN_POINT('',(-1.58E0,0.E0,-1.E-1));
#8637=CARTESIAN_POINT('',(-1.58E0,2.E-1,-1.E-1));
#8638=VERTEX_POINT('',#8636);
#8639=VERTEX_POINT('',#8637);
#8640=CARTESIAN_POINT('',(-1.58E0,0.E0,1.E-1));
#8641=CARTESIAN_POINT('',(-1.58E0,2.E-1,1.E-1));
#8642=VERTEX_POINT('',#8640);
#8643=VERTEX_POINT('',#8641);
#8644=CARTESIAN_POINT('',(-1.58E0,0.E0,3.E-1));
#8645=CARTESIAN_POINT('',(-1.58E0,2.E-1,3.E-1));
#8646=VERTEX_POINT('',#8644);
#8647=VERTEX_POINT('',#8645);
#8648=CARTESIAN_POINT('',(-1.75E0,0.E0,1.7E0));
#8649=DIRECTION('',(1.E0,0.E0,0.E0));
#8650=DIRECTION('',(0.E0,0.E0,-1.E0));
#8651=AXIS2_PLACEMENT_3D('',#8648,#8649,#8650);
#8652=PLANE('',#8651);
#8654=ORIENTED_EDGE('',*,*,#8653,.T.);
#8656=ORIENTED_EDGE('',*,*,#8655,.T.);
#8658=ORIENTED_EDGE('',*,*,#8657,.F.);
#8660=ORIENTED_EDGE('',*,*,#8659,.F.);
#8661=EDGE_LOOP('',(#8654,#8656,#8658,#8660));
#8662=FACE_OUTER_BOUND('',#8661,.F.);
#8664=CARTESIAN_POINT('',(0.E0,0.E0,0.E0));
#8665=DIRECTION('',(0.E0,-1.E0,0.E0));
#8666=DIRECTION('',(-1.E0,0.E0,0.E0));
#8667=AXIS2_PLACEMENT_3D('',#8664,#8665,#8666);
#8668=PLANE('',#8667);
#8670=ORIENTED_EDGE('',*,*,#8669,.F.);
#8672=ORIENTED_EDGE('',*,*,#8671,.F.);
#8674=ORIENTED_EDGE('',*,*,#8673,.F.);
#8676=ORIENTED_EDGE('',*,*,#8675,.F.);
#8678=ORIENTED_EDGE('',*,*,#8677,.F.);
#8680=ORIENTED_EDGE('',*,*,#8679,.F.);
#8682=ORIENTED_EDGE('',*,*,#8681,.F.);
#8684=ORIENTED_EDGE('',*,*,#8683,.F.);
#8686=ORIENTED_EDGE('',*,*,#8685,.F.);
#8688=ORIENTED_EDGE('',*,*,#8687,.F.);
#8690=ORIENTED_EDGE('',*,*,#8689,.F.);
#8692=ORIENTED_EDGE('',*,*,#8691,.F.);
#8694=ORIENTED_EDGE('',*,*,#8693,.F.);
#8696=ORIENTED_EDGE('',*,*,#8695,.F.);
#8698=ORIENTED_EDGE('',*,*,#8697,.F.);
#8700=ORIENTED_EDGE('',*,*,#8699,.F.);
#8702=ORIENTED_EDGE('',*,*,#8701,.F.);
#8704=ORIENTED_EDGE('',*,*,#8703,.F.);
#8705=ORIENTED_EDGE('',*,*,#8653,.F.);
#8707=ORIENTED_EDGE('',*,*,#8706,.F.);
#8709=ORIENTED_EDGE('',*,*,#8708,.F.);
#8711=ORIENTED_EDGE('',*,*,#8710,.T.);
#8713=ORIENTED_EDGE('',*,*,#8712,.F.);
#8715=ORIENTED_EDGE('',*,*,#8714,.F.);
#8717=ORIENTED_EDGE('',*,*,#8716,.F.);
#8719=ORIENTED_EDGE('',*,*,#8718,.F.);
#8720=EDGE_LOOP('',(#8670,#8672,#8674,#8676,#8678,#8680,#8682,#8684,#8686,#8688,
#8690,#8692,#8694,#8696,#8698,#8700,#8702,#8704,#8705,#8707,#8709,#8711,#8713,
#8715,#8717,#8719));
#8721=FACE_OUTER_BOUND('',#8720,.F.);
#8723=FILL_AREA_STYLE_COLOUR('',#26);
#8724=FILL_AREA_STYLE('',(#8723));
#8725=SURFACE_STYLE_FILL_AREA(#8724);
#8726=SURFACE_SIDE_STYLE('',(#8725));
#8727=SURFACE_STYLE_USAGE(.POSITIVE.,#8726);
#8728=PRESENTATION_STYLE_ASSIGNMENT((#8727));
#8729=OVER_RIDING_STYLED_ITEM('',(#8728),#8722,#7993);
#8730=CARTESIAN_POINT('',(-1.58E0,0.E0,1.6E0));
#8731=DIRECTION('',(1.E0,0.E0,0.E0));
#8732=DIRECTION('',(0.E0,0.E0,-1.E0));
#8733=AXIS2_PLACEMENT_3D('',#8730,#8731,#8732);
#8734=PLANE('',#8733);
#8735=ORIENTED_EDGE('',*,*,#8701,.T.);
#8737=ORIENTED_EDGE('',*,*,#8736,.T.);
#8739=ORIENTED_EDGE('',*,*,#8738,.F.);
#8741=ORIENTED_EDGE('',*,*,#8740,.F.);
#8742=EDGE_LOOP('',(#8735,#8737,#8739,#8741));
#8743=FACE_OUTER_BOUND('',#8742,.F.);
#8745=CARTESIAN_POINT('',(-1.58E0,0.E0,1.6E0));
#8746=DIRECTION('',(1.E0,0.E0,0.E0));
#8747=DIRECTION('',(0.E0,0.E0,-1.E0));
#8748=AXIS2_PLACEMENT_3D('',#8745,#8746,#8747);
#8749=PLANE('',#8748);
#8750=ORIENTED_EDGE('',*,*,#8693,.T.);
#8752=ORIENTED_EDGE('',*,*,#8751,.T.);
#8754=ORIENTED_EDGE('',*,*,#8753,.F.);
#8756=ORIENTED_EDGE('',*,*,#8755,.F.);
#8757=EDGE_LOOP('',(#8750,#8752,#8754,#8756));
#8758=FACE_OUTER_BOUND('',#8757,.F.);
#8760=CARTESIAN_POINT('',(-1.58E0,0.E0,1.6E0));
#8761=DIRECTION('',(1.E0,0.E0,0.E0));
#8762=DIRECTION('',(0.E0,0.E0,-1.E0));
#8763=AXIS2_PLACEMENT_3D('',#8760,#8761,#8762);
#8764=PLANE('',#8763);
#8765=ORIENTED_EDGE('',*,*,#8685,.T.);
#8767=ORIENTED_EDGE('',*,*,#8766,.T.);
#8769=ORIENTED_EDGE('',*,*,#8768,.F.);
#8771=ORIENTED_EDGE('',*,*,#8770,.F.);
#8772=EDGE_LOOP('',(#8765,#8767,#8769,#8771));
#8773=FACE_OUTER_BOUND('',#8772,.F.);
#8775=CARTESIAN_POINT('',(-1.58E0,0.E0,1.6E0));
#8776=DIRECTION('',(1.E0,0.E0,0.E0));
#8777=DIRECTION('',(0.E0,0.E0,-1.E0));
#8778=AXIS2_PLACEMENT_3D('',#8775,#8776,#8777);
#8779=PLANE('',#8778);
#8781=ORIENTED_EDGE('',*,*,#8780,.T.);
#8783=ORIENTED_EDGE('',*,*,#8782,.F.);
#8785=ORIENTED_EDGE('',*,*,#8784,.F.);
#8786=ORIENTED_EDGE('',*,*,#8669,.T.);
#8787=EDGE_LOOP('',(#8781,#8783,#8785,#8786));
#8788=FACE_OUTER_BOUND('',#8787,.F.);
#8790=CARTESIAN_POINT('',(-1.58E0,0.E0,1.6E0));
#8791=DIRECTION('',(1.E0,0.E0,0.E0));
#8792=DIRECTION('',(0.E0,0.E0,-1.E0));
#8793=AXIS2_PLACEMENT_3D('',#8790,#8791,#8792);
#8794=PLANE('',#8793);
#8796=ORIENTED_EDGE('',*,*,#8795,.T.);
#8798=ORIENTED_EDGE('',*,*,#8797,.F.);
#8800=ORIENTED_EDGE('',*,*,#8799,.F.);
#8801=ORIENTED_EDGE('',*,*,#8677,.T.);
#8802=EDGE_LOOP('',(#8796,#8798,#8800,#8801));
#8803=FACE_OUTER_BOUND('',#8802,.F.);
#8805=CARTESIAN_POINT('',(-1.45E0,0.E0,1.3E0));
#8806=DIRECTION('',(0.E0,0.E0,-1.E0));
#8807=DIRECTION('',(-1.E0,0.E0,0.E0));
#8808=AXIS2_PLACEMENT_3D('',#8805,#8806,#8807);
#8809=PLANE('',#8808);
#8810=ORIENTED_EDGE('',*,*,#8736,.F.);
#8811=ORIENTED_EDGE('',*,*,#8699,.T.);
#8813=ORIENTED_EDGE('',*,*,#8812,.T.);
#8815=ORIENTED_EDGE('',*,*,#8814,.F.);
#8816=EDGE_LOOP('',(#8810,#8811,#8813,#8815));
#8817=FACE_OUTER_BOUND('',#8816,.F.);
#8819=CARTESIAN_POINT('',(-1.75E0,0.E0,1.3E0));
#8820=DIRECTION('',(1.E0,0.E0,0.E0));
#8821=DIRECTION('',(0.E0,0.E0,-1.E0));
#8822=AXIS2_PLACEMENT_3D('',#8819,#8820,#8821);
#8823=PLANE('',#8822);
#8824=ORIENTED_EDGE('',*,*,#8697,.T.);
#8826=ORIENTED_EDGE('',*,*,#8825,.T.);
#8828=ORIENTED_EDGE('',*,*,#8827,.F.);
#8829=ORIENTED_EDGE('',*,*,#8812,.F.);
#8830=EDGE_LOOP('',(#8824,#8826,#8828,#8829));
#8831=FACE_OUTER_BOUND('',#8830,.F.);
#8833=CARTESIAN_POINT('',(-1.75E0,0.E0,1.1E0));
#8834=DIRECTION('',(0.E0,0.E0,1.E0));
#8835=DIRECTION('',(1.E0,0.E0,0.E0));
#8836=AXIS2_PLACEMENT_3D('',#8833,#8834,#8835);
#8837=PLANE('',#8836);
#8838=ORIENTED_EDGE('',*,*,#8755,.T.);
#8840=ORIENTED_EDGE('',*,*,#8839,.F.);
#8841=ORIENTED_EDGE('',*,*,#8825,.F.);
#8842=ORIENTED_EDGE('',*,*,#8695,.T.);
#8843=EDGE_LOOP('',(#8838,#8840,#8841,#8842));
#8844=FACE_OUTER_BOUND('',#8843,.F.);
#8846=CARTESIAN_POINT('',(0.E0,2.E-1,0.E0));
#8847=DIRECTION('',(0.E0,-1.E0,0.E0));
#8848=DIRECTION('',(-1.E0,0.E0,0.E0));
#8849=AXIS2_PLACEMENT_3D('',#8846,#8847,#8848);
#8850=PLANE('',#8849);
#8852=ORIENTED_EDGE('',*,*,#8851,.T.);
#8854=ORIENTED_EDGE('',*,*,#8853,.T.);
#8856=ORIENTED_EDGE('',*,*,#8855,.T.);
#8857=ORIENTED_EDGE('',*,*,#8657,.T.);
#8859=ORIENTED_EDGE('',*,*,#8858,.T.);
#8860=ORIENTED_EDGE('',*,*,#8738,.T.);
#8861=ORIENTED_EDGE('',*,*,#8814,.T.);
#8862=ORIENTED_EDGE('',*,*,#8827,.T.);
#8863=ORIENTED_EDGE('',*,*,#8839,.T.);
#8864=ORIENTED_EDGE('',*,*,#8753,.T.);
#8866=ORIENTED_EDGE('',*,*,#8865,.T.);
#8868=ORIENTED_EDGE('',*,*,#8867,.T.);
#8870=ORIENTED_EDGE('',*,*,#8869,.T.);
#8871=ORIENTED_EDGE('',*,*,#8768,.T.);
#8873=ORIENTED_EDGE('',*,*,#8872,.T.);
#8875=ORIENTED_EDGE('',*,*,#8874,.T.);
#8877=ORIENTED_EDGE('',*,*,#8876,.T.);
#8878=ORIENTED_EDGE('',*,*,#8797,.T.);
#8880=ORIENTED_EDGE('',*,*,#8879,.T.);
#8882=ORIENTED_EDGE('',*,*,#8881,.T.);
#8884=ORIENTED_EDGE('',*,*,#8883,.T.);
#8885=ORIENTED_EDGE('',*,*,#8782,.T.);
#8887=ORIENTED_EDGE('',*,*,#8886,.T.);
#8889=ORIENTED_EDGE('',*,*,#8888,.T.);
#8891=ORIENTED_EDGE('',*,*,#8890,.T.);
#8893=ORIENTED_EDGE('',*,*,#8892,.T.);
#8894=EDGE_LOOP('',(#8852,#8854,#8856,#8857,#8859,#8860,#8861,#8862,#8863,#8864,
#8866,#8868,#8870,#8871,#8873,#8875,#8877,#8878,#8880,#8882,#8884,#8885,#8887,
#8889,#8891,#8893));
#8895=FACE_OUTER_BOUND('',#8894,.F.);
#8897=CARTESIAN_POINT('',(-1.35E0,0.E0,-4.E-1));
#8898=DIRECTION('',(-1.E0,0.E0,0.E0));
#8899=DIRECTION('',(0.E0,0.E0,1.E0));
#8900=AXIS2_PLACEMENT_3D('',#8897,#8898,#8899);
#8901=PLANE('',#8900);
#8902=ORIENTED_EDGE('',*,*,#8710,.F.);
#8904=ORIENTED_EDGE('',*,*,#8903,.F.);
#8905=ORIENTED_EDGE('',*,*,#8851,.F.);
#8907=ORIENTED_EDGE('',*,*,#8906,.T.);
#8908=EDGE_LOOP('',(#8902,#8904,#8905,#8907));
#8909=FACE_OUTER_BOUND('',#8908,.F.);
#8911=CARTESIAN_POINT('',(-1.45E0,0.E0,1.6E0));
#8912=DIRECTION('',(0.E0,-1.E0,0.E0));
#8913=DIRECTION('',(-1.E0,0.E0,0.E0));
#8914=AXIS2_PLACEMENT_3D('',#8911,#8912,#8913);
#8915=CYLINDRICAL_SURFACE('',#8914,1.E-1);
#8916=ORIENTED_EDGE('',*,*,#8903,.T.);
#8917=ORIENTED_EDGE('',*,*,#8708,.T.);
#8919=ORIENTED_EDGE('',*,*,#8918,.T.);
#8920=ORIENTED_EDGE('',*,*,#8853,.F.);
#8921=EDGE_LOOP('',(#8916,#8917,#8919,#8920));
#8922=FACE_OUTER_BOUND('',#8921,.F.);
#8924=CARTESIAN_POINT('',(-1.45E0,0.E0,1.7E0));
#8925=DIRECTION('',(0.E0,0.E0,-1.E0));
#8926=DIRECTION('',(-1.E0,0.E0,0.E0));
#8927=AXIS2_PLACEMENT_3D('',#8924,#8925,#8926);
#8928=PLANE('',#8927);
#8929=ORIENTED_EDGE('',*,*,#8706,.T.);
#8930=ORIENTED_EDGE('',*,*,#8659,.T.);
#8931=ORIENTED_EDGE('',*,*,#8855,.F.);
#8932=ORIENTED_EDGE('',*,*,#8918,.F.);
#8933=EDGE_LOOP('',(#8929,#8930,#8931,#8932));
#8934=FACE_OUTER_BOUND('',#8933,.F.);
#8936=CARTESIAN_POINT('',(-1.45E0,0.E0,-4.E-1));
#8937=DIRECTION('',(0.E0,-1.E0,0.E0));
#8938=DIRECTION('',(-1.E0,0.E0,0.E0));
#8939=AXIS2_PLACEMENT_3D('',#8936,#8937,#8938);
#8940=CYLINDRICAL_SURFACE('',#8939,1.E-1);
#8941=ORIENTED_EDGE('',*,*,#8906,.F.);
#8942=ORIENTED_EDGE('',*,*,#8892,.F.);
#8944=ORIENTED_EDGE('',*,*,#8943,.F.);
#8945=ORIENTED_EDGE('',*,*,#8712,.T.);
#8946=EDGE_LOOP('',(#8941,#8942,#8944,#8945));
#8947=FACE_OUTER_BOUND('',#8946,.F.);
#8949=CARTESIAN_POINT('',(-1.75E0,0.E0,-5.E-1));
#8950=DIRECTION('',(0.E0,0.E0,1.E0));
#8951=DIRECTION('',(1.E0,0.E0,0.E0));
#8952=AXIS2_PLACEMENT_3D('',#8949,#8950,#8951);
#8953=PLANE('',#8952);
#8954=ORIENTED_EDGE('',*,*,#8714,.T.);
#8955=ORIENTED_EDGE('',*,*,#8943,.T.);
#8956=ORIENTED_EDGE('',*,*,#8890,.F.);
#8958=ORIENTED_EDGE('',*,*,#8957,.F.);
#8959=EDGE_LOOP('',(#8954,#8955,#8956,#8958));
#8960=FACE_OUTER_BOUND('',#8959,.F.);
#8962=CARTESIAN_POINT('',(-1.75E0,0.E0,-3.E-1));
#8963=DIRECTION('',(1.E0,0.E0,0.E0));
#8964=DIRECTION('',(0.E0,0.E0,-1.E0));
#8965=AXIS2_PLACEMENT_3D('',#8962,#8963,#8964);
#8966=PLANE('',#8965);
#8967=ORIENTED_EDGE('',*,*,#8716,.T.);
#8968=ORIENTED_EDGE('',*,*,#8957,.T.);
#8969=ORIENTED_EDGE('',*,*,#8888,.F.);
#8971=ORIENTED_EDGE('',*,*,#8970,.F.);
#8972=EDGE_LOOP('',(#8967,#8968,#8969,#8971));
#8973=FACE_OUTER_BOUND('',#8972,.F.);
#8975=CARTESIAN_POINT('',(-1.45E0,0.E0,-3.E-1));
#8976=DIRECTION('',(0.E0,0.E0,-1.E0));
#8977=DIRECTION('',(-1.E0,0.E0,0.E0));
#8978=AXIS2_PLACEMENT_3D('',#8975,#8976,#8977);
#8979=PLANE('',#8978);
#8980=ORIENTED_EDGE('',*,*,#8780,.F.);
#8981=ORIENTED_EDGE('',*,*,#8718,.T.);
#8982=ORIENTED_EDGE('',*,*,#8970,.T.);
#8983=ORIENTED_EDGE('',*,*,#8886,.F.);
#8984=EDGE_LOOP('',(#8980,#8981,#8982,#8983));
#8985=FACE_OUTER_BOUND('',#8984,.F.);
#8987=CARTESIAN_POINT('',(-1.75E0,0.E0,1.5E0));
#8988=DIRECTION('',(0.E0,0.E0,1.E0));
#8989=DIRECTION('',(1.E0,0.E0,0.E0));
#8990=AXIS2_PLACEMENT_3D('',#8987,#8988,#8989);
#8991=PLANE('',#8990);
#8992=ORIENTED_EDGE('',*,*,#8740,.T.);
#8993=ORIENTED_EDGE('',*,*,#8858,.F.);
#8994=ORIENTED_EDGE('',*,*,#8655,.F.);
#8995=ORIENTED_EDGE('',*,*,#8703,.T.);
#8996=EDGE_LOOP('',(#8992,#8993,#8994,#8995));
#8997=FACE_OUTER_BOUND('',#8996,.F.);
#8999=CARTESIAN_POINT('',(-1.45E0,0.E0,9.E-1));
#9000=DIRECTION('',(0.E0,0.E0,-1.E0));
#9001=DIRECTION('',(-1.E0,0.E0,0.E0));
#9002=AXIS2_PLACEMENT_3D('',#8999,#9000,#9001);
#9003=PLANE('',#9002);
#9004=ORIENTED_EDGE('',*,*,#8751,.F.);
#9005=ORIENTED_EDGE('',*,*,#8691,.T.);
#9007=ORIENTED_EDGE('',*,*,#9006,.T.);
#9008=ORIENTED_EDGE('',*,*,#8865,.F.);
#9009=EDGE_LOOP('',(#9004,#9005,#9007,#9008));
#9010=FACE_OUTER_BOUND('',#9009,.F.);
#9012=CARTESIAN_POINT('',(-1.75E0,0.E0,9.E-1));
#9013=DIRECTION('',(1.E0,0.E0,0.E0));
#9014=DIRECTION('',(0.E0,0.E0,-1.E0));
#9015=AXIS2_PLACEMENT_3D('',#9012,#9013,#9014);
#9016=PLANE('',#9015);
#9017=ORIENTED_EDGE('',*,*,#8689,.T.);
#9019=ORIENTED_EDGE('',*,*,#9018,.T.);
#9020=ORIENTED_EDGE('',*,*,#8867,.F.);
#9021=ORIENTED_EDGE('',*,*,#9006,.F.);
#9022=EDGE_LOOP('',(#9017,#9019,#9020,#9021));
#9023=FACE_OUTER_BOUND('',#9022,.F.);
#9025=CARTESIAN_POINT('',(-1.75E0,0.E0,7.E-1));
#9026=DIRECTION('',(0.E0,0.E0,1.E0));
#9027=DIRECTION('',(1.E0,0.E0,0.E0));
#9028=AXIS2_PLACEMENT_3D('',#9025,#9026,#9027);
#9029=PLANE('',#9028);
#9030=ORIENTED_EDGE('',*,*,#8770,.T.);
#9031=ORIENTED_EDGE('',*,*,#8869,.F.);
#9032=ORIENTED_EDGE('',*,*,#9018,.F.);
#9033=ORIENTED_EDGE('',*,*,#8687,.T.);
#9034=EDGE_LOOP('',(#9030,#9031,#9032,#9033));
#9035=FACE_OUTER_BOUND('',#9034,.F.);
#9037=CARTESIAN_POINT('',(-1.45E0,0.E0,5.E-1));
#9038=DIRECTION('',(0.E0,0.E0,-1.E0));
#9039=DIRECTION('',(-1.E0,0.E0,0.E0));
#9040=AXIS2_PLACEMENT_3D('',#9037,#9038,#9039);
#9041=PLANE('',#9040);
#9042=ORIENTED_EDGE('',*,*,#8766,.F.);
#9043=ORIENTED_EDGE('',*,*,#8683,.T.);
#9045=ORIENTED_EDGE('',*,*,#9044,.T.);
#9046=ORIENTED_EDGE('',*,*,#8872,.F.);
#9047=EDGE_LOOP('',(#9042,#9043,#9045,#9046));
#9048=FACE_OUTER_BOUND('',#9047,.F.);
#9050=CARTESIAN_POINT('',(-1.75E0,0.E0,5.E-1));
#9051=DIRECTION('',(1.E0,0.E0,0.E0));
#9052=DIRECTION('',(0.E0,0.E0,-1.E0));
#9053=AXIS2_PLACEMENT_3D('',#9050,#9051,#9052);
#9054=PLANE('',#9053);
#9055=ORIENTED_EDGE('',*,*,#8681,.T.);
#9057=ORIENTED_EDGE('',*,*,#9056,.T.);
#9058=ORIENTED_EDGE('',*,*,#8874,.F.);
#9059=ORIENTED_EDGE('',*,*,#9044,.F.);
#9060=EDGE_LOOP('',(#9055,#9057,#9058,#9059));
#9061=FACE_OUTER_BOUND('',#9060,.F.);
#9063=CARTESIAN_POINT('',(-1.75E0,0.E0,3.E-1));
#9064=DIRECTION('',(0.E0,0.E0,1.E0));
#9065=DIRECTION('',(1.E0,0.E0,0.E0));
#9066=AXIS2_PLACEMENT_3D('',#9063,#9064,#9065);
#9067=PLANE('',#9066);
#9068=ORIENTED_EDGE('',*,*,#8799,.T.);
#9069=ORIENTED_EDGE('',*,*,#8876,.F.);
#9070=ORIENTED_EDGE('',*,*,#9056,.F.);
#9071=ORIENTED_EDGE('',*,*,#8679,.T.);
#9072=EDGE_LOOP('',(#9068,#9069,#9070,#9071));
#9073=FACE_OUTER_BOUND('',#9072,.F.);
#9075=CARTESIAN_POINT('',(-1.45E0,0.E0,1.E-1));
#9076=DIRECTION('',(0.E0,0.E0,-1.E0));
#9077=DIRECTION('',(-1.E0,0.E0,0.E0));
#9078=AXIS2_PLACEMENT_3D('',#9075,#9076,#9077);
#9079=PLANE('',#9078);
#9080=ORIENTED_EDGE('',*,*,#8795,.F.);
#9081=ORIENTED_EDGE('',*,*,#8675,.T.);
#9083=ORIENTED_EDGE('',*,*,#9082,.T.);
#9084=ORIENTED_EDGE('',*,*,#8879,.F.);
#9085=EDGE_LOOP('',(#9080,#9081,#9083,#9084));
#9086=FACE_OUTER_BOUND('',#9085,.F.);
#9088=CARTESIAN_POINT('',(-1.75E0,0.E0,1.E-1));
#9089=DIRECTION('',(1.E0,0.E0,0.E0));
#9090=DIRECTION('',(0.E0,0.E0,-1.E0));
#9091=AXIS2_PLACEMENT_3D('',#9088,#9089,#9090);
#9092=PLANE('',#9091);
#9093=ORIENTED_EDGE('',*,*,#8673,.T.);
#9095=ORIENTED_EDGE('',*,*,#9094,.T.);
#9096=ORIENTED_EDGE('',*,*,#8881,.F.);
#9097=ORIENTED_EDGE('',*,*,#9082,.F.);
#9098=EDGE_LOOP('',(#9093,#9095,#9096,#9097));
#9099=FACE_OUTER_BOUND('',#9098,.F.);
#9101=CARTESIAN_POINT('',(-1.75E0,0.E0,-1.E-1));
#9102=DIRECTION('',(0.E0,0.E0,1.E0));
#9103=DIRECTION('',(1.E0,0.E0,0.E0));
#9104=AXIS2_PLACEMENT_3D('',#9101,#9102,#9103);
#9105=PLANE('',#9104);
#9106=ORIENTED_EDGE('',*,*,#8784,.T.);
#9107=ORIENTED_EDGE('',*,*,#8883,.F.);
#9108=ORIENTED_EDGE('',*,*,#9094,.F.);
#9109=ORIENTED_EDGE('',*,*,#8671,.T.);
#9110=EDGE_LOOP('',(#9106,#9107,#9108,#9109));
#9111=FACE_OUTER_BOUND('',#9110,.F.);
#9113=CLOSED_SHELL('',(#8663,#8722,#8744,#8759,#8774,#8789,#8804,#8818,#8832,
#8845,#8896,#8910,#8923,#8935,#8948,#8961,#8974,#8986,#8998,#9011,#9024,#9036,
#9049,#9062,#9074,#9087,#9100,#9112));
#9114=MANIFOLD_SOLID_BREP('',#9113);
#9115=FILL_AREA_STYLE_COLOUR('',#18);
#9116=FILL_AREA_STYLE('',(#9115));
#9117=SURFACE_STYLE_FILL_AREA(#9116);
#9118=SURFACE_SIDE_STYLE('',(#9117));
#9119=SURFACE_STYLE_USAGE(.POSITIVE.,#9118);
#9120=PRESENTATION_STYLE_ASSIGNMENT((#9119));
#7993=STYLED_ITEM('',(#9120),#9114);
#9123=PLANE_ANGLE_MEASURE_WITH_UNIT(PLANE_ANGLE_MEASURE(1.745329251994E-2),
#9122);
#9124=(CONVERSION_BASED_UNIT('DEGREE',#9123)NAMED_UNIT(*)PLANE_ANGLE_UNIT());
#9126=UNCERTAINTY_MEASURE_WITH_UNIT(LENGTH_MEASURE(5.704156103410E-4),#9121,
'distance_accuracy_value',
'Maximum model space distance between geometric entities at asserted connectivities');
#9128=CARTESIAN_POINT('',(0.E0,0.E0,0.E0));
#9129=DIRECTION('',(0.E0,0.E0,1.E0));
#9130=DIRECTION('',(1.E0,0.E0,0.E0));
#9133=PRODUCT_CONTEXT('',#4491,'mechanical');
#9134=PRODUCT('FRAME-DPC0008A','FRAME-DPC0008A','NOT SPECIFIED',(#9133));
#9135=PRODUCT_DEFINITION_FORMATION('9','LAST_VERSION',#9134);
#9143=DERIVED_UNIT_ELEMENT(#9142,2.E0);
#9144=DERIVED_UNIT((#9143));
#9145=MEASURE_REPRESENTATION_ITEM('surface area measure',AREA_MEASURE(
2.978640864352E1),#9144);
#9150=DERIVED_UNIT_ELEMENT(#9149,3.E0);
#9151=DERIVED_UNIT((#9150));
#9152=MEASURE_REPRESENTATION_ITEM('volume measure',VOLUME_MEASURE(
2.166632740053E0),#9151);
#9156=CARTESIAN_POINT('centre point',(1.973107819386E-3,1.033115903159E-1,
3.174879505850E-2));
#9161=DERIVED_UNIT_ELEMENT(#9160,2.E0);
#9162=DERIVED_UNIT((#9161));
#9163=MEASURE_REPRESENTATION_ITEM('surface area measure',AREA_MEASURE(
2.978640864352E1),#9162);
#9168=DERIVED_UNIT_ELEMENT(#9167,3.E0);
#9169=DERIVED_UNIT((#9168));
#9170=MEASURE_REPRESENTATION_ITEM('volume measure',VOLUME_MEASURE(
2.166632740053E0),#9169);
#9174=CARTESIAN_POINT('centre point',(1.973107819386E-3,1.033115903159E-1,
3.174879505850E-2));
#9180=GENERAL_PROPERTY('','DESCRIPTION','user defined attribute');
#9181=GENERAL_PROPERTY_ASSOCIATION('user defined attribute','',#9180,#9179);
#9182=DESCRIPTIVE_REPRESENTATION_ITEM('DESCRIPTION','');
#9186=GENERAL_PROPERTY('','MODELED_BY','user defined attribute');
#9187=GENERAL_PROPERTY_ASSOCIATION('user defined attribute','',#9186,#9185);
#9188=DESCRIPTIVE_REPRESENTATION_ITEM('MODELED_BY','');
#9193=CARTESIAN_POINT('centre point',(1.973107819386E-3,-3.174879505850E-2,
1.033115903159E-1));
#9197=CARTESIAN_POINT('',(0.E0,0.E0,0.E0));
#9198=DIRECTION('',(0.E0,-1.E0,0.E0));
#9199=DIRECTION('',(1.E0,0.E0,0.E0));
#9200=AXIS2_PLACEMENT_3D('',#9197,#9198,#9199);
#9201=ITEM_DEFINED_TRANSFORMATION('','',#9131,#9200);
#9202=(REPRESENTATION_RELATIONSHIP('','',#9132,#4542)REPRESENTATION_RELATIONSHIP_WITH_TRANSFORMATION(#9201)SHAPE_REPRESENTATION_RELATIONSHIP());
#9203=CONTEXT_DEPENDENT_SHAPE_REPRESENTATION(#9202,#9192);
#9206=PLANE_ANGLE_MEASURE_WITH_UNIT(PLANE_ANGLE_MEASURE(1.745329251994E-2),
#9205);
#9207=(CONVERSION_BASED_UNIT('DEGREE',#9206)NAMED_UNIT(*)PLANE_ANGLE_UNIT());
#9209=UNCERTAINTY_MEASURE_WITH_UNIT(LENGTH_MEASURE(3.481957785413E-4),#9204,
'distance_accuracy_value',
'Maximum model space distance between geometric entities at asserted connectivities');
#9211=CARTESIAN_POINT('',(0.E0,0.E0,0.E0));
#9212=DIRECTION('',(0.E0,0.E0,1.E0));
#9213=DIRECTION('',(1.E0,0.E0,0.E0));
#9216=PRODUCT_DEFINITION_CONTEXT('part definition',#4491,'design');
#9217=PRODUCT_CONTEXT('',#4491,'mechanical');
#9218=PRODUCT('PIN1-ID','PIN1-ID','NOT SPECIFIED',(#9217));
#9219=PRODUCT_DEFINITION_FORMATION('3','LAST_VERSION',#9218);
#9224=GENERAL_PROPERTY('','DESCRIPTION','user defined attribute');
#9225=GENERAL_PROPERTY_ASSOCIATION('user defined attribute','',#9224,#9223);
#9226=DESCRIPTIVE_REPRESENTATION_ITEM('DESCRIPTION','');
#9230=GENERAL_PROPERTY('','MODELED_BY','user defined attribute');
#9231=GENERAL_PROPERTY_ASSOCIATION('user defined attribute','',#9230,#9229);
#9232=DESCRIPTIVE_REPRESENTATION_ITEM('MODELED_BY','');
#9237=CARTESIAN_POINT('',(0.E0,0.E0,7.75E-1));
#9238=DIRECTION('',(0.E0,-1.E0,0.E0));
#9239=DIRECTION('',(1.E0,0.E0,0.E0));
#9240=AXIS2_PLACEMENT_3D('',#9237,#9238,#9239);
#9241=ITEM_DEFINED_TRANSFORMATION('','',#9214,#9240);
#9242=(REPRESENTATION_RELATIONSHIP('','',#9215,#4542)REPRESENTATION_RELATIONSHIP_WITH_TRANSFORMATION(#9241)SHAPE_REPRESENTATION_RELATIONSHIP());
#9243=CONTEXT_DEPENDENT_SHAPE_REPRESENTATION(#9242,#9236);
#9246=PLANE_ANGLE_MEASURE_WITH_UNIT(PLANE_ANGLE_MEASURE(1.745329251994E-2),
#9245);
#9247=(CONVERSION_BASED_UNIT('DEGREE',#9246)NAMED_UNIT(*)PLANE_ANGLE_UNIT());
#9249=UNCERTAINTY_MEASURE_WITH_UNIT(LENGTH_MEASURE(6.041281325878E-4),#9244,
'distance_accuracy_value',
'Maximum model space distance between geometric entities at asserted connectivities');
#9251=CARTESIAN_POINT('',(0.E0,0.E0,0.E0));
#9252=DIRECTION('',(0.E0,0.E0,1.E0));
#9253=DIRECTION('',(1.E0,0.E0,0.E0));
#9255=MECHANICAL_DESIGN_GEOMETRIC_PRESENTATION_REPRESENTATION('',(#35,#42,#50,
#57,#64,#71,#79,#86,#93,#100,#108,#115,#122,#129,#137,#144,#152,#159,#166,#173,
#180,#187,#195,#202,#210,#217,#224,#231,#239,#246,#253,#260,#268,#275,#282,#289,
#297,#304,#311,#318,#325,#332,#339,#346,#353,#360,#367,#374,#381,#388,#395,#402,
#409,#416,#423,#430,#437,#444,#451,#458,#465,#472,#479,#486,#493,#500,#507,#514,
#521,#528,#535,#542,#549,#556,#563,#570,#577,#584,#591,#598,#605,#612,#619,#626,
#633,#640,#647,#654,#661,#668,#675,#682,#689,#696,#703,#710,#717,#724,#731,#738,
#745,#752,#759,#766,#773,#780,#787,#794,#801,#808,#815,#822,#829,#836,#843,#850,
#857,#864,#871,#878,#885,#892,#899,#906,#913,#920,#927,#934,#941,#948,#955,#962,
#969,#976,#983,#990,#997,#1004,#1011,#1018,#1025,#1032,#1039,#1046,#1053,#1060,
#1067,#1074,#1081,#1088,#1095,#1102,#1109,#1116,#1123,#1130,#1137,#1144,#1151,
#1158,#1165,#1172,#1179,#1186,#1193,#1200,#1207,#1214,#1221,#1228,#1235,#1242,
#1249,#1256,#1263,#1270,#1277,#1284,#1291,#1298,#1305,#1312,#1319,#1326,#1333,
#1340,#1347,#1354,#1361,#1368,#1375,#1382,#1389,#1396,#1403,#1410,#1417,#1424,
#1431,#1438,#1445,#1452,#1459,#1466,#1473,#1480,#1487,#1494,#1501,#1508,#1515,
#1522,#1529,#1536,#1543,#1550,#1557,#1564,#1571,#1578,#1586,#1593,#1600,#1607,
#1614,#1622,#1629,#1636,#1643,#1650,#1658,#1665,#1672,#1679,#1686,#1693,#1700,
#1707,#1714,#1721,#1728,#1735,#1742,#1749,#1756,#1763,#1770,#1777,#1784,#1791,
#1798,#1805,#1813,#1820,#1828,#1835,#1842,#1849,#1856,#1863,#1870,#1877,#1884,
#1891,#1898,#1905,#1912,#1919,#1926,#1933,#1940,#1948,#1955,#1963,#1970,#1977,
#1984,#1991,#1998,#2005,#2012,#2019,#2026,#2033,#2040,#2047,#2054,#2061,#2068,
#2075,#2082,#2089,#2096,#2103,#2110,#2117,#2124,#2131,#2138,#2145,#2152,#2159,
#2166,#2174,#2181,#2188,#2195,#2202,#2210,#2217,#2224,#2231,#2238,#2246,#2253,
#27,#4563,#4570,#4577,#4584,#4591,#4598,#4605,#4612,#4619,#4626,#4633,#4640,
#4647,#4654,#4661,#4668,#4675,#4682,#4689,#4696,#4703,#4710,#4717,#4724,#4731,
#4738,#4745,#4752,#4759,#4766,#4773,#4780,#4787,#4794,#4801,#4808,#4815,#4822,
#4829,#4836,#4843,#4850,#4857,#4864,#4871,#4878,#4885,#4892,#4899,#4906,#4913,
#4920,#4927,#4934,#4941,#4948,#4955,#4962,#4969,#4976,#4983,#4990,#4997,#5004,
#5011,#5018,#5025,#5032,#5039,#5046,#5053,#5060,#5067,#5074,#5081,#5494,#4556,
#5660,#5668,#5675,#5682,#5689,#5696,#5703,#5710,#5717,#5724,#5731,#5739,#5778,
#5653,#5862,#5870,#5877,#5884,#5891,#5898,#5905,#5912,#5919,#5926,#5933,#5941,
#5980,#5855,#6064,#6072,#6079,#6086,#6093,#6100,#6107,#6114,#6121,#6128,#6135,
#6143,#6182,#6057,#6266,#6273,#6281,#6288,#6295,#6302,#6309,#6316,#6323,#6330,
#6337,#6344,#6351,#6358,#6365,#6372,#6379,#6386,#6393,#6400,#6407,#6414,#6421,
#6428,#6435,#6442,#6450,#6457,#6464,#6471,#6478,#6485,#6492,#6499,#6506,#6513,
#6520,#6527,#6534,#6541,#6548,#6555,#6562,#6569,#6576,#6583,#6590,#6597,#6604,
#6611,#6618,#6625,#6632,#6639,#6647,#6654,#6662,#6669,#6676,#6683,#6690,#6697,
#6704,#6711,#6718,#6725,#6732,#6739,#6746,#6753,#6760,#6767,#6774,#6781,#6788,
#6795,#6802,#6809,#6995,#6259,#7394,#7401,#7408,#7416,#7423,#7430,#7437,#7444,
#7451,#7459,#7466,#7473,#7512,#7387,#7596,#7603,#7610,#7618,#7625,#7632,#7639,
#7646,#7653,#7661,#7668,#7675,#7714,#7589,#7798,#7805,#7812,#7820,#7827,#7834,
#7841,#7848,#7855,#7863,#7870,#7877,#7916,#7791,#8000,#8007,#8014,#8021,#8028,
#8035,#8042,#8049,#8056,#8063,#8070,#8077,#8084,#8091,#8098,#8105,#8112,#8119,
#8126,#8133,#8140,#8148,#8155,#8163,#8170,#8177,#8184,#8191,#8198,#8205,#8212,
#8219,#8227,#8234,#8241,#8248,#8255,#8262,#8269,#8276,#8283,#8290,#8297,#8304,
#8311,#8318,#8325,#8332,#8339,#8346,#8353,#8360,#8367,#8374,#8381,#8388,#8396,
#8403,#8410,#8417,#8424,#8431,#8438,#8445,#8452,#8459,#8466,#8473,#8480,#8487,
#8494,#8501,#8508,#8515,#8522,#8529,#8536,#8543,#8729,#7993),#9250);
#9256=PRODUCT_CONTEXT('',#4491,'mechanical');
#9257=PRODUCT('DPC0008A_ASM','DPC0008A_ASM','NOT SPECIFIED',(#9256));
#9258=PRODUCT_DEFINITION_FORMATION('19','LAST_VERSION',#9257);
#9261=DERIVED_UNIT_ELEMENT(#9260,2.E0);
#9262=DERIVED_UNIT((#9261));
#9263=MEASURE_REPRESENTATION_ITEM('surface area measure',AREA_MEASURE(
8.061555141949E1),#9262);
#9268=DERIVED_UNIT_ELEMENT(#9267,3.E0);
#9269=DERIVED_UNIT((#9268));
#9270=MEASURE_REPRESENTATION_ITEM('volume measure',VOLUME_MEASURE(
1.206539158899E1),#9269);
#9274=CARTESIAN_POINT('centre point',(8.857980235357E-5,-8.000711457439E-4,
3.918779684408E-1));
#9278=PRODUCT_RELATED_PRODUCT_CATEGORY('part','',(#9257,#4495,#9134,#9218));
#9280=GENERAL_PROPERTY('','TITLE','user defined attribute');
#9281=GENERAL_PROPERTY_ASSOCIATION('user defined attribute','',#9280,#9279);
#9283=GENERAL_PROPERTY('','DWG_NO','user defined attribute');
#9284=GENERAL_PROPERTY_ASSOCIATION('user defined attribute','',#9283,#9282);
#9285=DESCRIPTIVE_REPRESENTATION_ITEM('DWG_NO','4218851');
#9289=GENERAL_PROPERTY('','REV','user defined attribute');
#9290=GENERAL_PROPERTY_ASSOCIATION('user defined attribute','',#9289,#9288);
#9291=DESCRIPTIVE_REPRESENTATION_ITEM('REV','A');
#9295=GENERAL_PROPERTY('','AUTHOR','user defined attribute');
#9296=GENERAL_PROPERTY_ASSOCIATION('user defined attribute','',#9295,#9294);
#9297=DESCRIPTIVE_REPRESENTATION_ITEM('AUTHOR','T. LEQUANG');
#9301=GENERAL_PROPERTY('','DATE','user defined attribute');
#9302=GENERAL_PROPERTY_ASSOCIATION('user defined attribute','',#9301,#9300);
#9303=DESCRIPTIVE_REPRESENTATION_ITEM('DATE','03/10/2017');
#9307=GENERAL_PROPERTY('','DCHK','user defined attribute');
#9308=GENERAL_PROPERTY_ASSOCIATION('user defined attribute','',#9307,#9306);
#9309=DESCRIPTIVE_REPRESENTATION_ITEM('DCHK','K. SINCERBOX & V. PAKU');
#9313=GENERAL_PROPERTY('','DCHK_DATE','user defined attribute');
#9314=GENERAL_PROPERTY_ASSOCIATION('user defined attribute','',#9313,#9312);
#9315=DESCRIPTIVE_REPRESENTATION_ITEM('DCHK_DATE','02/03/2017');
#9319=GENERAL_PROPERTY('','ECHK','user defined attribute');
#9320=GENERAL_PROPERTY_ASSOCIATION('user defined attribute','',#9319,#9318);
#9321=DESCRIPTIVE_REPRESENTATION_ITEM('ECHK','O. LANDINE');
#9325=GENERAL_PROPERTY('','ECHK_DATE','user defined attribute');
#9326=GENERAL_PROPERTY_ASSOCIATION('user defined attribute','',#9325,#9324);
#9327=DESCRIPTIVE_REPRESENTATION_ITEM('ECHK_DATE','02/07/2017');
#9331=GENERAL_PROPERTY('','DESG','user defined attribute');
#9332=GENERAL_PROPERTY_ASSOCIATION('user defined attribute','',#9331,#9330);
#9333=DESCRIPTIVE_REPRESENTATION_ITEM('DESG','DPC0008A');
#9337=GENERAL_PROPERTY('','TI_PACKAGE_NAME','user defined attribute');
#9338=GENERAL_PROPERTY_ASSOCIATION('user defined attribute','',#9337,#9336);
#9339=DESCRIPTIVE_REPRESENTATION_ITEM('TI_PACKAGE_NAME',
'VSON-CLIP - 1 mm max height');
#9343=GENERAL_PROPERTY('','INDUSTRY_NAME','user defined attribute');
#9344=GENERAL_PROPERTY_ASSOCIATION('user defined attribute','',#9343,#9342);
#9345=DESCRIPTIVE_REPRESENTATION_ITEM('INDUSTRY_NAME',
'PLASTIC SMALL OUTLINE - NO LEAD');
#9349=GENERAL_PROPERTY('','RELEASED','user defined attribute');
#9350=GENERAL_PROPERTY_ASSOCIATION('user defined attribute','',#9349,#9348);
#9351=DESCRIPTIVE_REPRESENTATION_ITEM('RELEASED','WDM');
#9355=GENERAL_PROPERTY('','DESIGNER','user defined attribute');
#9356=GENERAL_PROPERTY_ASSOCIATION('user defined attribute','',#9355,#9354);
#9357=DESCRIPTIVE_REPRESENTATION_ITEM('DESIGNER','');
#9361=GENERAL_PROPERTY('','APPROVER','user defined attribute');
#9362=GENERAL_PROPERTY_ASSOCIATION('user defined attribute','',#9361,#9360);
#9363=DESCRIPTIVE_REPRESENTATION_ITEM('APPROVER','E. REY & D. CHIN');
#9367=GENERAL_PROPERTY('','DES_DATE','user defined attribute');
#9368=GENERAL_PROPERTY_ASSOCIATION('user defined attribute','',#9367,#9366);
#9369=DESCRIPTIVE_REPRESENTATION_ITEM('DES_DATE','');
#9373=GENERAL_PROPERTY('','APP_DATE','user defined attribute');
#9374=GENERAL_PROPERTY_ASSOCIATION('user defined attribute','',#9373,#9372);
#9375=DESCRIPTIVE_REPRESENTATION_ITEM('APP_DATE','03/10/2017');
#9379=GENERAL_PROPERTY('','REL_DATE','user defined attribute');
#9380=GENERAL_PROPERTY_ASSOCIATION('user defined attribute','',#9379,#9378);
#9381=DESCRIPTIVE_REPRESENTATION_ITEM('REL_DATE','03/10/2017');
#9385=GENERAL_PROPERTY('','LD_CNT','user defined attribute');
#9386=GENERAL_PROPERTY_ASSOCIATION('user defined attribute','',#9385,#9384);
#9387=VALUE_REPRESENTATION_ITEM('LD_CNT',NUMERIC_MEASURE(8.E0));
#9390=DESCRIPTIVE_REPRESENTATION_ITEM('attribute description','Real Number');
#9395=GENERAL_PROPERTY('','LDNO2','user defined attribute');
#9396=GENERAL_PROPERTY_ASSOCIATION('user defined attribute','',#9395,#9394);
#9397=VALUE_REPRESENTATION_ITEM('LDNO2',NUMERIC_MEASURE(4.E0));
#9400=DESCRIPTIVE_REPRESENTATION_ITEM('attribute description','Real Number');
#9405=GENERAL_PROPERTY('','LDNO3','user defined attribute');
#9406=GENERAL_PROPERTY_ASSOCIATION('user defined attribute','',#9405,#9404);
#9407=VALUE_REPRESENTATION_ITEM('LDNO3',NUMERIC_MEASURE(5.E0));
#9410=DESCRIPTIVE_REPRESENTATION_ITEM('attribute description','Real Number');
#9415=GENERAL_PROPERTY('','LDNO4','user defined attribute');
#9416=GENERAL_PROPERTY_ASSOCIATION('user defined attribute','',#9415,#9414);
#9417=VALUE_REPRESENTATION_ITEM('LDNO4',NUMERIC_MEASURE(1.E1));
#9420=DESCRIPTIVE_REPRESENTATION_ITEM('attribute description','Real Number');
#9425=GENERAL_PROPERTY('','LDNO5','user defined attribute');
#9426=GENERAL_PROPERTY_ASSOCIATION('user defined attribute','',#9425,#9424);
#9427=VALUE_REPRESENTATION_ITEM('LDNO5',NUMERIC_MEASURE(6.E0));
#9430=DESCRIPTIVE_REPRESENTATION_ITEM('attribute description','Real Number');
#9435=GENERAL_PROPERTY('','LDNO6','user defined attribute');
#9436=GENERAL_PROPERTY_ASSOCIATION('user defined attribute','',#9435,#9434);
#9437=VALUE_REPRESENTATION_ITEM('LDNO6',NUMERIC_MEASURE(9.E0));
#9440=DESCRIPTIVE_REPRESENTATION_ITEM('attribute description','Real Number');
#9445=GENERAL_PROPERTY('','LDNO7','user defined attribute');
#9446=GENERAL_PROPERTY_ASSOCIATION('user defined attribute','',#9445,#9444);
#9447=VALUE_REPRESENTATION_ITEM('LDNO7',NUMERIC_MEASURE(1.E1));
#9450=DESCRIPTIVE_REPRESENTATION_ITEM('attribute description','Real Number');
#9455=GENERAL_PROPERTY('','LP_CNT','user defined attribute');
#9456=GENERAL_PROPERTY_ASSOCIATION('user defined attribute','',#9455,#9454);
#9457=VALUE_REPRESENTATION_ITEM('LP_CNT',NUMERIC_MEASURE(8.E0));
#9460=DESCRIPTIVE_REPRESENTATION_ITEM('attribute description','Real Number');
#9465=GENERAL_PROPERTY('','LDPITCH_CNT','user defined attribute');
#9466=GENERAL_PROPERTY_ASSOCIATION('user defined attribute','',#9465,#9464);
#9467=VALUE_REPRESENTATION_ITEM('LDPITCH_CNT',NUMERIC_MEASURE(6.E0));
#9470=DESCRIPTIVE_REPRESENTATION_ITEM('attribute description','Real Number');
#9475=GENERAL_PROPERTY('','LD_PITCH','user defined attribute');
#9476=GENERAL_PROPERTY_ASSOCIATION('user defined attribute','',#9475,#9474);
#9477=VALUE_REPRESENTATION_ITEM('LD_PITCH',NUMERIC_MEASURE(4.E-1));
#9480=DESCRIPTIVE_REPRESENTATION_ITEM('attribute description','Real Number');
#9485=GENERAL_PROPERTY('','AMAX','user defined attribute');
#9486=GENERAL_PROPERTY_ASSOCIATION('user defined attribute','',#9485,#9484);
#9487=VALUE_REPRESENTATION_ITEM('AMAX',NUMERIC_MEASURE(1.E0));
#9490=DESCRIPTIVE_REPRESENTATION_ITEM('attribute description','Real Number');
#9495=GENERAL_PROPERTY('','PKG_NAME','user defined attribute');
#9496=GENERAL_PROPERTY_ASSOCIATION('user defined attribute','',#9495,#9494);
#9497=DESCRIPTIVE_REPRESENTATION_ITEM('PKG_NAME','VSON-CLIP');
#9501=GENERAL_PROPERTY('','MM_YYYY','user defined attribute');
#9502=GENERAL_PROPERTY_ASSOCIATION('user defined attribute','',#9501,#9500);
#9503=DESCRIPTIVE_REPRESENTATION_ITEM('MM_YYYY','03/2017');
#9507=GENERAL_PROPERTY('','TPAD_NO','user defined attribute');
#9508=GENERAL_PROPERTY_ASSOCIATION('user defined attribute','',#9507,#9506);
#9509=VALUE_REPRESENTATION_ITEM('TPAD_NO',NUMERIC_MEASURE(9.E0));
#9512=DESCRIPTIVE_REPRESENTATION_ITEM('attribute description','Real Number');
#1=COLOUR_RGB('',0.E0,4.3E-1,1.E0);
#2=COLOUR_RGB('',0.E0,6.6E-1,0.E0);
#3=COLOUR_RGB('',1.29412E-1,5.E-2,1.E-1);
#4=COLOUR_RGB('',1.80392E-1,2.7451E-1,9.8039E-2);
#5=COLOUR_RGB('',2.54902E-1,5.4902E-1,0.E0);
#6=COLOUR_RGB('',2.7451E-1,2.7451E-1,2.7451E-1);
#7=COLOUR_RGB('',3.E-1,1.29412E-1,2.5098E-1);
#8=COLOUR_RGB('',3.13725E-1,3.13725E-1,3.13725E-1);
#9=COLOUR_RGB('',3.5E-1,3.5E-1,3.5E-1);
#10=COLOUR_RGB('',3.92157E-1,3.92157E-1,3.92157E-1);
#11=COLOUR_RGB('',5.7E-1,0.E0,1.E0);
#12=COLOUR_RGB('',5.9E-1,3.E-1,0.E0);
#13=COLOUR_RGB('',6.E-1,6.E-1,6.E-1);
#14=COLOUR_RGB('',6.9E-1,0.E0,0.E0);
#15=COLOUR_RGB('',6.952E-1,7.426E-1,7.9E-1);
#16=COLOUR_RGB('',7.E-1,7.E-1,7.E-1);
#17=COLOUR_RGB('',7.45098E-1,3.92157E-1,2.94118E-1);
#18=COLOUR_RGB('',8.27451E-1,3.29412E-1,7.0588E-2);
#19=COLOUR_RGB('',8.39216E-1,8.90196E-1,7.68627E-1);
#20=COLOUR_RGB('',8.7E-1,7.5E-1,4.9E-1);
#21=COLOUR_RGB('',8.9E-1,9.2E-1,9.4E-1);
#22=COLOUR_RGB('',9.80392E-1,9.80392E-1,9.80392E-1);
#23=COLOUR_RGB('',9.9E-1,1.E0,0.E0);
#24=COLOUR_RGB('',1.E0,5.E-1,0.E0);
#25=COLOUR_RGB('',1.E0,7.84314E-1,0.E0);
#26=DRAUGHTING_PRE_DEFINED_COLOUR('white');
#47=CIRCLE('',#46,1.E-1);
#76=CIRCLE('',#75,1.E-1);
#105=CIRCLE('',#104,1.E-1);
#134=CIRCLE('',#133,1.E-1);
#149=CIRCLE('',#148,1.E-1);
#192=CIRCLE('',#191,1.E-1);
#207=CIRCLE('',#206,1.E-1);
#236=CIRCLE('',#235,1.E-1);
#265=CIRCLE('',#264,1.E-1);
#294=CIRCLE('',#293,1.E-1);
#1583=CIRCLE('',#1582,1.E-1);
#1619=CIRCLE('',#1618,1.E-1);
#1655=CIRCLE('',#1654,1.E-1);
#1810=CIRCLE('',#1809,1.E-1);
#1825=CIRCLE('',#1824,1.E-1);
#1945=CIRCLE('',#1944,1.E-1);
#1960=CIRCLE('',#1959,1.E-1);
#2171=CIRCLE('',#2170,1.E-1);
#2207=CIRCLE('',#2206,1.E-1);
#2243=CIRCLE('',#2242,1.E-1);
#2679=EDGE_CURVE('',#2261,#2271,#31,.T.);
#2681=EDGE_CURVE('',#2271,#2395,#39,.T.);
#2683=EDGE_CURVE('',#2395,#2397,#47,.T.);
#2685=EDGE_CURVE('',#2274,#2397,#54,.T.);
#2687=EDGE_CURVE('',#2274,#2275,#61,.T.);
#2689=EDGE_CURVE('',#2275,#2399,#68,.T.);
#2691=EDGE_CURVE('',#2399,#2401,#76,.T.);
#2693=EDGE_CURVE('',#2278,#2401,#83,.T.);
#2695=EDGE_CURVE('',#2278,#2279,#90,.T.);
#2697=EDGE_CURVE('',#2279,#2403,#97,.T.);
#2699=EDGE_CURVE('',#2403,#2405,#105,.T.);
#2701=EDGE_CURVE('',#2282,#2405,#112,.T.);
#2703=EDGE_CURVE('',#2282,#2283,#119,.T.);
#2705=EDGE_CURVE('',#2283,#2407,#126,.T.);
#2707=EDGE_CURVE('',#2407,#2409,#134,.T.);
#2709=EDGE_CURVE('',#2409,#2558,#141,.T.);
#2711=EDGE_CURVE('',#2558,#2559,#149,.T.);
#2713=EDGE_CURVE('',#2331,#2559,#156,.T.);
#2715=EDGE_CURVE('',#2331,#2256,#163,.T.);
#2717=EDGE_CURVE('',#2256,#2257,#170,.T.);
#2719=EDGE_CURVE('',#2257,#2293,#177,.T.);
#2721=EDGE_CURVE('',#2293,#2549,#184,.T.);
#2723=EDGE_CURVE('',#2539,#2549,#192,.T.);
#2725=EDGE_CURVE('',#2391,#2539,#199,.T.);
#2727=EDGE_CURVE('',#2389,#2391,#207,.T.);
#2729=EDGE_CURVE('',#2320,#2389,#214,.T.);
#2731=EDGE_CURVE('',#2320,#2321,#221,.T.);
#2733=EDGE_CURVE('',#2321,#2387,#228,.T.);
#2735=EDGE_CURVE('',#2385,#2387,#236,.T.);
#2737=EDGE_CURVE('',#2334,#2385,#243,.T.);
#2739=EDGE_CURVE('',#2334,#2335,#250,.T.);
#2741=EDGE_CURVE('',#2335,#2383,#257,.T.);
#2743=EDGE_CURVE('',#2381,#2383,#265,.T.);
#2745=EDGE_CURVE('',#2338,#2381,#272,.T.);
#2747=EDGE_CURVE('',#2338,#2339,#279,.T.);
#2749=EDGE_CURVE('',#2339,#2379,#286,.T.);
#2751=EDGE_CURVE('',#2377,#2379,#294,.T.);
#2753=EDGE_CURVE('',#2341,#2377,#301,.T.);
#2755=EDGE_CURVE('',#2341,#2260,#308,.T.);
#2757=EDGE_CURVE('',#2260,#2261,#315,.T.);
#2761=EDGE_CURVE('',#2344,#2345,#602,.T.);
#2763=EDGE_CURVE('',#2344,#2351,#609,.T.);
#2765=EDGE_CURVE('',#2349,#2351,#616,.T.);
#2767=EDGE_CURVE('',#2347,#2349,#623,.T.);
#2769=EDGE_CURVE('',#2345,#2347,#630,.T.);
#2773=ADVANCED_FACE('',(#2760,#2772),#2678,.F.);
#2779=EDGE_CURVE('',#2286,#2287,#322,.T.);
#2781=EDGE_CURVE('',#2287,#2507,#329,.T.);
#2783=EDGE_CURVE('',#2507,#2411,#336,.T.);
#2785=EDGE_CURVE('',#2286,#2411,#343,.T.);
#2789=ADVANCED_FACE('',(#2788),#2778,.F.);
#2795=EDGE_CURVE('',#2290,#2291,#350,.T.);
#2797=EDGE_CURVE('',#2291,#2511,#357,.T.);
#2799=EDGE_CURVE('',#2511,#2509,#364,.T.);
#2801=EDGE_CURVE('',#2290,#2509,#371,.T.);
#2805=ADVANCED_FACE('',(#2804),#2794,.F.);
#2811=EDGE_CURVE('',#2296,#2297,#378,.T.);
#2813=EDGE_CURVE('',#2543,#2297,#385,.T.);
#2815=EDGE_CURVE('',#2542,#2543,#392,.T.);
#2817=EDGE_CURVE('',#2296,#2542,#399,.T.);
#2821=ADVANCED_FACE('',(#2820),#2810,.F.);
#2827=EDGE_CURVE('',#2300,#2301,#406,.T.);
#2829=EDGE_CURVE('',#2547,#2301,#413,.T.);
#2831=EDGE_CURVE('',#2546,#2547,#420,.T.);
#2833=EDGE_CURVE('',#2300,#2546,#427,.T.);
#2837=ADVANCED_FACE('',(#2836),#2826,.F.);
#2843=EDGE_CURVE('',#2304,#2305,#434,.T.);
#2845=EDGE_CURVE('',#2305,#2505,#441,.T.);
#2847=EDGE_CURVE('',#2565,#2505,#448,.T.);
#2849=EDGE_CURVE('',#2304,#2565,#455,.T.);
#2853=ADVANCED_FACE('',(#2852),#2842,.F.);
#2859=EDGE_CURVE('',#2308,#2309,#462,.T.);
#2861=EDGE_CURVE('',#2309,#2501,#469,.T.);
#2863=EDGE_CURVE('',#2503,#2501,#476,.T.);
#2865=EDGE_CURVE('',#2308,#2503,#483,.T.);
#2869=ADVANCED_FACE('',(#2868),#2858,.F.);
#2875=EDGE_CURVE('',#2312,#2313,#490,.T.);
#2877=EDGE_CURVE('',#2313,#2393,#497,.T.);
#2879=EDGE_CURVE('',#2499,#2393,#504,.T.);
#2881=EDGE_CURVE('',#2312,#2499,#511,.T.);
#2885=ADVANCED_FACE('',(#2884),#2874,.F.);
#2891=EDGE_CURVE('',#2316,#2317,#518,.T.);
#2893=EDGE_CURVE('',#2317,#2561,#525,.T.);
#2895=EDGE_CURVE('',#2561,#2513,#532,.T.);
#2897=EDGE_CURVE('',#2316,#2513,#539,.T.);
#2901=ADVANCED_FACE('',(#2900),#2890,.F.);
#2907=EDGE_CURVE('',#2324,#2325,#546,.T.);
#2909=EDGE_CURVE('',#2325,#2551,#553,.T.);
#2911=EDGE_CURVE('',#2551,#2563,#560,.T.);
#2913=EDGE_CURVE('',#2563,#2324,#567,.T.);
#2917=ADVANCED_FACE('',(#2916),#2906,.F.);
#2923=EDGE_CURVE('',#2328,#2329,#574,.T.);
#2925=EDGE_CURVE('',#2329,#2555,#581,.T.);
#2927=EDGE_CURVE('',#2555,#2553,#588,.T.);
#2929=EDGE_CURVE('',#2553,#2328,#595,.T.);
#2933=ADVANCED_FACE('',(#2932),#2922,.F.);
#2940=EDGE_CURVE('',#2261,#2264,#637,.T.);
#2942=EDGE_CURVE('',#2264,#2265,#1155,.T.);
#2944=EDGE_CURVE('',#2256,#2265,#1092,.T.);
#2947=EDGE_CURVE('',#2331,#2426,#644,.T.);
#2949=EDGE_CURVE('',#2426,#2427,#651,.T.);
#2951=EDGE_CURVE('',#2329,#2427,#658,.T.);
#2954=EDGE_CURVE('',#2328,#2569,#665,.T.);
#2956=EDGE_CURVE('',#2569,#2567,#672,.T.);
#2958=EDGE_CURVE('',#2325,#2567,#679,.T.);
#2961=EDGE_CURVE('',#2324,#2573,#686,.T.);
#2963=EDGE_CURVE('',#2573,#2571,#693,.T.);
#2965=EDGE_CURVE('',#2317,#2571,#700,.T.);
#2968=EDGE_CURVE('',#2316,#2521,#707,.T.);
#2970=EDGE_CURVE('',#2521,#2519,#714,.T.);
#2972=EDGE_CURVE('',#2291,#2519,#721,.T.);
#2975=EDGE_CURVE('',#2290,#2517,#728,.T.);
#2977=EDGE_CURVE('',#2517,#2515,#735,.T.);
#2979=EDGE_CURVE('',#2287,#2515,#742,.T.);
#2982=EDGE_CURVE('',#2286,#2431,#749,.T.);
#2984=EDGE_CURVE('',#2431,#2429,#756,.T.);
#2986=EDGE_CURVE('',#2283,#2429,#763,.T.);
#2989=EDGE_CURVE('',#2282,#2422,#770,.T.);
#2991=EDGE_CURVE('',#2422,#2423,#777,.T.);
#2993=EDGE_CURVE('',#2279,#2423,#784,.T.);
#2996=EDGE_CURVE('',#2278,#2418,#791,.T.);
#2998=EDGE_CURVE('',#2418,#2419,#798,.T.);
#3000=EDGE_CURVE('',#2275,#2419,#805,.T.);
#3003=EDGE_CURVE('',#2274,#2414,#812,.T.);
#3005=EDGE_CURVE('',#2414,#2415,#819,.T.);
#3007=EDGE_CURVE('',#2271,#2415,#826,.T.);
#3011=ADVANCED_FACE('',(#3010),#2938,.T.);
#3018=EDGE_CURVE('',#2260,#2269,#833,.T.);
#3020=EDGE_CURVE('',#2269,#2264,#1162,.T.);
#3025=EDGE_CURVE('',#2484,#2485,#840,.T.);
#3027=EDGE_CURVE('',#2493,#2485,#847,.T.);
#3029=EDGE_CURVE('',#2492,#2493,#854,.T.);
#3031=EDGE_CURVE('',#2492,#2484,#861,.T.);
#3035=EDGE_CURVE('',#2488,#2489,#868,.T.);
#3037=EDGE_CURVE('',#2497,#2489,#875,.T.);
#3039=EDGE_CURVE('',#2496,#2497,#882,.T.);
#3041=EDGE_CURVE('',#2496,#2488,#889,.T.);
#3045=ADVANCED_FACE('',(#3024,#3034,#3044),#3016,.T.);
#3052=EDGE_CURVE('',#2257,#2267,#896,.T.);
#3054=EDGE_CURVE('',#2267,#2269,#1169,.T.);
#3058=EDGE_CURVE('',#2341,#2435,#903,.T.);
#3060=EDGE_CURVE('',#2434,#2435,#910,.T.);
#3062=EDGE_CURVE('',#2339,#2434,#917,.T.);
#3065=EDGE_CURVE('',#2338,#2439,#924,.T.);
#3067=EDGE_CURVE('',#2438,#2439,#931,.T.);
#3069=EDGE_CURVE('',#2335,#2438,#938,.T.);
#3072=EDGE_CURVE('',#2334,#2443,#945,.T.);
#3074=EDGE_CURVE('',#2442,#2443,#952,.T.);
#3076=EDGE_CURVE('',#2321,#2442,#959,.T.);
#3079=EDGE_CURVE('',#2320,#2449,#966,.T.);
#3081=EDGE_CURVE('',#2451,#2449,#973,.T.);
#3083=EDGE_CURVE('',#2313,#2451,#980,.T.);
#3086=EDGE_CURVE('',#2312,#2523,#987,.T.);
#3088=EDGE_CURVE('',#2525,#2523,#994,.T.);
#3090=EDGE_CURVE('',#2309,#2525,#1001,.T.);
#3093=EDGE_CURVE('',#2308,#2527,#1008,.T.);
#3095=EDGE_CURVE('',#2529,#2527,#1015,.T.);
#3097=EDGE_CURVE('',#2305,#2529,#1022,.T.);
#3100=EDGE_CURVE('',#2304,#2579,#1029,.T.);
#3102=EDGE_CURVE('',#2581,#2579,#1036,.T.);
#3104=EDGE_CURVE('',#2301,#2581,#1043,.T.);
#3107=EDGE_CURVE('',#2300,#2575,#1050,.T.);
#3109=EDGE_CURVE('',#2577,#2575,#1057,.T.);
#3111=EDGE_CURVE('',#2297,#2577,#1064,.T.);
#3114=EDGE_CURVE('',#2296,#2447,#1071,.T.);
#3116=EDGE_CURVE('',#2446,#2447,#1078,.T.);
#3118=EDGE_CURVE('',#2293,#2446,#1085,.T.);
#3122=ADVANCED_FACE('',(#3121),#3050,.T.);
#3130=EDGE_CURVE('',#2265,#2267,#1176,.T.);
#3135=EDGE_CURVE('',#2468,#2469,#1099,.T.);
#3137=EDGE_CURVE('',#2476,#2468,#1106,.T.);
#3139=EDGE_CURVE('',#2476,#2477,#1113,.T.);
#3141=EDGE_CURVE('',#2477,#2469,#1120,.T.);
#3145=EDGE_CURVE('',#2472,#2473,#1127,.T.);
#3147=EDGE_CURVE('',#2480,#2472,#1134,.T.);
#3149=EDGE_CURVE('',#2480,#2481,#1141,.T.);
#3151=EDGE_CURVE('',#2481,#2473,#1148,.T.);
#3155=ADVANCED_FACE('',(#3134,#3144,#3154),#3127,.T.);
#3167=ADVANCED_FACE('',(#3166),#3160,.T.);
#3174=EDGE_CURVE('',#2469,#2623,#1183,.T.);
#3176=EDGE_CURVE('',#2623,#2631,#1190,.T.);
#3178=EDGE_CURVE('',#2472,#2631,#1197,.T.);
#3181=EDGE_CURVE('',#2627,#2473,#1204,.T.);
#3183=EDGE_CURVE('',#2627,#2598,#1211,.T.);
#3185=EDGE_CURVE('',#2598,#2599,#1218,.T.);
#3187=EDGE_CURVE('',#2599,#2611,#1225,.T.);
#3189=EDGE_CURVE('',#2611,#2489,#1232,.T.);
#3192=EDGE_CURVE('',#2488,#2615,#1239,.T.);
#3194=EDGE_CURVE('',#2615,#2607,#1246,.T.);
#3196=EDGE_CURVE('',#2485,#2607,#1253,.T.);
#3199=EDGE_CURVE('',#2603,#2484,#1260,.T.);
#3201=EDGE_CURVE('',#2603,#2594,#1267,.T.);
#3203=EDGE_CURVE('',#2594,#2595,#1274,.T.);
#3205=EDGE_CURVE('',#2595,#2619,#1281,.T.);
#3207=EDGE_CURVE('',#2619,#2468,#1288,.T.);
#3211=ADVANCED_FACE('',(#3210),#3172,.F.);
#3218=EDGE_CURVE('',#2477,#2622,#1400,.T.);
#3220=EDGE_CURVE('',#2622,#2623,#1505,.T.);
#3225=ADVANCED_FACE('',(#3224),#3216,.T.);
#3231=EDGE_CURVE('',#2618,#2476,#1295,.T.);
#3233=EDGE_CURVE('',#2587,#2618,#1302,.T.);
#3235=EDGE_CURVE('',#2586,#2587,#1309,.T.);
#3237=EDGE_CURVE('',#2602,#2586,#1316,.T.);
#3239=EDGE_CURVE('',#2602,#2492,#1323,.T.);
#3242=EDGE_CURVE('',#2493,#2606,#1330,.T.);
#3244=EDGE_CURVE('',#2614,#2606,#1337,.T.);
#3246=EDGE_CURVE('',#2496,#2614,#1344,.T.);
#3249=EDGE_CURVE('',#2610,#2497,#1351,.T.);
#3251=EDGE_CURVE('',#2591,#2610,#1358,.T.);
#3253=EDGE_CURVE('',#2590,#2591,#1365,.T.);
#3255=EDGE_CURVE('',#2626,#2590,#1372,.T.);
#3257=EDGE_CURVE('',#2626,#2481,#1379,.T.);
#3260=EDGE_CURVE('',#2480,#2630,#1386,.T.);
#3262=EDGE_CURVE('',#2622,#2630,#1393,.T.);
#3268=EDGE_CURVE('',#2458,#2459,#1414,.T.);
#3270=EDGE_CURVE('',#2462,#2459,#1428,.T.);
#3272=EDGE_CURVE('',#2462,#2463,#1435,.T.);
#3274=EDGE_CURVE('',#2463,#2465,#1449,.T.);
#3276=EDGE_CURVE('',#2465,#2458,#1463,.T.);
#3280=ADVANCED_FACE('',(#3267,#3279),#3230,.T.);
#3287=EDGE_CURVE('',#2459,#2351,#1407,.T.);
#3290=EDGE_CURVE('',#2458,#2349,#1421,.T.);
#3294=ADVANCED_FACE('',(#3293),#3285,.F.);
#3301=EDGE_CURVE('',#2462,#2344,#1442,.T.);
#3307=ADVANCED_FACE('',(#3306),#3299,.F.);
#3314=EDGE_CURVE('',#2463,#2345,#1456,.T.);
#3320=ADVANCED_FACE('',(#3319),#3312,.F.);
#3327=EDGE_CURVE('',#2465,#2347,#1470,.T.);
#3333=ADVANCED_FACE('',(#3332),#3325,.F.);
#3345=ADVANCED_FACE('',(#3344),#3338,.F.);
#3353=EDGE_CURVE('',#2618,#2619,#1477,.T.);
#3358=ADVANCED_FACE('',(#3357),#3350,.T.);
#3366=EDGE_CURVE('',#2587,#2595,#1484,.T.);
#3371=ADVANCED_FACE('',(#3370),#3363,.F.);
#3377=EDGE_CURVE('',#2626,#2627,#1491,.T.);
#3380=EDGE_CURVE('',#2590,#2598,#1554,.T.);
#3385=ADVANCED_FACE('',(#3384),#3376,.F.);
#3391=EDGE_CURVE('',#2630,#2631,#1498,.T.);
#3398=ADVANCED_FACE('',(#3397),#3390,.F.);
#3407=EDGE_CURVE('',#2586,#2594,#1512,.T.);
#3411=ADVANCED_FACE('',(#3410),#3403,.F.);
#3417=EDGE_CURVE('',#2602,#2603,#1519,.T.);
#3424=ADVANCED_FACE('',(#3423),#3416,.F.);
#3430=EDGE_CURVE('',#2610,#2611,#1526,.T.);
#3433=EDGE_CURVE('',#2591,#2599,#1533,.T.);
#3438=ADVANCED_FACE('',(#3437),#3429,.F.);
#3444=EDGE_CURVE('',#2614,#2615,#1540,.T.);
#3447=EDGE_CURVE('',#2606,#2607,#1547,.T.);
#3452=ADVANCED_FACE('',(#3451),#3443,.F.);
#3464=ADVANCED_FACE('',(#3463),#3457,.F.);
#3476=ADVANCED_FACE('',(#3475),#3469,.T.);
#3488=ADVANCED_FACE('',(#3487),#3481,.F.);
#3500=ADVANCED_FACE('',(#3499),#3493,.T.);
#3512=ADVANCED_FACE('',(#3511),#3505,.F.);
#3524=ADVANCED_FACE('',(#3523),#3517,.F.);
#3536=ADVANCED_FACE('',(#3535),#3529,.F.);
#3543=EDGE_CURVE('',#2377,#2354,#1561,.T.);
#3545=EDGE_CURVE('',#2435,#2354,#1575,.T.);
#3550=ADVANCED_FACE('',(#3549),#3541,.F.);
#3557=EDGE_CURVE('',#2379,#2355,#1568,.T.);
#3559=EDGE_CURVE('',#2354,#2355,#1583,.T.);
#3564=ADVANCED_FACE('',(#3563),#3555,.F.);
#3572=EDGE_CURVE('',#2355,#2434,#1590,.T.);
#3577=ADVANCED_FACE('',(#3576),#3569,.F.);
#3589=ADVANCED_FACE('',(#3588),#3582,.F.);
#3596=EDGE_CURVE('',#2381,#2358,#1597,.T.);
#3598=EDGE_CURVE('',#2439,#2358,#1611,.T.);
#3603=ADVANCED_FACE('',(#3602),#3594,.F.);
#3610=EDGE_CURVE('',#2383,#2359,#1604,.T.);
#3612=EDGE_CURVE('',#2358,#2359,#1619,.T.);
#3617=ADVANCED_FACE('',(#3616),#3608,.F.);
#3625=EDGE_CURVE('',#2359,#2438,#1626,.T.);
#3630=ADVANCED_FACE('',(#3629),#3622,.F.);
#3642=ADVANCED_FACE('',(#3641),#3635,.F.);
#3649=EDGE_CURVE('',#2385,#2362,#1633,.T.);
#3651=EDGE_CURVE('',#2443,#2362,#1647,.T.);
#3656=ADVANCED_FACE('',(#3655),#3647,.F.);
#3663=EDGE_CURVE('',#2387,#2363,#1640,.T.);
#3665=EDGE_CURVE('',#2362,#2363,#1655,.T.);
#3670=ADVANCED_FACE('',(#3669),#3661,.F.);
#3678=EDGE_CURVE('',#2363,#2442,#1662,.T.);
#3683=ADVANCED_FACE('',(#3682),#3675,.F.);
#3695=ADVANCED_FACE('',(#3694),#3688,.F.);
#3702=EDGE_CURVE('',#2389,#2453,#1676,.T.);
#3704=EDGE_CURVE('',#2449,#2453,#1802,.T.);
#3709=ADVANCED_FACE('',(#3708),#3700,.F.);
#3716=EDGE_CURVE('',#2391,#2655,#1669,.T.);
#3718=EDGE_CURVE('',#2453,#2655,#1810,.T.);
#3723=ADVANCED_FACE('',(#3722),#3714,.F.);
#3730=EDGE_CURVE('',#2539,#2637,#1683,.T.);
#3732=EDGE_CURVE('',#2637,#2655,#1817,.T.);
#3737=ADVANCED_FACE('',(#3736),#3728,.F.);
#3744=EDGE_CURVE('',#2549,#2583,#1690,.T.);
#3746=EDGE_CURVE('',#2637,#2583,#1825,.T.);
#3751=ADVANCED_FACE('',(#3750),#3742,.F.);
#3759=EDGE_CURVE('',#2583,#2446,#1832,.T.);
#3764=ADVANCED_FACE('',(#3763),#3756,.F.);
#3771=EDGE_CURVE('',#2447,#2532,#1697,.T.);
#3773=EDGE_CURVE('',#2532,#2533,#1704,.T.);
#3775=EDGE_CURVE('',#2533,#2577,#1711,.T.);
#3778=EDGE_CURVE('',#2575,#2536,#1718,.T.);
#3780=EDGE_CURVE('',#2536,#2537,#1725,.T.);
#3782=EDGE_CURVE('',#2537,#2581,#1732,.T.);
#3785=EDGE_CURVE('',#2579,#2634,#1739,.T.);
#3787=EDGE_CURVE('',#2634,#2635,#1746,.T.);
#3789=EDGE_CURVE('',#2635,#2529,#1753,.T.);
#3792=EDGE_CURVE('',#2527,#2658,#1760,.T.);
#3794=EDGE_CURVE('',#2658,#2659,#1767,.T.);
#3796=EDGE_CURVE('',#2659,#2525,#1774,.T.);
#3799=EDGE_CURVE('',#2523,#2662,#1781,.T.);
#3801=EDGE_CURVE('',#2662,#2663,#1788,.T.);
#3803=EDGE_CURVE('',#2663,#2451,#1795,.T.);
#3813=ADVANCED_FACE('',(#3812),#3769,.F.);
#3820=EDGE_CURVE('',#2542,#2532,#1839,.T.);
#3826=ADVANCED_FACE('',(#3825),#3818,.F.);
#3833=EDGE_CURVE('',#2543,#2533,#1846,.T.);
#3839=ADVANCED_FACE('',(#3838),#3831,.F.);
#3846=EDGE_CURVE('',#2547,#2537,#1853,.T.);
#3849=EDGE_CURVE('',#2546,#2536,#1860,.T.);
#3853=ADVANCED_FACE('',(#3852),#3844,.F.);
#3860=EDGE_CURVE('',#2505,#2635,#1867,.T.);
#3863=EDGE_CURVE('',#2565,#2634,#1874,.T.);
#3867=ADVANCED_FACE('',(#3866),#3858,.F.);
#3874=EDGE_CURVE('',#2501,#2659,#1881,.T.);
#3877=EDGE_CURVE('',#2503,#2658,#1888,.T.);
#3881=ADVANCED_FACE('',(#3880),#3872,.F.);
#3888=EDGE_CURVE('',#2393,#2663,#1895,.T.);
#3891=EDGE_CURVE('',#2499,#2662,#1902,.T.);
#3895=ADVANCED_FACE('',(#3894),#3886,.F.);
#3907=ADVANCED_FACE('',(#3906),#3900,.F.);
#3919=ADVANCED_FACE('',(#3918),#3912,.F.);
#3931=ADVANCED_FACE('',(#3930),#3924,.F.);
#3943=ADVANCED_FACE('',(#3942),#3936,.F.);
#3955=ADVANCED_FACE('',(#3954),#3948,.F.);
#3967=ADVANCED_FACE('',(#3966),#3960,.F.);
#3979=ADVANCED_FACE('',(#3978),#3972,.F.);
#3991=ADVANCED_FACE('',(#3990),#3984,.F.);
#4003=ADVANCED_FACE('',(#4002),#3996,.F.);
#4010=EDGE_CURVE('',#2559,#2653,#1909,.T.);
#4012=EDGE_CURVE('',#2653,#2426,#1937,.T.);
#4017=ADVANCED_FACE('',(#4016),#4008,.T.);
#4024=EDGE_CURVE('',#2652,#2558,#1916,.T.);
#4026=EDGE_CURVE('',#2652,#2653,#1945,.T.);
#4031=ADVANCED_FACE('',(#4030),#4022,.F.);
#4038=EDGE_CURVE('',#2665,#2409,#1930,.T.);
#4040=EDGE_CURVE('',#2665,#2652,#1952,.T.);
#4045=ADVANCED_FACE('',(#4044),#4036,.T.);
#4052=EDGE_CURVE('',#2407,#2455,#1923,.T.);
#4054=EDGE_CURVE('',#2455,#2665,#1960,.T.);
#4059=ADVANCED_FACE('',(#4058),#4050,.F.);
#4067=EDGE_CURVE('',#2429,#2455,#1967,.T.);
#4072=ADVANCED_FACE('',(#4071),#4064,.T.);
#4085=EDGE_CURVE('',#2673,#2431,#1974,.T.);
#4087=EDGE_CURVE('',#2672,#2673,#1981,.T.);
#4089=EDGE_CURVE('',#2515,#2672,#1988,.T.);
#4092=EDGE_CURVE('',#2669,#2517,#1995,.T.);
#4094=EDGE_CURVE('',#2668,#2669,#2002,.T.);
#4096=EDGE_CURVE('',#2519,#2668,#2009,.T.);
#4099=EDGE_CURVE('',#2649,#2521,#2016,.T.);
#4101=EDGE_CURVE('',#2648,#2649,#2023,.T.);
#4103=EDGE_CURVE('',#2571,#2648,#2030,.T.);
#4106=EDGE_CURVE('',#2645,#2573,#2037,.T.);
#4108=EDGE_CURVE('',#2644,#2645,#2044,.T.);
#4110=EDGE_CURVE('',#2567,#2644,#2051,.T.);
#4113=EDGE_CURVE('',#2641,#2569,#2058,.T.);
#4115=EDGE_CURVE('',#2640,#2641,#2065,.T.);
#4117=EDGE_CURVE('',#2427,#2640,#2072,.T.);
#4121=ADVANCED_FACE('',(#4120),#4077,.T.);
#4128=EDGE_CURVE('',#2411,#2673,#2079,.T.);
#4134=ADVANCED_FACE('',(#4133),#4126,.T.);
#4141=EDGE_CURVE('',#2555,#2640,#2086,.T.);
#4144=EDGE_CURVE('',#2553,#2641,#2093,.T.);
#4148=ADVANCED_FACE('',(#4147),#4139,.T.);
#4155=EDGE_CURVE('',#2551,#2644,#2100,.T.);
#4158=EDGE_CURVE('',#2563,#2645,#2107,.T.);
#4162=ADVANCED_FACE('',(#4161),#4153,.T.);
#4169=EDGE_CURVE('',#2561,#2648,#2114,.T.);
#4172=EDGE_CURVE('',#2513,#2649,#2121,.T.);
#4176=ADVANCED_FACE('',(#4175),#4167,.T.);
#4183=EDGE_CURVE('',#2511,#2668,#2128,.T.);
#4186=EDGE_CURVE('',#2509,#2669,#2135,.T.);
#4190=ADVANCED_FACE('',(#4189),#4181,.T.);
#4197=EDGE_CURVE('',#2507,#2672,#2142,.T.);
#4203=ADVANCED_FACE('',(#4202),#4195,.T.);
#4215=ADVANCED_FACE('',(#4214),#4208,.T.);
#4227=ADVANCED_FACE('',(#4226),#4220,.T.);
#4239=ADVANCED_FACE('',(#4238),#4232,.T.);
#4251=ADVANCED_FACE('',(#4250),#4244,.T.);
#4263=ADVANCED_FACE('',(#4262),#4256,.T.);
#4275=ADVANCED_FACE('',(#4274),#4268,.T.);
#4287=ADVANCED_FACE('',(#4286),#4280,.T.);
#4299=ADVANCED_FACE('',(#4298),#4292,.T.);
#4311=ADVANCED_FACE('',(#4310),#4304,.T.);
#4318=EDGE_CURVE('',#2405,#2375,#2149,.T.);
#4320=EDGE_CURVE('',#2375,#2422,#2163,.T.);
#4325=ADVANCED_FACE('',(#4324),#4316,.T.);
#4332=EDGE_CURVE('',#2403,#2374,#2156,.T.);
#4334=EDGE_CURVE('',#2374,#2375,#2171,.T.);
#4339=ADVANCED_FACE('',(#4338),#4330,.F.);
#4347=EDGE_CURVE('',#2423,#2374,#2178,.T.);
#4352=ADVANCED_FACE('',(#4351),#4344,.T.);
#4364=ADVANCED_FACE('',(#4363),#4357,.T.);
#4371=EDGE_CURVE('',#2401,#2371,#2185,.T.);
#4373=EDGE_CURVE('',#2371,#2418,#2199,.T.);
#4378=ADVANCED_FACE('',(#4377),#4369,.T.);
#4385=EDGE_CURVE('',#2399,#2370,#2192,.T.);
#4387=EDGE_CURVE('',#2370,#2371,#2207,.T.);
#4392=ADVANCED_FACE('',(#4391),#4383,.F.);
#4400=EDGE_CURVE('',#2419,#2370,#2214,.T.);
#4405=ADVANCED_FACE('',(#4404),#4397,.T.);
#4417=ADVANCED_FACE('',(#4416),#4410,.T.);
#4424=EDGE_CURVE('',#2397,#2367,#2221,.T.);
#4426=EDGE_CURVE('',#2367,#2414,#2235,.T.);
#4431=ADVANCED_FACE('',(#4430),#4422,.T.);
#4438=EDGE_CURVE('',#2395,#2366,#2228,.T.);
#4440=EDGE_CURVE('',#2366,#2367,#2243,.T.);
#4445=ADVANCED_FACE('',(#4444),#4436,.F.);
#4453=EDGE_CURVE('',#2415,#2366,#2250,.T.);
#4458=ADVANCED_FACE('',(#4457),#4450,.T.);
#4470=ADVANCED_FACE('',(#4469),#4463,.T.);
#4479=(LENGTH_UNIT()NAMED_UNIT(*)SI_UNIT(.MILLI.,.METRE.));
#4480=(NAMED_UNIT(*)PLANE_ANGLE_UNIT()SI_UNIT($,.RADIAN.));
#4483=(NAMED_UNIT(*)SI_UNIT($,.STERADIAN.)SOLID_ANGLE_UNIT());
#4485=(GEOMETRIC_REPRESENTATION_CONTEXT(3)GLOBAL_UNCERTAINTY_ASSIGNED_CONTEXT((
#4484))GLOBAL_UNIT_ASSIGNED_CONTEXT((#4479,#4482,#4483))REPRESENTATION_CONTEXT(
'ID1','3'));
#4489=AXIS2_PLACEMENT_3D('',#4486,#4487,#4488);
#4490=ADVANCED_BREP_SHAPE_REPRESENTATION('',(#4489,#4472),#4485);
#4497=PRODUCT_DEFINITION('part definition','',#4496,#4493);
#4498=PRODUCT_DEFINITION_SHAPE('','SHAPE FOR BODY-SON.',#4497);
#4499=SHAPE_ASPECT('','solid data associated with BODY-SON',#4498,.F.);
#4500=PROPERTY_DEFINITION('',
'shape for solid data with which properties are associated',#4499);
#4501=SHAPE_REPRESENTATION('',(#4472),#4485);
#4502=SHAPE_DEFINITION_REPRESENTATION(#4500,#4501);
#4503=(LENGTH_UNIT()NAMED_UNIT(*)SI_UNIT(.MILLI.,.METRE.));
#4507=PROPERTY_DEFINITION('geometric validation property','area of BODY-SON',
#4499);
#4508=REPRESENTATION('surface area',(#4506),#4485);
#4509=PROPERTY_DEFINITION_REPRESENTATION(#4507,#4508);
#4510=(LENGTH_UNIT()NAMED_UNIT(*)SI_UNIT(.MILLI.,.METRE.));
#4514=PROPERTY_DEFINITION('geometric validation property','volume of BODY-SON',
#4499);
#4515=REPRESENTATION('volume',(#4513),#4485);
#4516=PROPERTY_DEFINITION_REPRESENTATION(#4514,#4515);
#4518=PROPERTY_DEFINITION('geometric validation property',
'centroid of BODY-SON',#4499);
#4519=REPRESENTATION('centroid',(#4517),#4485);
#4520=PROPERTY_DEFINITION_REPRESENTATION(#4518,#4519);
#4521=(LENGTH_UNIT()NAMED_UNIT(*)SI_UNIT(.MILLI.,.METRE.));
#4525=PROPERTY_DEFINITION('geometric validation property','area of BODY-SON',
#4498);
#4526=REPRESENTATION('surface area',(#4524),#4485);
#4527=PROPERTY_DEFINITION_REPRESENTATION(#4525,#4526);
#4528=(LENGTH_UNIT()NAMED_UNIT(*)SI_UNIT(.MILLI.,.METRE.));
#4532=PROPERTY_DEFINITION('geometric validation property','volume of BODY-SON',
#4498);
#4533=REPRESENTATION('volume',(#4531),#4485);
#4534=PROPERTY_DEFINITION_REPRESENTATION(#4532,#4533);
#4536=PROPERTY_DEFINITION('geometric validation property',
'centroid of BODY-SON',#4498);
#4537=REPRESENTATION('centroid',(#4535),#4485);
#4538=PROPERTY_DEFINITION_REPRESENTATION(#4536,#4537);
#4539=SHAPE_DEFINITION_REPRESENTATION(#4498,#4490);
#4540=SHAPE_DEFINITION_REPRESENTATION(#4541,#4542);
#4541=PRODUCT_DEFINITION_SHAPE('','SHAPE FOR DPC0008A_ASM.',#9259);
#4542=SHAPE_REPRESENTATION('',(#4552,#9200,#9240,#9254),#9250);
#4543=NEXT_ASSEMBLY_USAGE_OCCURRENCE('0','Next assembly relationship',
'BODY-SON',#9259,#4497,$);
#4544=PRODUCT_DEFINITION_SHAPE('Placement #0',
'Placement of BODY-SON with respect to DPC0008A_ASM',#4543);
#4546=PROPERTY_DEFINITION('geometric validation property',
'centroid of BODY-SON',#4544);
#4547=REPRESENTATION('centroid',(#4545),#4485);
#4548=PROPERTY_DEFINITION_REPRESENTATION(#4546,#4547);
#5187=EDGE_CURVE('',#5128,#5129,#4560,.T.);
#5189=EDGE_CURVE('',#5128,#5120,#4861,.T.);
#5191=EDGE_CURVE('',#5120,#5124,#5057,.T.);
#5193=EDGE_CURVE('',#5129,#5124,#4672,.T.);
#5197=ADVANCED_FACE('',(#5196),#5186,.T.);
#5204=EDGE_CURVE('',#5129,#5102,#4665,.T.);
#5206=EDGE_CURVE('',#5094,#5102,#5064,.T.);
#5208=EDGE_CURVE('',#5128,#5094,#4868,.T.);
#5212=ADVANCED_FACE('',(#5211),#5202,.T.);
#5218=EDGE_CURVE('',#5143,#5147,#4567,.T.);
#5220=EDGE_CURVE('',#5099,#5143,#4812,.T.);
#5222=EDGE_CURVE('',#5099,#5107,#4574,.T.);
#5224=EDGE_CURVE('',#5107,#5147,#4721,.T.);
#5228=ADVANCED_FACE('',(#5227),#5217,.T.);
#5234=EDGE_CURVE('',#5145,#5149,#4581,.T.);
#5236=EDGE_CURVE('',#5149,#5133,#4693,.T.);
#5238=EDGE_CURVE('',#5132,#5133,#4588,.T.);
#5240=EDGE_CURVE('',#5145,#5132,#4840,.T.);
#5244=ADVANCED_FACE('',(#5243),#5233,.T.);
#5250=EDGE_CURVE('',#5179,#5106,#4595,.T.);
#5252=EDGE_CURVE('',#5179,#5172,#4602,.T.);
#5254=EDGE_CURVE('',#5172,#5173,#4609,.T.);
#5256=EDGE_CURVE('',#5173,#5181,#4616,.T.);
#5258=EDGE_CURVE('',#5165,#5181,#4623,.T.);
#5260=EDGE_CURVE('',#5157,#5165,#4630,.T.);
#5262=EDGE_CURVE('',#5156,#5157,#4637,.T.);
#5264=EDGE_CURVE('',#5163,#5156,#4644,.T.);
#5266=EDGE_CURVE('',#5103,#5163,#4651,.T.);
#5268=EDGE_CURVE('',#5102,#5103,#4658,.T.);
#5272=EDGE_CURVE('',#5124,#5125,#4679,.T.);
#5274=EDGE_CURVE('',#5125,#5133,#4686,.T.);
#5277=EDGE_CURVE('',#5141,#5149,#4700,.T.);
#5279=EDGE_CURVE('',#5140,#5141,#4707,.T.);
#5281=EDGE_CURVE('',#5147,#5140,#4714,.T.);
#5284=EDGE_CURVE('',#5106,#5107,#4728,.T.);
#5288=ADVANCED_FACE('',(#5287),#5249,.T.);
#5294=EDGE_CURVE('',#5159,#5163,#4735,.T.);
#5296=EDGE_CURVE('',#5095,#5159,#4882,.T.);
#5298=EDGE_CURVE('',#5095,#5103,#4742,.T.);
#5303=ADVANCED_FACE('',(#5302),#5293,.T.);
#5309=EDGE_CURVE('',#5175,#5179,#4749,.T.);
#5312=EDGE_CURVE('',#5098,#5106,#5029,.T.);
#5314=EDGE_CURVE('',#5175,#5098,#4798,.T.);
#5318=ADVANCED_FACE('',(#5317),#5308,.T.);
#5324=EDGE_CURVE('',#5177,#5181,#4756,.T.);
#5326=EDGE_CURVE('',#5161,#5177,#4770,.T.);
#5328=EDGE_CURVE('',#5161,#5165,#4763,.T.);
#5333=ADVANCED_FACE('',(#5332),#5323,.T.);
#5339=EDGE_CURVE('',#5159,#5152,#4889,.T.);
#5343=EDGE_CURVE('',#5152,#5156,#5071,.T.);
#5347=ADVANCED_FACE('',(#5346),#5338,.F.);
#5354=EDGE_CURVE('',#5169,#5177,#4777,.T.);
#5356=EDGE_CURVE('',#5168,#5169,#4784,.T.);
#5358=EDGE_CURVE('',#5175,#5168,#4791,.T.);
#5361=EDGE_CURVE('',#5098,#5099,#4805,.T.);
#5364=EDGE_CURVE('',#5143,#5136,#4819,.T.);
#5366=EDGE_CURVE('',#5136,#5137,#4826,.T.);
#5368=EDGE_CURVE('',#5137,#5145,#4833,.T.);
#5371=EDGE_CURVE('',#5121,#5132,#4847,.T.);
#5373=EDGE_CURVE('',#5120,#5121,#4854,.T.);
#5377=EDGE_CURVE('',#5094,#5095,#4875,.T.);
#5381=EDGE_CURVE('',#5152,#5153,#4896,.T.);
#5383=EDGE_CURVE('',#5153,#5161,#4903,.T.);
#5387=EDGE_CURVE('',#5110,#5111,#4910,.T.);
#5389=EDGE_CURVE('',#5117,#5110,#4966,.T.);
#5391=EDGE_CURVE('',#5115,#5117,#4952,.T.);
#5393=EDGE_CURVE('',#5114,#5115,#4938,.T.);
#5395=EDGE_CURVE('',#5114,#5111,#4931,.T.);
#5399=ADVANCED_FACE('',(#5386,#5398),#5352,.F.);
#5406=EDGE_CURVE('',#5111,#5089,#4917,.T.);
#5408=EDGE_CURVE('',#5089,#5087,#4980,.T.);
#5410=EDGE_CURVE('',#5110,#5087,#4924,.T.);
#5414=ADVANCED_FACE('',(#5413),#5404,.T.);
#5421=EDGE_CURVE('',#5114,#5091,#4945,.T.);
#5423=EDGE_CURVE('',#5091,#5089,#4987,.T.);
#5428=ADVANCED_FACE('',(#5427),#5419,.T.);
#5435=EDGE_CURVE('',#5115,#5085,#4959,.T.);
#5437=EDGE_CURVE('',#5085,#5091,#4994,.T.);
#5442=ADVANCED_FACE('',(#5441),#5433,.T.);
#5449=EDGE_CURVE('',#5117,#5084,#4973,.T.);
#5451=EDGE_CURVE('',#5084,#5085,#5001,.T.);
#5456=ADVANCED_FACE('',(#5455),#5447,.T.);
#5464=EDGE_CURVE('',#5087,#5084,#5008,.T.);
#5469=ADVANCED_FACE('',(#5468),#5461,.T.);
#5482=ADVANCED_FACE('',(#5481),#5474,.F.);
#5503=EDGE_CURVE('',#5169,#5173,#5015,.T.);
#5507=ADVANCED_FACE('',(#5506),#5499,.T.);
#5516=EDGE_CURVE('',#5168,#5172,#5022,.T.);
#5520=ADVANCED_FACE('',(#5519),#5512,.T.);
#5532=ADVANCED_FACE('',(#5531),#5525,.T.);
#5544=ADVANCED_FACE('',(#5543),#5537,.T.);
#5553=EDGE_CURVE('',#5136,#5140,#5036,.T.);
#5557=ADVANCED_FACE('',(#5556),#5549,.F.);
#5566=EDGE_CURVE('',#5137,#5141,#5043,.T.);
#5570=ADVANCED_FACE('',(#5569),#5562,.F.);
#5582=ADVANCED_FACE('',(#5581),#5575,.F.);
#5590=EDGE_CURVE('',#5121,#5125,#5050,.T.);
#5595=ADVANCED_FACE('',(#5594),#5587,.T.);
#5607=ADVANCED_FACE('',(#5606),#5600,.T.);
#5619=ADVANCED_FACE('',(#5618),#5612,.T.);
#5628=EDGE_CURVE('',#5153,#5157,#5078,.T.);
#5632=ADVANCED_FACE('',(#5631),#5624,.F.);
#5644=ADVANCED_FACE('',(#5643),#5637,.F.);
#5665=CIRCLE('',#5664,1.E-1);
#5736=CIRCLE('',#5735,1.E-1);
#5761=EDGE_CURVE('',#5742,#5743,#5657,.T.);
#5763=EDGE_CURVE('',#5743,#5745,#5665,.T.);
#5765=EDGE_CURVE('',#5745,#5747,#5672,.T.);
#5767=EDGE_CURVE('',#5747,#5742,#5679,.T.);
#5771=ADVANCED_FACE('',(#5770),#5760,.F.);
#5785=EDGE_CURVE('',#5742,#5750,#5686,.T.);
#5787=EDGE_CURVE('',#5750,#5751,#5714,.T.);
#5789=EDGE_CURVE('',#5743,#5751,#5707,.T.);
#5793=ADVANCED_FACE('',(#5792),#5783,.T.);
#5800=EDGE_CURVE('',#5747,#5755,#5693,.T.);
#5802=EDGE_CURVE('',#5755,#5750,#5721,.T.);
#5807=ADVANCED_FACE('',(#5806),#5798,.T.);
#5814=EDGE_CURVE('',#5745,#5753,#5700,.T.);
#5816=EDGE_CURVE('',#5753,#5755,#5728,.T.);
#5821=ADVANCED_FACE('',(#5820),#5812,.T.);
#5829=EDGE_CURVE('',#5751,#5753,#5736,.T.);
#5834=ADVANCED_FACE('',(#5833),#5826,.T.);
#5846=ADVANCED_FACE('',(#5845),#5839,.T.);
#5867=CIRCLE('',#5866,1.E-1);
#5938=CIRCLE('',#5937,1.E-1);
#5963=EDGE_CURVE('',#5944,#5945,#5859,.T.);
#5965=EDGE_CURVE('',#5945,#5947,#5867,.T.);
#5967=EDGE_CURVE('',#5947,#5949,#5874,.T.);
#5969=EDGE_CURVE('',#5949,#5944,#5881,.T.);
#5973=ADVANCED_FACE('',(#5972),#5962,.F.);
#5987=EDGE_CURVE('',#5944,#5952,#5888,.T.);
#5989=EDGE_CURVE('',#5952,#5953,#5916,.T.);
#5991=EDGE_CURVE('',#5945,#5953,#5909,.T.);
#5995=ADVANCED_FACE('',(#5994),#5985,.T.);
#6002=EDGE_CURVE('',#5949,#5957,#5895,.T.);
#6004=EDGE_CURVE('',#5957,#5952,#5923,.T.);
#6009=ADVANCED_FACE('',(#6008),#6000,.T.);
#6016=EDGE_CURVE('',#5947,#5955,#5902,.T.);
#6018=EDGE_CURVE('',#5955,#5957,#5930,.T.);
#6023=ADVANCED_FACE('',(#6022),#6014,.T.);
#6031=EDGE_CURVE('',#5953,#5955,#5938,.T.);
#6036=ADVANCED_FACE('',(#6035),#6028,.T.);
#6048=ADVANCED_FACE('',(#6047),#6041,.T.);
#6069=CIRCLE('',#6068,1.E-1);
#6140=CIRCLE('',#6139,1.E-1);
#6165=EDGE_CURVE('',#6146,#6147,#6061,.T.);
#6167=EDGE_CURVE('',#6147,#6149,#6069,.T.);
#6169=EDGE_CURVE('',#6149,#6151,#6076,.T.);
#6171=EDGE_CURVE('',#6151,#6146,#6083,.T.);
#6175=ADVANCED_FACE('',(#6174),#6164,.F.);
#6189=EDGE_CURVE('',#6146,#6154,#6090,.T.);
#6191=EDGE_CURVE('',#6154,#6155,#6118,.T.);
#6193=EDGE_CURVE('',#6147,#6155,#6111,.T.);
#6197=ADVANCED_FACE('',(#6196),#6187,.T.);
#6204=EDGE_CURVE('',#6151,#6159,#6097,.T.);
#6206=EDGE_CURVE('',#6159,#6154,#6125,.T.);
#6211=ADVANCED_FACE('',(#6210),#6202,.T.);
#6218=EDGE_CURVE('',#6149,#6157,#6104,.T.);
#6220=EDGE_CURVE('',#6157,#6159,#6132,.T.);
#6225=ADVANCED_FACE('',(#6224),#6216,.T.);
#6233=EDGE_CURVE('',#6155,#6157,#6140,.T.);
#6238=ADVANCED_FACE('',(#6237),#6230,.T.);
#6250=ADVANCED_FACE('',(#6249),#6243,.T.);
#6278=CIRCLE('',#6277,1.E-1);
#6447=CIRCLE('',#6446,1.E-1);
#6644=CIRCLE('',#6643,1.E-1);
#6659=CIRCLE('',#6658,1.E-1);
#6919=EDGE_CURVE('',#6873,#6875,#6292,.T.);
#6921=EDGE_CURVE('',#6873,#6879,#6263,.T.);
#6923=EDGE_CURVE('',#6879,#6881,#6629,.T.);
#6925=EDGE_CURVE('',#6875,#6881,#6496,.T.);
#6929=ADVANCED_FACE('',(#6928),#6918,.T.);
#6935=EDGE_CURVE('',#6884,#6896,#6270,.T.);
#6937=EDGE_CURVE('',#6896,#6872,#6278,.T.);
#6939=EDGE_CURVE('',#6872,#6873,#6285,.T.);
#6942=EDGE_CURVE('',#6875,#6840,#6299,.T.);
#6944=EDGE_CURVE('',#6840,#6841,#6306,.T.);
#6946=EDGE_CURVE('',#6841,#6864,#6313,.T.);
#6948=EDGE_CURVE('',#6864,#6865,#6320,.T.);
#6950=EDGE_CURVE('',#6865,#6844,#6327,.T.);
#6952=EDGE_CURVE('',#6844,#6845,#6334,.T.);
#6954=EDGE_CURVE('',#6845,#6856,#6341,.T.);
#6956=EDGE_CURVE('',#6856,#6857,#6348,.T.);
#6958=EDGE_CURVE('',#6857,#6892,#6355,.T.);
#6960=EDGE_CURVE('',#6892,#6888,#6362,.T.);
#6962=EDGE_CURVE('',#6888,#6832,#6369,.T.);
#6964=EDGE_CURVE('',#6832,#6833,#6376,.T.);
#6966=EDGE_CURVE('',#6833,#6912,#6383,.T.);
#6968=EDGE_CURVE('',#6912,#6908,#6390,.T.);
#6970=EDGE_CURVE('',#6908,#6824,#6397,.T.);
#6972=EDGE_CURVE('',#6824,#6825,#6404,.T.);
#6974=EDGE_CURVE('',#6825,#6904,#6411,.T.);
#6976=EDGE_CURVE('',#6904,#6900,#6418,.T.);
#6978=EDGE_CURVE('',#6900,#6815,#6425,.T.);
#6980=EDGE_CURVE('',#6815,#6812,#6432,.T.);
#6982=EDGE_CURVE('',#6812,#6813,#6439,.T.);
#6984=EDGE_CURVE('',#6813,#6884,#6447,.T.);
#6988=ADVANCED_FACE('',(#6987),#6934,.F.);
#7002=EDGE_CURVE('',#6884,#6885,#6454,.T.);
#7004=EDGE_CURVE('',#6897,#6885,#6651,.T.);
#7006=EDGE_CURVE('',#6896,#6897,#6806,.T.);
#7010=ADVANCED_FACE('',(#7009),#7000,.T.);
#7018=EDGE_CURVE('',#6813,#6819,#6461,.T.);
#7020=EDGE_CURVE('',#6819,#6885,#6659,.T.);
#7024=ADVANCED_FACE('',(#7023),#7015,.T.);
#7031=EDGE_CURVE('',#6812,#6818,#6468,.T.);
#7033=EDGE_CURVE('',#6818,#6819,#6666,.T.);
#7038=ADVANCED_FACE('',(#7037),#7029,.T.);
#7045=EDGE_CURVE('',#6815,#6821,#6475,.T.);
#7047=EDGE_CURVE('',#6821,#6818,#6673,.T.);
#7052=ADVANCED_FACE('',(#7051),#7043,.T.);
#7058=EDGE_CURVE('',#6900,#6901,#6482,.T.);
#7060=EDGE_CURVE('',#6901,#6821,#6680,.T.);
#7066=ADVANCED_FACE('',(#7065),#7057,.T.);
#7073=EDGE_CURVE('',#6840,#6848,#6489,.T.);
#7075=EDGE_CURVE('',#6848,#6849,#6615,.T.);
#7077=EDGE_CURVE('',#6841,#6849,#6792,.T.);
#7081=ADVANCED_FACE('',(#7080),#7071,.T.);
#7088=EDGE_CURVE('',#6844,#6852,#6771,.T.);
#7090=EDGE_CURVE('',#6852,#6853,#6587,.T.);
#7092=EDGE_CURVE('',#6845,#6853,#6764,.T.);
#7096=ADVANCED_FACE('',(#7095),#7086,.T.);
#7102=EDGE_CURVE('',#6888,#6889,#6736,.T.);
#7105=EDGE_CURVE('',#6892,#6893,#6743,.T.);
#7107=EDGE_CURVE('',#6893,#6889,#6559,.T.);
#7111=ADVANCED_FACE('',(#7110),#7101,.T.);
#7119=EDGE_CURVE('',#6904,#6905,#6687,.T.);
#7121=EDGE_CURVE('',#6905,#6901,#6503,.T.);
#7125=ADVANCED_FACE('',(#7124),#7116,.T.);
#7131=EDGE_CURVE('',#6908,#6909,#6708,.T.);
#7134=EDGE_CURVE('',#6912,#6913,#6715,.T.);
#7136=EDGE_CURVE('',#6913,#6909,#6531,.T.);
#7140=ADVANCED_FACE('',(#7139),#7130,.T.);
#7149=EDGE_CURVE('',#6881,#6848,#6622,.T.);
#7153=ADVANCED_FACE('',(#7152),#7145,.T.);
#7160=EDGE_CURVE('',#6829,#6905,#6510,.T.);
#7162=EDGE_CURVE('',#6828,#6829,#6517,.T.);
#7164=EDGE_CURVE('',#6909,#6828,#6524,.T.);
#7167=EDGE_CURVE('',#6837,#6913,#6538,.T.);
#7169=EDGE_CURVE('',#6836,#6837,#6545,.T.);
#7171=EDGE_CURVE('',#6889,#6836,#6552,.T.);
#7174=EDGE_CURVE('',#6861,#6893,#6566,.T.);
#7176=EDGE_CURVE('',#6860,#6861,#6573,.T.);
#7178=EDGE_CURVE('',#6853,#6860,#6580,.T.);
#7181=EDGE_CURVE('',#6869,#6852,#6594,.T.);
#7183=EDGE_CURVE('',#6868,#6869,#6601,.T.);
#7185=EDGE_CURVE('',#6849,#6868,#6608,.T.);
#7190=EDGE_CURVE('',#6878,#6879,#6636,.T.);
#7192=EDGE_CURVE('',#6897,#6878,#6644,.T.);
#7201=ADVANCED_FACE('',(#7200),#7158,.T.);
#7209=EDGE_CURVE('',#6825,#6829,#6694,.T.);
#7214=ADVANCED_FACE('',(#7213),#7206,.T.);
#7221=EDGE_CURVE('',#6824,#6828,#6701,.T.);
#7227=ADVANCED_FACE('',(#7226),#7219,.T.);
#7239=ADVANCED_FACE('',(#7238),#7232,.T.);
#7247=EDGE_CURVE('',#6833,#6837,#6722,.T.);
#7252=ADVANCED_FACE('',(#7251),#7244,.T.);
#7259=EDGE_CURVE('',#6832,#6836,#6729,.T.);
#7265=ADVANCED_FACE('',(#7264),#7257,.T.);
#7277=ADVANCED_FACE('',(#7276),#7270,.T.);
#7285=EDGE_CURVE('',#6857,#6861,#6750,.T.);
#7290=ADVANCED_FACE('',(#7289),#7282,.T.);
#7297=EDGE_CURVE('',#6856,#6860,#6757,.T.);
#7303=ADVANCED_FACE('',(#7302),#7295,.T.);
#7315=ADVANCED_FACE('',(#7314),#7308,.T.);
#7323=EDGE_CURVE('',#6865,#6869,#6778,.T.);
#7328=ADVANCED_FACE('',(#7327),#7320,.T.);
#7335=EDGE_CURVE('',#6864,#6868,#6785,.T.);
#7341=ADVANCED_FACE('',(#7340),#7333,.T.);
#7353=ADVANCED_FACE('',(#7352),#7346,.T.);
#7360=EDGE_CURVE('',#6872,#6878,#6799,.T.);
#7366=ADVANCED_FACE('',(#7365),#7358,.T.);
#7378=ADVANCED_FACE('',(#7377),#7371,.T.);
#7413=CIRCLE('',#7412,1.E-1);
#7456=CIRCLE('',#7455,1.E-1);
#7495=EDGE_CURVE('',#7476,#7477,#7391,.T.);
#7497=EDGE_CURVE('',#7481,#7476,#7398,.T.);
#7499=EDGE_CURVE('',#7479,#7481,#7405,.T.);
#7501=EDGE_CURVE('',#7477,#7479,#7413,.T.);
#7505=ADVANCED_FACE('',(#7504),#7494,.T.);
#7519=EDGE_CURVE('',#7477,#7485,#7427,.T.);
#7521=EDGE_CURVE('',#7484,#7485,#7448,.T.);
#7523=EDGE_CURVE('',#7476,#7484,#7420,.T.);
#7527=ADVANCED_FACE('',(#7526),#7517,.F.);
#7534=EDGE_CURVE('',#7479,#7487,#7434,.T.);
#7536=EDGE_CURVE('',#7485,#7487,#7456,.T.);
#7541=ADVANCED_FACE('',(#7540),#7532,.T.);
#7548=EDGE_CURVE('',#7481,#7489,#7441,.T.);
#7550=EDGE_CURVE('',#7487,#7489,#7463,.T.);
#7555=ADVANCED_FACE('',(#7554),#7546,.F.);
#7563=EDGE_CURVE('',#7489,#7484,#7470,.T.);
#7568=ADVANCED_FACE('',(#7567),#7560,.F.);
#7580=ADVANCED_FACE('',(#7579),#7573,.F.);
#7615=CIRCLE('',#7614,1.E-1);
#7658=CIRCLE('',#7657,1.E-1);
#7697=EDGE_CURVE('',#7678,#7679,#7593,.T.);
#7699=EDGE_CURVE('',#7683,#7678,#7600,.T.);
#7701=EDGE_CURVE('',#7681,#7683,#7607,.T.);
#7703=EDGE_CURVE('',#7679,#7681,#7615,.T.);
#7707=ADVANCED_FACE('',(#7706),#7696,.T.);
#7721=EDGE_CURVE('',#7679,#7687,#7629,.T.);
#7723=EDGE_CURVE('',#7686,#7687,#7650,.T.);
#7725=EDGE_CURVE('',#7678,#7686,#7622,.T.);
#7729=ADVANCED_FACE('',(#7728),#7719,.F.);
#7736=EDGE_CURVE('',#7681,#7689,#7636,.T.);
#7738=EDGE_CURVE('',#7687,#7689,#7658,.T.);
#7743=ADVANCED_FACE('',(#7742),#7734,.T.);
#7750=EDGE_CURVE('',#7683,#7691,#7643,.T.);
#7752=EDGE_CURVE('',#7689,#7691,#7665,.T.);
#7757=ADVANCED_FACE('',(#7756),#7748,.F.);
#7765=EDGE_CURVE('',#7691,#7686,#7672,.T.);
#7770=ADVANCED_FACE('',(#7769),#7762,.F.);
#7782=ADVANCED_FACE('',(#7781),#7775,.F.);
#7817=CIRCLE('',#7816,1.E-1);
#7860=CIRCLE('',#7859,1.E-1);
#7899=EDGE_CURVE('',#7880,#7881,#7795,.T.);
#7901=EDGE_CURVE('',#7885,#7880,#7802,.T.);
#7903=EDGE_CURVE('',#7883,#7885,#7809,.T.);
#7905=EDGE_CURVE('',#7881,#7883,#7817,.T.);
#7909=ADVANCED_FACE('',(#7908),#7898,.T.);
#7923=EDGE_CURVE('',#7881,#7889,#7831,.T.);
#7925=EDGE_CURVE('',#7888,#7889,#7852,.T.);
#7927=EDGE_CURVE('',#7880,#7888,#7824,.T.);
#7931=ADVANCED_FACE('',(#7930),#7921,.F.);
#7938=EDGE_CURVE('',#7883,#7891,#7838,.T.);
#7940=EDGE_CURVE('',#7889,#7891,#7860,.T.);
#7945=ADVANCED_FACE('',(#7944),#7936,.T.);
#7952=EDGE_CURVE('',#7885,#7893,#7845,.T.);
#7954=EDGE_CURVE('',#7891,#7893,#7867,.T.);
#7959=ADVANCED_FACE('',(#7958),#7950,.F.);
#7967=EDGE_CURVE('',#7893,#7888,#7874,.T.);
#7972=ADVANCED_FACE('',(#7971),#7964,.F.);
#7984=ADVANCED_FACE('',(#7983),#7977,.F.);
#8145=CIRCLE('',#8144,1.E-1);
#8160=CIRCLE('',#8159,1.E-1);
#8224=CIRCLE('',#8223,1.E-1);
#8393=CIRCLE('',#8392,1.E-1);
#8653=EDGE_CURVE('',#8591,#8593,#8130,.T.);
#8655=EDGE_CURVE('',#8593,#8599,#8456,.T.);
#8657=EDGE_CURVE('',#8597,#8599,#8238,.T.);
#8659=EDGE_CURVE('',#8591,#8597,#7997,.T.);
#8663=ADVANCED_FACE('',(#8662),#8652,.F.);
#8669=EDGE_CURVE('',#8638,#8634,#8004,.T.);
#8671=EDGE_CURVE('',#8559,#8638,#8011,.T.);
#8673=EDGE_CURVE('',#8558,#8559,#8018,.T.);
#8675=EDGE_CURVE('',#8642,#8558,#8025,.T.);
#8677=EDGE_CURVE('',#8646,#8642,#8032,.T.);
#8679=EDGE_CURVE('',#8567,#8646,#8039,.T.);
#8681=EDGE_CURVE('',#8566,#8567,#8046,.T.);
#8683=EDGE_CURVE('',#8619,#8566,#8053,.T.);
#8685=EDGE_CURVE('',#8618,#8619,#8060,.T.);
#8687=EDGE_CURVE('',#8575,#8618,#8067,.T.);
#8689=EDGE_CURVE('',#8574,#8575,#8074,.T.);
#8691=EDGE_CURVE('',#8607,#8574,#8081,.T.);
#8693=EDGE_CURVE('',#8606,#8607,#8088,.T.);
#8695=EDGE_CURVE('',#8583,#8606,#8095,.T.);
#8697=EDGE_CURVE('',#8582,#8583,#8102,.T.);
#8699=EDGE_CURVE('',#8603,#8582,#8109,.T.);
#8701=EDGE_CURVE('',#8602,#8603,#8116,.T.);
#8703=EDGE_CURVE('',#8593,#8602,#8123,.T.);
#8706=EDGE_CURVE('',#8590,#8591,#8137,.T.);
#8708=EDGE_CURVE('',#8627,#8590,#8145,.T.);
#8710=EDGE_CURVE('',#8627,#8631,#8152,.T.);
#8712=EDGE_CURVE('',#8547,#8631,#8160,.T.);
#8714=EDGE_CURVE('',#8546,#8547,#8167,.T.);
#8716=EDGE_CURVE('',#8549,#8546,#8174,.T.);
#8718=EDGE_CURVE('',#8634,#8549,#8181,.T.);
#8722=ADVANCED_FACE('',(#8721),#8668,.T.);
#8736=EDGE_CURVE('',#8603,#8611,#8188,.T.);
#8738=EDGE_CURVE('',#8610,#8611,#8252,.T.);
#8740=EDGE_CURVE('',#8602,#8610,#8449,.T.);
#8744=ADVANCED_FACE('',(#8743),#8734,.F.);
#8751=EDGE_CURVE('',#8607,#8615,#8463,.T.);
#8753=EDGE_CURVE('',#8614,#8615,#8280,.T.);
#8755=EDGE_CURVE('',#8606,#8614,#8202,.T.);
#8759=ADVANCED_FACE('',(#8758),#8749,.F.);
#8766=EDGE_CURVE('',#8619,#8623,#8491,.T.);
#8768=EDGE_CURVE('',#8622,#8623,#8308,.T.);
#8770=EDGE_CURVE('',#8618,#8622,#8477,.T.);
#8774=ADVANCED_FACE('',(#8773),#8764,.F.);
#8780=EDGE_CURVE('',#8634,#8635,#8442,.T.);
#8782=EDGE_CURVE('',#8639,#8635,#8364,.T.);
#8784=EDGE_CURVE('',#8638,#8639,#8533,.T.);
#8789=ADVANCED_FACE('',(#8788),#8779,.F.);
#8795=EDGE_CURVE('',#8642,#8643,#8519,.T.);
#8797=EDGE_CURVE('',#8647,#8643,#8336,.T.);
#8799=EDGE_CURVE('',#8646,#8647,#8505,.T.);
#8804=ADVANCED_FACE('',(#8803),#8794,.F.);
#8812=EDGE_CURVE('',#8582,#8586,#8195,.T.);
#8814=EDGE_CURVE('',#8611,#8586,#8259,.T.);
#8818=ADVANCED_FACE('',(#8817),#8809,.F.);
#8825=EDGE_CURVE('',#8583,#8587,#8209,.T.);
#8827=EDGE_CURVE('',#8586,#8587,#8266,.T.);
#8832=ADVANCED_FACE('',(#8831),#8823,.F.);
#8839=EDGE_CURVE('',#8587,#8614,#8273,.T.);
#8845=ADVANCED_FACE('',(#8844),#8837,.F.);
#8851=EDGE_CURVE('',#8630,#8626,#8216,.T.);
#8853=EDGE_CURVE('',#8626,#8596,#8224,.T.);
#8855=EDGE_CURVE('',#8596,#8597,#8231,.T.);
#8858=EDGE_CURVE('',#8599,#8610,#8245,.T.);
#8865=EDGE_CURVE('',#8615,#8578,#8287,.T.);
#8867=EDGE_CURVE('',#8578,#8579,#8294,.T.);
#8869=EDGE_CURVE('',#8579,#8622,#8301,.T.);
#8872=EDGE_CURVE('',#8623,#8570,#8315,.T.);
#8874=EDGE_CURVE('',#8570,#8571,#8322,.T.);
#8876=EDGE_CURVE('',#8571,#8647,#8329,.T.);
#8879=EDGE_CURVE('',#8643,#8562,#8343,.T.);
#8881=EDGE_CURVE('',#8562,#8563,#8350,.T.);
#8883=EDGE_CURVE('',#8563,#8639,#8357,.T.);
#8886=EDGE_CURVE('',#8635,#8555,#8371,.T.);
#8888=EDGE_CURVE('',#8555,#8552,#8378,.T.);
#8890=EDGE_CURVE('',#8552,#8553,#8385,.T.);
#8892=EDGE_CURVE('',#8553,#8630,#8393,.T.);
#8896=ADVANCED_FACE('',(#8895),#8850,.F.);
#8903=EDGE_CURVE('',#8626,#8627,#8400,.T.);
#8906=EDGE_CURVE('',#8630,#8631,#8414,.T.);
#8910=ADVANCED_FACE('',(#8909),#8901,.F.);
#8918=EDGE_CURVE('',#8590,#8596,#8407,.T.);
#8923=ADVANCED_FACE('',(#8922),#8915,.T.);
#8935=ADVANCED_FACE('',(#8934),#8928,.F.);
#8943=EDGE_CURVE('',#8547,#8553,#8421,.T.);
#8948=ADVANCED_FACE('',(#8947),#8940,.T.);
#8957=EDGE_CURVE('',#8546,#8552,#8428,.T.);
#8961=ADVANCED_FACE('',(#8960),#8953,.F.);
#8970=EDGE_CURVE('',#8549,#8555,#8435,.T.);
#8974=ADVANCED_FACE('',(#8973),#8966,.F.);
#8986=ADVANCED_FACE('',(#8985),#8979,.F.);
#8998=ADVANCED_FACE('',(#8997),#8991,.F.);
#9006=EDGE_CURVE('',#8574,#8578,#8470,.T.);
#9011=ADVANCED_FACE('',(#9010),#9003,.F.);
#9018=EDGE_CURVE('',#8575,#8579,#8484,.T.);
#9024=ADVANCED_FACE('',(#9023),#9016,.F.);
#9036=ADVANCED_FACE('',(#9035),#9029,.F.);
#9044=EDGE_CURVE('',#8566,#8570,#8498,.T.);
#9049=ADVANCED_FACE('',(#9048),#9041,.F.);
#9056=EDGE_CURVE('',#8567,#8571,#8512,.T.);
#9062=ADVANCED_FACE('',(#9061),#9054,.F.);
#9074=ADVANCED_FACE('',(#9073),#9067,.F.);
#9082=EDGE_CURVE('',#8558,#8562,#8526,.T.);
#9087=ADVANCED_FACE('',(#9086),#9079,.F.);
#9094=EDGE_CURVE('',#8559,#8563,#8540,.T.);
#9100=ADVANCED_FACE('',(#9099),#9092,.F.);
#9112=ADVANCED_FACE('',(#9111),#9105,.F.);
#9121=(LENGTH_UNIT()NAMED_UNIT(*)SI_UNIT(.MILLI.,.METRE.));
#9122=(NAMED_UNIT(*)PLANE_ANGLE_UNIT()SI_UNIT($,.RADIAN.));
#9125=(NAMED_UNIT(*)SI_UNIT($,.STERADIAN.)SOLID_ANGLE_UNIT());
#9127=(GEOMETRIC_REPRESENTATION_CONTEXT(3)GLOBAL_UNCERTAINTY_ASSIGNED_CONTEXT((
#9126))GLOBAL_UNIT_ASSIGNED_CONTEXT((#9121,#9124,#9125))REPRESENTATION_CONTEXT(
'ID2','3'));
#9131=AXIS2_PLACEMENT_3D('',#9128,#9129,#9130);
#9132=ADVANCED_BREP_SHAPE_REPRESENTATION('',(#9131,#5646,#5848,#6050,#6252,
#7380,#7582,#7784,#7986,#9114),#9127);
#9136=PRODUCT_DEFINITION('part definition','',#9135,#4493);
#9137=PRODUCT_DEFINITION_SHAPE('','SHAPE FOR FRAME-DPC0008A.',#9136);
#9138=SHAPE_ASPECT('','solid data associated with FRAME-DPC0008A',#9137,.F.);
#9139=PROPERTY_DEFINITION('',
'shape for solid data with which properties are associated',#9138);
#9140=SHAPE_REPRESENTATION('',(#9114),#9127);
#9141=SHAPE_DEFINITION_REPRESENTATION(#9139,#9140);
#9142=(LENGTH_UNIT()NAMED_UNIT(*)SI_UNIT(.MILLI.,.METRE.));
#9146=PROPERTY_DEFINITION('geometric validation property',
'area of FRAME-DPC0008A',#9138);
#9147=REPRESENTATION('surface area',(#9145),#9127);
#9148=PROPERTY_DEFINITION_REPRESENTATION(#9146,#9147);
#9149=(LENGTH_UNIT()NAMED_UNIT(*)SI_UNIT(.MILLI.,.METRE.));
#9153=PROPERTY_DEFINITION('geometric validation property',
'volume of FRAME-DPC0008A',#9138);
#9154=REPRESENTATION('volume',(#9152),#9127);
#9155=PROPERTY_DEFINITION_REPRESENTATION(#9153,#9154);
#9157=PROPERTY_DEFINITION('geometric validation property',
'centroid of FRAME-DPC0008A',#9138);
#9158=REPRESENTATION('centroid',(#9156),#9127);
#9159=PROPERTY_DEFINITION_REPRESENTATION(#9157,#9158);
#9160=(LENGTH_UNIT()NAMED_UNIT(*)SI_UNIT(.MILLI.,.METRE.));
#9164=PROPERTY_DEFINITION('geometric validation property',
'area of FRAME-DPC0008A',#9137);
#9165=REPRESENTATION('surface area',(#9163),#9127);
#9166=PROPERTY_DEFINITION_REPRESENTATION(#9164,#9165);
#9167=(LENGTH_UNIT()NAMED_UNIT(*)SI_UNIT(.MILLI.,.METRE.));
#9171=PROPERTY_DEFINITION('geometric validation property',
'volume of FRAME-DPC0008A',#9137);
#9172=REPRESENTATION('volume',(#9170),#9127);
#9173=PROPERTY_DEFINITION_REPRESENTATION(#9171,#9172);
#9175=PROPERTY_DEFINITION('geometric validation property',
'centroid of FRAME-DPC0008A',#9137);
#9176=REPRESENTATION('centroid',(#9174),#9127);
#9177=PROPERTY_DEFINITION_REPRESENTATION(#9175,#9176);
#9178=SHAPE_DEFINITION_REPRESENTATION(#9137,#9132);
#9179=PROPERTY_DEFINITION('DESCRIPTION','user defined attribute',#9136);
#9183=REPRESENTATION('',(#9182),#9127);
#9184=PROPERTY_DEFINITION_REPRESENTATION(#9179,#9183);
#9185=PROPERTY_DEFINITION('MODELED_BY','user defined attribute',#9136);
#9189=REPRESENTATION('',(#9188),#9127);
#9190=PROPERTY_DEFINITION_REPRESENTATION(#9185,#9189);
#9191=NEXT_ASSEMBLY_USAGE_OCCURRENCE('1','Next assembly relationship',
'FRAME-DPC0008A',#9259,#9136,$);
#9192=PRODUCT_DEFINITION_SHAPE('Placement #1',
'Placement of FRAME-DPC0008A with respect to DPC0008A_ASM',#9191);
#9194=PROPERTY_DEFINITION('geometric validation property',
'centroid of FRAME-DPC0008A',#9192);
#9195=REPRESENTATION('centroid',(#9193),#9127);
#9196=PROPERTY_DEFINITION_REPRESENTATION(#9194,#9195);
#9204=(LENGTH_UNIT()NAMED_UNIT(*)SI_UNIT(.MILLI.,.METRE.));
#9205=(NAMED_UNIT(*)PLANE_ANGLE_UNIT()SI_UNIT($,.RADIAN.));
#9208=(NAMED_UNIT(*)SI_UNIT($,.STERADIAN.)SOLID_ANGLE_UNIT());
#9210=(GEOMETRIC_REPRESENTATION_CONTEXT(3)GLOBAL_UNCERTAINTY_ASSIGNED_CONTEXT((
#9209))GLOBAL_UNIT_ASSIGNED_CONTEXT((#9204,#9207,#9208))REPRESENTATION_CONTEXT(
'ID3','3'));
#9214=AXIS2_PLACEMENT_3D('',#9211,#9212,#9213);
#9215=SHAPE_REPRESENTATION('',(#9214),#9210);
#9220=PRODUCT_DEFINITION('part definition','',#9219,#9216);
#9221=PRODUCT_DEFINITION_SHAPE('','SHAPE FOR PIN1-ID.',#9220);
#9222=SHAPE_DEFINITION_REPRESENTATION(#9221,#9215);
#9223=PROPERTY_DEFINITION('DESCRIPTION','user defined attribute',#9220);
#9227=REPRESENTATION('',(#9226),#9210);
#9228=PROPERTY_DEFINITION_REPRESENTATION(#9223,#9227);
#9229=PROPERTY_DEFINITION('MODELED_BY','user defined attribute',#9220);
#9233=REPRESENTATION('',(#9232),#9210);
#9234=PROPERTY_DEFINITION_REPRESENTATION(#9229,#9233);
#9235=NEXT_ASSEMBLY_USAGE_OCCURRENCE('2','Next assembly relationship','PIN1-ID',
#9259,#9220,$);
#9236=PRODUCT_DEFINITION_SHAPE('Placement #2',
'Placement of PIN1-ID with respect to DPC0008A_ASM',#9235);
#9244=(LENGTH_UNIT()NAMED_UNIT(*)SI_UNIT(.MILLI.,.METRE.));
#9245=(NAMED_UNIT(*)PLANE_ANGLE_UNIT()SI_UNIT($,.RADIAN.));
#9248=(NAMED_UNIT(*)SI_UNIT($,.STERADIAN.)SOLID_ANGLE_UNIT());
#9250=(GEOMETRIC_REPRESENTATION_CONTEXT(3)GLOBAL_UNCERTAINTY_ASSIGNED_CONTEXT((
#9249))GLOBAL_UNIT_ASSIGNED_CONTEXT((#9244,#9247,#9248))REPRESENTATION_CONTEXT(
'ID4','3'));
#9254=AXIS2_PLACEMENT_3D('',#9251,#9252,#9253);
#9259=PRODUCT_DEFINITION('part definition','',#9258,#9216);
#9260=(LENGTH_UNIT()NAMED_UNIT(*)SI_UNIT(.MILLI.,.METRE.));
#9264=PROPERTY_DEFINITION('geometric validation property',
'area of DPC0008A_ASM',#4541);
#9265=REPRESENTATION('surface area',(#9263),#9250);
#9266=PROPERTY_DEFINITION_REPRESENTATION(#9264,#9265);
#9267=(LENGTH_UNIT()NAMED_UNIT(*)SI_UNIT(.MILLI.,.METRE.));
#9271=PROPERTY_DEFINITION('geometric validation property',
'volume of DPC0008A_ASM',#4541);
#9272=REPRESENTATION('volume',(#9270),#9250);
#9273=PROPERTY_DEFINITION_REPRESENTATION(#9271,#9272);
#9275=PROPERTY_DEFINITION('geometric validation property',
'centroid of DPC0008A_ASM',#4541);
#9276=REPRESENTATION('centroid',(#9274),#9250);
#9277=PROPERTY_DEFINITION_REPRESENTATION(#9275,#9276);
#9279=PROPERTY_DEFINITION('TITLE','user defined attribute',#9259);
#9282=PROPERTY_DEFINITION('DWG_NO','user defined attribute',#9259);
#9286=REPRESENTATION('',(#9285),#9250);
#9287=PROPERTY_DEFINITION_REPRESENTATION(#9282,#9286);
#9288=PROPERTY_DEFINITION('REV','user defined attribute',#9259);
#9292=REPRESENTATION('',(#9291),#9250);
#9293=PROPERTY_DEFINITION_REPRESENTATION(#9288,#9292);
#9294=PROPERTY_DEFINITION('AUTHOR','user defined attribute',#9259);
#9298=REPRESENTATION('',(#9297),#9250);
#9299=PROPERTY_DEFINITION_REPRESENTATION(#9294,#9298);
#9300=PROPERTY_DEFINITION('DATE','user defined attribute',#9259);
#9304=REPRESENTATION('',(#9303),#9250);
#9305=PROPERTY_DEFINITION_REPRESENTATION(#9300,#9304);
#9306=PROPERTY_DEFINITION('DCHK','user defined attribute',#9259);
#9310=REPRESENTATION('',(#9309),#9250);
#9311=PROPERTY_DEFINITION_REPRESENTATION(#9306,#9310);
#9312=PROPERTY_DEFINITION('DCHK_DATE','user defined attribute',#9259);
#9316=REPRESENTATION('',(#9315),#9250);
#9317=PROPERTY_DEFINITION_REPRESENTATION(#9312,#9316);
#9318=PROPERTY_DEFINITION('ECHK','user defined attribute',#9259);
#9322=REPRESENTATION('',(#9321),#9250);
#9323=PROPERTY_DEFINITION_REPRESENTATION(#9318,#9322);
#9324=PROPERTY_DEFINITION('ECHK_DATE','user defined attribute',#9259);
#9328=REPRESENTATION('',(#9327),#9250);
#9329=PROPERTY_DEFINITION_REPRESENTATION(#9324,#9328);
#9330=PROPERTY_DEFINITION('DESG','user defined attribute',#9259);
#9334=REPRESENTATION('',(#9333),#9250);
#9335=PROPERTY_DEFINITION_REPRESENTATION(#9330,#9334);
#9336=PROPERTY_DEFINITION('TI_PACKAGE_NAME','user defined attribute',#9259);
#9340=REPRESENTATION('',(#9339),#9250);
#9341=PROPERTY_DEFINITION_REPRESENTATION(#9336,#9340);
#9342=PROPERTY_DEFINITION('INDUSTRY_NAME','user defined attribute',#9259);
#9346=REPRESENTATION('',(#9345),#9250);
#9347=PROPERTY_DEFINITION_REPRESENTATION(#9342,#9346);
#9348=PROPERTY_DEFINITION('RELEASED','user defined attribute',#9259);
#9352=REPRESENTATION('',(#9351),#9250);
#9353=PROPERTY_DEFINITION_REPRESENTATION(#9348,#9352);
#9354=PROPERTY_DEFINITION('DESIGNER','user defined attribute',#9259);
#9358=REPRESENTATION('',(#9357),#9250);
#9359=PROPERTY_DEFINITION_REPRESENTATION(#9354,#9358);
#9360=PROPERTY_DEFINITION('APPROVER','user defined attribute',#9259);
#9364=REPRESENTATION('',(#9363),#9250);
#9365=PROPERTY_DEFINITION_REPRESENTATION(#9360,#9364);
#9366=PROPERTY_DEFINITION('DES_DATE','user defined attribute',#9259);
#9370=REPRESENTATION('',(#9369),#9250);
#9371=PROPERTY_DEFINITION_REPRESENTATION(#9366,#9370);
#9372=PROPERTY_DEFINITION('APP_DATE','user defined attribute',#9259);
#9376=REPRESENTATION('',(#9375),#9250);
#9377=PROPERTY_DEFINITION_REPRESENTATION(#9372,#9376);
#9378=PROPERTY_DEFINITION('REL_DATE','user defined attribute',#9259);
#9382=REPRESENTATION('',(#9381),#9250);
#9383=PROPERTY_DEFINITION_REPRESENTATION(#9378,#9382);
#9384=PROPERTY_DEFINITION('LD_CNT','user defined attribute',#9259);
#9388=REPRESENTATION('',(#9387),#9250);
#9389=PROPERTY_DEFINITION_REPRESENTATION(#9384,#9388);
#9391=REPRESENTATION('',(#9390),#9250);
#9392=PROPERTY_DEFINITION('attribute type designation','Real Number',#9385);
#9393=PROPERTY_DEFINITION_REPRESENTATION(#9392,#9391);
#9394=PROPERTY_DEFINITION('LDNO2','user defined attribute',#9259);
#9398=REPRESENTATION('',(#9397),#9250);
#9399=PROPERTY_DEFINITION_REPRESENTATION(#9394,#9398);
#9401=REPRESENTATION('',(#9400),#9250);
#9402=PROPERTY_DEFINITION('attribute type designation','Real Number',#9395);
#9403=PROPERTY_DEFINITION_REPRESENTATION(#9402,#9401);
#9404=PROPERTY_DEFINITION('LDNO3','user defined attribute',#9259);
#9408=REPRESENTATION('',(#9407),#9250);
#9409=PROPERTY_DEFINITION_REPRESENTATION(#9404,#9408);
#9411=REPRESENTATION('',(#9410),#9250);
#9412=PROPERTY_DEFINITION('attribute type designation','Real Number',#9405);
#9413=PROPERTY_DEFINITION_REPRESENTATION(#9412,#9411);
#9414=PROPERTY_DEFINITION('LDNO4','user defined attribute',#9259);
#9418=REPRESENTATION('',(#9417),#9250);
#9419=PROPERTY_DEFINITION_REPRESENTATION(#9414,#9418);
#9421=REPRESENTATION('',(#9420),#9250);
#9422=PROPERTY_DEFINITION('attribute type designation','Real Number',#9415);
#9423=PROPERTY_DEFINITION_REPRESENTATION(#9422,#9421);
#9424=PROPERTY_DEFINITION('LDNO5','user defined attribute',#9259);
#9428=REPRESENTATION('',(#9427),#9250);
#9429=PROPERTY_DEFINITION_REPRESENTATION(#9424,#9428);
#9431=REPRESENTATION('',(#9430),#9250);
#9432=PROPERTY_DEFINITION('attribute type designation','Real Number',#9425);
#9433=PROPERTY_DEFINITION_REPRESENTATION(#9432,#9431);
#9434=PROPERTY_DEFINITION('LDNO6','user defined attribute',#9259);
#9438=REPRESENTATION('',(#9437),#9250);
#9439=PROPERTY_DEFINITION_REPRESENTATION(#9434,#9438);
#9441=REPRESENTATION('',(#9440),#9250);
#9442=PROPERTY_DEFINITION('attribute type designation','Real Number',#9435);
#9443=PROPERTY_DEFINITION_REPRESENTATION(#9442,#9441);
#9444=PROPERTY_DEFINITION('LDNO7','user defined attribute',#9259);
#9448=REPRESENTATION('',(#9447),#9250);
#9449=PROPERTY_DEFINITION_REPRESENTATION(#9444,#9448);
#9451=REPRESENTATION('',(#9450),#9250);
#9452=PROPERTY_DEFINITION('attribute type designation','Real Number',#9445);
#9453=PROPERTY_DEFINITION_REPRESENTATION(#9452,#9451);
#9454=PROPERTY_DEFINITION('LP_CNT','user defined attribute',#9259);
#9458=REPRESENTATION('',(#9457),#9250);
#9459=PROPERTY_DEFINITION_REPRESENTATION(#9454,#9458);
#9461=REPRESENTATION('',(#9460),#9250);
#9462=PROPERTY_DEFINITION('attribute type designation','Real Number',#9455);
#9463=PROPERTY_DEFINITION_REPRESENTATION(#9462,#9461);
#9464=PROPERTY_DEFINITION('LDPITCH_CNT','user defined attribute',#9259);
#9468=REPRESENTATION('',(#9467),#9250);
#9469=PROPERTY_DEFINITION_REPRESENTATION(#9464,#9468);
#9471=REPRESENTATION('',(#9470),#9250);
#9472=PROPERTY_DEFINITION('attribute type designation','Real Number',#9465);
#9473=PROPERTY_DEFINITION_REPRESENTATION(#9472,#9471);
#9474=PROPERTY_DEFINITION('LD_PITCH','user defined attribute',#9259);
#9478=REPRESENTATION('',(#9477),#9250);
#9479=PROPERTY_DEFINITION_REPRESENTATION(#9474,#9478);
#9481=REPRESENTATION('',(#9480),#9250);
#9482=PROPERTY_DEFINITION('attribute type designation','Real Number',#9475);
#9483=PROPERTY_DEFINITION_REPRESENTATION(#9482,#9481);
#9484=PROPERTY_DEFINITION('AMAX','user defined attribute',#9259);
#9488=REPRESENTATION('',(#9487),#9250);
#9489=PROPERTY_DEFINITION_REPRESENTATION(#9484,#9488);
#9491=REPRESENTATION('',(#9490),#9250);
#9492=PROPERTY_DEFINITION('attribute type designation','Real Number',#9485);
#9493=PROPERTY_DEFINITION_REPRESENTATION(#9492,#9491);
#9494=PROPERTY_DEFINITION('PKG_NAME','user defined attribute',#9259);
#9498=REPRESENTATION('',(#9497),#9250);
#9499=PROPERTY_DEFINITION_REPRESENTATION(#9494,#9498);
#9500=PROPERTY_DEFINITION('MM_YYYY','user defined attribute',#9259);
#9504=REPRESENTATION('',(#9503),#9250);
#9505=PROPERTY_DEFINITION_REPRESENTATION(#9500,#9504);
#9506=PROPERTY_DEFINITION('TPAD_NO','user defined attribute',#9259);
#9510=REPRESENTATION('',(#9509),#9250);
#9511=PROPERTY_DEFINITION_REPRESENTATION(#9506,#9510);
#9513=REPRESENTATION('',(#9512),#9250);
#9514=PROPERTY_DEFINITION('attribute type designation','Real Number',#9507);
#9515=PROPERTY_DEFINITION_REPRESENTATION(#9514,#9513);
ENDSEC;
END-ISO-10303-21;
